epoch,tr_loss,val_loss,r2,mse,rmse,mae,rmse_D,rmse_P,rmse_E,lr
0,1.6465455776254936,1.4940787331532623,0.27554842829704285,0.2170732021331787,0.46591115261729754,0.31578925251960754,0.10771052852505104,0.5790532624299942,0.012721072252078868,0.00013333333333333334
1,1.411917967018404,1.327432931479761,0.33906933665275574,0.19589337706565857,0.44259843771262747,0.29281651973724365,0.10128287647716268,0.5501746496424355,0.012508087526768408,0.0002
2,1.2591515217662939,1.1884123551643502,0.39623454213142395,0.17639987170696259,0.41999984727016576,0.2694494128227234,0.09662167899234253,0.5220386545477653,0.010274611087517465,0.0002666666666666667
3,1.1255910675691334,1.0363008864855363,0.46078023314476013,0.15317004919052124,0.3913694535736294,0.24393391609191895,0.0908576365654722,0.4863764420985262,0.00933102983941024,0.0003333333333333333
4,1.006717494247183,0.935538262633954,0.505066454410553,0.13755692541599274,0.37088667462715985,0.2259960025548935,0.08646777582119569,0.4608863220251934,0.009419662090252237,0.0004
5,0.9104880841837188,0.8296749632237321,0.5456892251968384,0.12463858723640442,0.35304190577947603,0.20915962755680084,0.08131878123993405,0.4388039265338284,0.008673497146427081,0.00046666666666666666
6,0.8368059605630143,0.7507427102428371,0.5812039971351624,0.11155989021062851,0.3340058236178353,0.1940687596797943,0.07804179529225967,0.41504021139546865,0.008173812993809267,0.0005333333333333334
7,0.7685325116909523,0.701348663386652,0.5995928645133972,0.10642929375171661,0.32623502839473967,0.18710628151893616,0.07439379065523798,0.40555325695080285,0.00866606448809716,0.0006000000000000001
8,0.7196770555303176,0.659178563093735,0.6187002658843994,0.09927799552679062,0.3150841086548013,0.17873677611351013,0.07247427511722819,0.39163320132939033,0.00874298820853486,0.0006666666666666666
9,0.6782944274452878,0.6409362180758331,0.6267092227935791,0.0977373868227005,0.31262979196279506,0.17627030611038208,0.07055650862843135,0.38870804584827984,0.007742836375690138,0.0007333333333333333
10,0.653650640180824,0.5972892929941921,0.6894927620887756,0.09142326563596725,0.30236280465025334,0.17053347826004028,0.0686297858498477,0.37590692048548563,0.007578316414519598,0.0008
11,0.6236192088833028,0.5747020896208488,0.7006261944770813,0.087811179459095,0.29632951162362314,0.1646721214056015,0.0669749430991615,0.36843214721932827,0.007413281407283647,0.0008666666666666667
12,0.6010612657243032,0.5651782978389223,0.7029125690460205,0.08711722493171692,0.29515627205214007,0.16393741965293884,0.06635079452508587,0.36700526240081416,0.007862277077330369,0.0009333333333333333
13,0.5818306729872781,0.5470620388701811,0.6675600409507751,0.08323074132204056,0.2884973852949807,0.1569557785987854,0.0654754869811729,0.3586691060392451,0.007601490969097137,0.001
14,0.5662265609038201,0.5428366751994117,0.6703189015388489,0.0818544551730156,0.28610217610674615,0.15822212398052216,0.06530186280184763,0.3556561866654951,0.008323456580555028,0.0010666666666666667
15,0.5510292827542815,0.527120753870172,0.6769995093345642,0.07912474870681763,0.2812912169030836,0.15460620820522308,0.0648347509413247,0.3496171108647344,0.008357923360202293,0.0011333333333333334
16,0.5407186880752759,0.5151793683989573,0.6826401352882385,0.07763758301734924,0.27863521496277033,0.15204721689224243,0.06403406052730243,0.3463350328978018,0.007276415792665604,0.0012000000000000001
17,0.5328750097139364,0.5188464689052711,0.6802351474761963,0.07861069589853287,0.28037599023192566,0.15362437069416046,0.06422053983727982,0.3485185986383235,0.007239425092349661,0.0012666666666666666
18,0.5186283279581733,0.5045573903342425,0.6882975101470947,0.07578900456428528,0.2752980286240446,0.14948435127735138,0.06272147470594251,0.34223640519178156,0.0077205698388469485,0.0013333333333333333
19,0.5084924972489521,0.4768034861249439,0.6989812254905701,0.0722527951002121,0.268798800406944,0.14612625539302826,0.060706994005204955,0.334204450678596,0.008197226134789766,0.0014000000000000002
20,0.49885545081242333,0.4782195116503764,0.6993505954742432,0.07204356789588928,0.2684093290030905,0.14451268315315247,0.061059342360652524,0.33368093526084025,0.007702315886053208,0.0014666666666666667
21,0.49496859465120785,0.48278746463484684,0.69838547706604,0.07191964983940125,0.2681783918204471,0.14553309977054596,0.06190030346705616,0.33331211092068025,0.0073191839039162725,0.0015333333333333332
22,0.49100331453398277,0.4852574891963248,0.6960933208465576,0.0730426236987114,0.27026398890475845,0.14760014414787292,0.06182035445611177,0.33595596307097136,0.007463970405388853,0.0016
23,0.48744899916864953,0.4824143910812119,0.6985697746276855,0.07217191904783249,0.2686483185278339,0.1473076343536377,0.061622090188024115,0.3339321140202662,0.0072013265536806075,0.0016666666666666668
24,0.4733041914748281,0.471981373378786,0.702206552028656,0.07110176235437393,0.26664913717162847,0.14482873678207397,0.06064558058981111,0.33149426738822557,0.007435402034599965,0.0017333333333333335
25,0.47195636271710123,0.47367086349907567,0.7029983997344971,0.07058915495872498,0.2656861964023065,0.1439969390630722,0.06078736550889658,0.33026386429838517,0.0075328533851832784,0.0018
26,0.46491792212800315,0.47663715431245707,0.6990888714790344,0.07272552698850632,0.26967670827957374,0.14775381982326508,0.06066511130547026,0.33531964949481,0.0070838753613250115,0.0018666666666666666
27,0.46370165612762426,0.44699289081460336,0.7117674946784973,0.06794306635856628,0.2606589080744533,0.14254245162010193,0.059197948568669355,0.3240554812120952,0.007025108619011216,0.0019333333333333333
28,0.46375491764970417,0.45389654070644053,0.7102037668228149,0.06825054436922073,0.26124805141707896,0.14298570156097412,0.05959379014932513,0.3247635870991871,0.007247937603989393,0.002
29,0.45579846973145477,0.45759923175229866,0.7089206576347351,0.0688040480017662,0.26230525728960563,0.14274412393569946,0.059597894271057245,0.3260990792548661,0.007560887801816426,0.002
30,0.4519355920146239,0.4483982834775569,0.7127824425697327,0.06711993366479874,0.2590751506123247,0.14041832089424133,0.05943650907310695,0.3220308893896728,0.007436379303227319,0.0019999917184662197
31,0.44115792480480276,0.42768606493028544,0.7224245667457581,0.0642206147313118,0.2534178658487041,0.13824693858623505,0.057554499823915535,0.31505284666495614,0.00704676450874162,0.0019999668740027362
32,0.43504158184607583,0.4413339925014367,0.7169168591499329,0.06597918272018433,0.2568641328021184,0.13748061656951904,0.05857130057699882,0.31931558013329425,0.007336102718945747,0.001999925467023118
33,0.43101361033779617,0.4297545254230499,0.7210444211959839,0.06463028490543365,0.25422487074523936,0.13769792020320892,0.05782210151096293,0.3160485023022497,0.007027504578637093,0.001999867498216637
34,0.4202739497325932,0.4232751429080963,0.7237542271614075,0.06380638480186462,0.25259925732643124,0.1364469677209854,0.057423881573553416,0.3140301080387446,0.007028920800720244,0.0019997929685482605
35,0.4164865985737827,0.40332129799713523,0.732413649559021,0.060859598219394684,0.24669738186570744,0.13234220445156097,0.0557822637238805,0.30672017663127393,0.006915848093200719,0.0019997018792586307
36,0.4054988836954007,0.4140454071053004,0.727910578250885,0.06188265234231949,0.24876224058791457,0.13333173096179962,0.05701433210077879,0.30921679989130924,0.00731453628096467,0.0019995942318640483
37,0.399542545714047,0.40228225215006685,0.735037624835968,0.059463415294885635,0.24385121548781674,0.12935680150985718,0.056051250345738365,0.3030980294803839,0.006711402895976181,0.001999470028156443
38,0.4013107326275632,0.4069150140730001,0.7319795489311218,0.06104431301355362,0.24707147349209221,0.13168500363826752,0.05596528200499941,0.3071764498301607,0.006853365607792665,0.0019993292702033473
39,0.3884735639541891,0.4129946474301613,0.7275699377059937,0.06212152540683746,0.24924190138665983,0.13349980115890503,0.05700886373568754,0.3098237597643616,0.007268165885060625,0.00199917196034786
40,0.38976996920980356,0.4008368369886431,0.7357654571533203,0.05978810787200928,0.24451606873988727,0.1297985166311264,0.05534943118195098,0.30400252986783866,0.006922832679413366,0.001998998101208608
41,0.3852340436774078,0.39301590091091093,0.738394021987915,0.058307383209466934,0.24146921793360523,0.1281096339225769,0.05516926338723044,0.30016599622448936,0.00788436512615603,0.001998807695679703
42,0.38042549433304823,0.38060332758952,0.7437930703163147,0.05678370222449303,0.23829331132974133,0.12632177770137787,0.054125024084263125,0.2962492194950107,0.006666473251396767,0.0019986007469306915
43,0.3697436279940821,0.39444178948968145,0.7364513278007507,0.05876805633306503,0.24242123738044288,0.1276441216468811,0.05579182535255301,0.3013131405321714,0.007323212604158371,0.001998377258406505
44,0.3685129953835306,0.38909938072754163,0.7392560839653015,0.05838393047451973,0.24162766909962885,0.13077299296855927,0.05486006842440895,0.3003958673106549,0.007184591908047814,0.0019981372338274002
45,0.3601081214642597,0.37584843878018653,0.744202196598053,0.05679744854569435,0.23832215286392147,0.1259603351354599,0.054093954604900706,0.29628906652341175,0.006323910679240205,0.0019978806771888975
46,0.35591465576897935,0.37398848038608745,0.7476930022239685,0.055122558027505875,0.23478193718322088,0.12097220122814178,0.05380515158524982,0.2918395980137681,0.006798434039738525,0.001997607592761716
47,0.3543758747080662,0.37237951866650987,0.7469932436943054,0.05562642961740494,0.23585255906477873,0.12318508327007294,0.05382031228321179,0.2931924601606739,0.006292737143103534,0.0019973179850917007
48,0.34974011175582054,0.36519721200910665,0.74941086769104,0.0549432672560215,0.23439980216719786,0.12241427600383759,0.05297856616531985,0.2914316033387113,0.007187945243838636,0.0019970118589997476
49,0.33963386687447294,0.3618370259212235,0.7518125176429749,0.054162219166755676,0.23272777910416212,0.12092006206512451,0.05245796808742338,0.2893661502201698,0.006867932054828218,0.001996689219581722
50,0.34197693212334845,0.3586713520147033,0.7530486583709717,0.053161606192588806,0.23056800773869043,0.11984115093946457,0.05294883133729982,0.2865907045335049,0.007141933434820292,0.0019963500722083778
51,0.34524504556756724,0.3734434762243497,0.7471590042114258,0.05585009977221489,0.23632625705201463,0.12308608740568161,0.053398716053100134,0.2938295434229359,0.006389919387765659,0.001995994422525263
52,0.3316999347008247,0.3681170793913178,0.7482717037200928,0.05494733899831772,0.23440848747073498,0.12308871746063232,0.053709985984696944,0.29137621052317486,0.006836879135314925,0.001995622276452628
53,0.3313703109310473,0.34988511063284794,0.7552594542503357,0.05279729515314102,0.22977662011862962,0.12171706557273865,0.051749426684221486,0.28569894908078186,0.007748695783802984,0.0019952336401853283
54,0.33389114379162516,0.36303096605559526,0.7529294490814209,0.05349025875329971,0.23127961162475977,0.12025544792413712,0.05289114722567409,0.28749703167336677,0.006314580049059196,0.001994828520192719
55,0.32940417492137575,0.35153399736194285,0.7542563080787659,0.05341184511780739,0.23111002816365928,0.12235135585069656,0.05199334024015538,0.28736391267465344,0.006729665505368538,0.001994406923218549
56,0.3200326534916627,0.3472540080547333,0.7582070827484131,0.05222819000482559,0.22853487699873207,0.11947020888328552,0.05138903948996108,0.28416508378196764,0.006103943571346816,0.0019939688562808475
57,0.31631379558780764,0.3451627081228515,0.7576267123222351,0.052105557173490524,0.22826641709522347,0.11873133480548859,0.05132463082957343,0.2838298308880103,0.007176546938063633,0.0019935143266718073
58,0.31695696617001134,0.3310724125575211,0.7637396454811096,0.0501386895775795,0.22391670231936583,0.11690652370452881,0.05030893331674208,0.27842565851687706,0.006503472903083574,0.001993043341957665
59,0.31520215518705075,0.33514758489899715,0.7627571225166321,0.050331342965364456,0.22434647972581262,0.11669916659593582,0.050771090976858765,0.2789270980907518,0.006414082507563724,0.0019925559099785725
60,0.3149932305528318,0.34341635794962866,0.7599340677261353,0.051153551787137985,0.2261715096716162,0.11648452281951904,0.05138005876825499,0.2811777366415125,0.006763552650528723,0.0019920520388484685
61,0.30861848889881033,0.32582629610926417,0.7674345374107361,0.048737991601228714,0.22076682631507097,0.11366056650876999,0.05001780315930829,0.2744713041396698,0.006358239001708962,0.0019915317369549423
62,0.30833998970754917,0.3329065780518419,0.7646867632865906,0.049781784415245056,0.2231183193179015,0.11515527218580246,0.05028066901383417,0.2774192814664107,0.006469237898419824,0.0019909950129590953
63,0.30365797328084615,0.3254064137147645,0.7670678496360779,0.048932746052742004,0.22120747286821485,0.11315488070249557,0.04999932422777318,0.2750300488527568,0.006293471317036794,0.001990441875795395
64,0.3006582429401824,0.3281735995058286,0.7659437656402588,0.04952695593237877,0.22254652532083885,0.11586233973503113,0.05001364611137389,0.27672139037825694,0.006112164092134396,0.001989872334671528
65,0.29657165026376614,0.3221093289932962,0.7671170830726624,0.049016986042261124,0.22139780044585158,0.11425557732582092,0.049678270398190116,0.2752993412098968,0.0064762317256969295,0.001989286399068247
66,0.29391801451808375,0.32969618677082707,0.7669460773468018,0.048686299473047256,0.22064972121679025,0.11329712718725204,0.0505317164506008,0.27427678051180165,0.005990869107497889,0.0019886840787392106
67,0.2961885598220854,0.3133232131347818,0.7736093997955322,0.046687863767147064,0.2160737461311463,0.10946254432201385,0.04862224806899219,0.2686665943377763,0.006313594224568013,0.0019880653837108233
68,0.2857606884576043,0.32793479753752885,0.7685381174087524,0.04820328578352928,0.21955246704040762,0.11410785466432571,0.049979829910834626,0.2729395419403208,0.006505681280218229,0.0019874303242820674
69,0.28885269313600487,0.32309053610947175,0.7705342769622803,0.047788355499506,0.2186054791159316,0.10979397594928741,0.0493044649907028,0.27180499074320935,0.005989061039708573,0.0019867789110243326
70,0.2869047035443459,0.31707928190797063,0.770330011844635,0.04801255837082863,0.21911768155680322,0.11233996599912643,0.049097503036811124,0.27247080904671217,0.0061289929088805,0.001986111154781238
71,0.2852482750246532,0.313708908477072,0.7717874646186829,0.04757934436202049,0.21812689967544235,0.11177744716405869,0.048694547092084046,0.2712549296603541,0.006179048350039901,0.0019854270666684547
72,0.2827090105531439,0.3106321957656893,0.7737365365028381,0.04656562581658363,0.21579069909656354,0.10969529300928116,0.048728980498436,0.2682991476648621,0.006325705853319626,0.001984726658073517
73,0.28311184422307145,0.3143792798963644,0.7727487087249756,0.047067198902368546,0.21694976124063503,0.1106594130396843,0.04868073869135605,0.2697684446795642,0.006281877841670485,0.0019840099406556364
74,0.27953704025630144,0.3187528830968728,0.7718736529350281,0.047040656208992004,0.21688858017192147,0.11110548675060272,0.04965797722464073,0.26960253118485633,0.005979165304395778,0.0019832769263455055
75,0.2760228103651381,0.3061293941938271,0.7761397957801819,0.04559614881873131,0.2135325474458901,0.10874104499816895,0.04839259698540032,0.2654754694626556,0.006416351134583464,0.0019825276273450995
76,0.26848412771059305,0.31527852052349153,0.7718667387962341,0.047655556350946426,0.21830152622221044,0.11128029227256775,0.0486463740410321,0.2714800662789686,0.006087873800557055,0.0019817620561274735
77,0.27827376888057614,0.30782471799244315,0.7756107449531555,0.04616380110383034,0.21485762984783746,0.11061344295740128,0.048211500508259106,0.2671670610295449,0.006146407515759997,0.001980980225436555
78,0.2727369462615414,0.3052547728106127,0.7775652408599854,0.04514280706644058,0.2124683672136645,0.10732533782720566,0.048177893359015934,0.26415058055169804,0.006051707026878874,0.0019801821482869314
79,0.26928204874257666,0.3039645628403809,0.7776834964752197,0.0452568419277668,0.2127365552221028,0.10753776878118515,0.048094304059588,0.26449729854776216,0.005963793625935424,0.001979367837963634
80,0.26474219065418414,0.3053894621335854,0.7775676250457764,0.045345596969127655,0.21294505622138227,0.10737857222557068,0.04799579273569415,0.26476957919853583,0.006074166065781806,0.0019785373080219155
81,0.26833956852960444,0.306888087573698,0.7753064632415771,0.046391021460294724,0.21538575036500146,0.10967593640089035,0.047957983206535035,0.2678571902570228,0.0061584273461812705,0.001977690572287026
82,0.2656614879466976,0.30268593385057935,0.7798194289207458,0.04417681321501732,0.2101828090377929,0.10578842461109161,0.04813917973703535,0.26126500552035375,0.006056291157287184,0.0019768276448539823
83,0.25974213325184997,0.2951827945850663,0.7816957831382751,0.04379197955131531,0.20926533289418797,0.10446247458457947,0.047143998778595965,0.2601953551540503,0.006556651512719473,0.001975948540087331
84,0.26468816381566834,0.308630799337969,0.7756443619728088,0.045687247067689896,0.213745753332528,0.10825277119874954,0.0485481077026353,0.2657306404975106,0.006486709029063088,0.0019750532726209146
85,0.26046191943736235,0.30396168817908076,0.7788285613059998,0.044804926961660385,0.21167174341810574,0.10633599758148193,0.04767861789154937,0.2631882364574846,0.006552325004885212,0.001974141857357622
86,0.25926894764345576,0.3031256825236951,0.7775797247886658,0.04540303722023964,0.2130798845978654,0.1076597273349762,0.047602164149336455,0.2649748784204703,0.006442157185696648,0.0019732143094691444
87,0.25804323799840634,0.30611059726294826,0.7770165801048279,0.04492802917957306,0.21196232962385805,0.10569535940885544,0.04847819585684336,0.263481891145543,0.006907815080263828,0.0019722706443957216
88,0.25314187494829704,0.2970863219539998,0.7816519141197205,0.043373607099056244,0.20826331193721145,0.103166364133358,0.04780555722607681,0.25886841043367914,0.006475089039321095,0.0019713108778458845
89,0.25586116719101853,0.28606462099794616,0.7851257920265198,0.04281795024871826,0.20692498700910497,0.10484087467193604,0.04627319548877042,0.257316661629647,0.0063544724506283,0.0019703350257961943
90,0.2552019398198027,0.29210717066869896,0.7821897268295288,0.04384494945406914,0.20939185622671463,0.10566946864128113,0.046816108385967864,0.26038549077660317,0.006175155123097902,0.0019693431044909755
91,0.24854348725962855,0.2915986440444397,0.7832710146903992,0.04331248253583908,0.208116511925025,0.10494241118431091,0.04666517652631253,0.25878632741958274,0.006777300603486008,0.0019683351304420477
92,0.25198863982434,0.2891812693264525,0.7837871313095093,0.04313945397734642,0.2077003947452831,0.10421085357666016,0.046709658167064884,0.25825732321663564,0.006290127820121052,0.0019673111204284474
93,0.2504032127266564,0.28916485102499945,0.7839834094047546,0.043079037219285965,0.20755490169901064,0.10554420948028564,0.04678327058981464,0.2580667888915969,0.006285699468943919,0.001966271091496152
94,0.24503176850674735,0.3195039470822124,0.7708609104156494,0.04726153612136841,0.21739718517351692,0.1087561622262001,0.04944561565328538,0.2702630791661932,0.0070644776630377545,0.001965215060957794
95,0.24328446257690647,0.2956798541343818,0.7814207673072815,0.04391442984342575,0.20955770051092312,0.10585460066795349,0.047287612620401605,0.26055224068534133,0.006329479751804383,0.001964143046392374
96,0.24257786513455323,0.2996827750387838,0.7809094786643982,0.04392566904425621,0.20958451527786162,0.104514479637146,0.04765164448809567,0.2605532701156426,0.0061510272334661725,0.0019630550656449665
97,0.24470318975405392,0.29576477383152916,0.783176839351654,0.04288965091109276,0.20709816732915035,0.10360080748796463,0.04771441150677178,0.25740438005333866,0.006110497593963701,0.0019619511368264243
98,0.24364667851759228,0.2965953622834157,0.7822790145874023,0.04348986968398094,0.20854224915824837,0.10422949492931366,0.04745274137439855,0.2592540953247409,0.006099969608670914,0.0019608312783130776
99,0.2421170709896664,0.2755874392844863,0.790048360824585,0.040802519768476486,0.20199633602735592,0.10040435194969177,0.04562254939127929,0.2511460292445689,0.0067011612717752505,0.0019596955087464248
100,0.23817747241600762,0.2873671418529446,0.7832155227661133,0.043223146349191666,0.20790177091403447,0.10447465628385544,0.04683421516353639,0.2585001790610529,0.006508823227095172,0.0019585438470328268
101,0.2428418234485874,0.29218997440095673,0.7837677597999573,0.042848553508520126,0.20699892151535507,0.10356455296278,0.04704255466822177,0.257339723181473,0.0067051096174472555,0.001957376312343188
102,0.23909827823725352,0.28713445895809236,0.7854602336883545,0.04227658733725548,0.2056127120030653,0.10213229805231094,0.04649513274418074,0.2556370795970353,0.006908648185286756,0.001956192924112641
103,0.2367107741692275,0.2864025002818997,0.7848487496376038,0.04273497685790062,0.20672439831306952,0.10251739621162415,0.04665905664137485,0.2570289205891994,0.005994816779146598,0.0019549937020402197
104,0.23817214243721746,0.2819058786509401,0.7880268692970276,0.041579339653253555,0.20391012641174433,0.1023252084851265,0.04628404497565054,0.2535059487681288,0.006017796776846133,0.001953778666088533
105,0.23430311936446188,0.2813320513498985,0.7896221280097961,0.040910735726356506,0.20226402479520797,0.10064385086297989,0.045979560018621905,0.2514528142033157,0.00617274097917424,0.0019525478364834333
106,0.2330041265289589,0.27965838777816904,0.7890509963035583,0.041127290576696396,0.2027986454015322,0.10011685639619827,0.045995247482808234,0.2521269885927075,0.0062512140240491105,0.0019513012337136779
107,0.23454857336250318,0.28013345397124856,0.7893967032432556,0.040626540780067444,0.20156026587615786,0.09848132729530334,0.0461732898413087,0.2505444915344089,0.0066715502658005795,0.001950038878530589
108,0.22858592084527377,0.2683815127712185,0.7917895913124084,0.04036976397037506,0.20092228340922033,0.10056609660387039,0.045194804836610245,0.24982852568532538,0.0060578389483880056,0.0019487607919477098
109,0.23070931997364022,0.2731714160260508,0.7918806076049805,0.03992757573723793,0.19981885731141075,0.09959893673658371,0.0456422111507578,0.2483920376645032,0.006612483926633792,0.0019474669952404505
110,0.23575023023743644,0.2710199532872539,0.7917595505714417,0.04036453366279602,0.20090926723970703,0.10056369006633759,0.04529482542001951,0.24980342855725313,0.005811795195253709,0.0019461575099457384
111,0.23042724180257573,0.28088620128267905,0.7870716452598572,0.04201240837574005,0.20496928642052703,0.10085359215736389,0.045939067348353985,0.25487486143608873,0.0065862300444651,0.0019448323578616575
112,0.22922794187717208,0.27371195185992675,0.7898906469345093,0.04109836369752884,0.20272731364453295,0.1003023162484169,0.045380349272325184,0.2520923525534007,0.006368752187469615,0.0019434915610470854
113,0.2271091834475987,0.2788481939647157,0.7884836792945862,0.04126066714525223,0.20312721911465295,0.10045921802520752,0.04600085084049888,0.25254111469848145,0.00662662655770301,0.0019421351418213272
114,0.22156030506886024,0.27129265564983174,0.7916004657745361,0.04030391573905945,0.20075835160475752,0.09925179928541183,0.04536183154727083,0.2496060083129402,0.006168729067191429,0.0019407631227637426
115,0.2266905569327922,0.26966249210349585,0.7942270040512085,0.039441466331481934,0.198598757124716,0.09730355441570282,0.04504425803388677,0.24690600725603065,0.005778846473674452,0.0019393755267133712
116,0.22200822465549422,0.27507018689381874,0.7919294834136963,0.04007302224636078,0.20018247237548242,0.09788722544908524,0.04569475655683042,0.24884800434799284,0.0059832812187348705,0.001937972376768552
117,0.22761619991406212,0.28280017209255087,0.7888772487640381,0.04133123531937599,0.20330084928345968,0.099935382604599,0.04605393245715495,0.25275739302609374,0.00567715712242428,0.0019365536962865386
118,0.22329740856529362,0.27118389687295685,0.7937276363372803,0.03915216401219368,0.19786905774323,0.0965876653790474,0.045789058197644804,0.24591471956748617,0.00587140836974382,0.0019351195088831105
119,0.2192590777337371,0.2801890853097883,0.7892245650291443,0.040894173085689545,0.2022230775299633,0.1001499816775322,0.046305454747881614,0.25137103655046017,0.006243487465420626,0.0019336698384321799
120,0.21964092039449698,0.2649797042042522,0.7955296039581299,0.03890271857380867,0.19723772097093564,0.09732744842767715,0.04474755860473917,0.2452121034117379,0.0061480320309381855,0.0019322047090653952
121,0.21834155998201168,0.2757788691985405,0.7895039916038513,0.040809568017721176,0.20201378175194182,0.0990157350897789,0.04581965370794075,0.25115028632662395,0.006623222743648542,0.0019307241451717375
122,0.22344482237658833,0.27493916426674797,0.7903462052345276,0.04051446169614792,0.20128204514101083,0.09834091365337372,0.04587376722880426,0.25022084197466565,0.0063820597797983195,0.0019292281713971162
123,0.21446553556940706,0.2720534973225351,0.7917524576187134,0.03991539776325226,0.19978838245316533,0.09876163303852081,0.04583373734492994,0.2483363002414786,0.006383966252349617,0.0019277168126439583
124,0.2208418355877666,0.26995389340287546,0.7947933673858643,0.03880837559700012,0.196998415214438,0.09627263247966766,0.04559939444072137,0.24483167121904922,0.005783182334516297,0.0019261900940707936
125,0.21741698713821228,0.27772778878777715,0.7914888858795166,0.04008159413933754,0.20020388142925086,0.09754006564617157,0.04600834116500009,0.24884641002261837,0.005848619528760298,0.0019246480410918363
126,0.21429638767170403,0.2668773446042659,0.7967259883880615,0.03809526935219765,0.19518009466182162,0.0947049930691719,0.04518630371135961,0.24257069697655673,0.005973509589437091,0.0019230906793765606
127,0.2139277078233817,0.26919425594604623,0.7952638864517212,0.03866566717624664,0.1966358745912013,0.09614255279302597,0.04544866118931291,0.24438678538643466,0.006088859126767082,0.001921518034849276
128,0.21337221882494556,0.2718154489994049,0.7933698892593384,0.03965960815548897,0.19914720222862525,0.09726805984973907,0.04529629553239664,0.24757594361913637,0.005933730328586929,0.0019199301336886936
129,0.2126145171975081,0.2777091878450523,0.7914352416992188,0.039883892983198166,0.1997095215136178,0.09734005481004715,0.04615436635486964,0.2482074608212459,0.006074780233821514,0.0019183270023274907
130,0.21348195160623765,0.2776908169863588,0.788848876953125,0.04114173725247383,0.20283426054903503,0.10142180323600769,0.04622817300109238,0.2521511748480748,0.005991160278681297,0.0019167086674518716
131,0.2122634245459767,0.2677703787714748,0.7933172583580017,0.039392199367284775,0.19847468193017662,0.09746839851140976,0.04538832416546512,0.2467167325870494,0.00629818100016975,0.0019150751560011226
132,0.21503098975315554,0.2658419207496158,0.7954004406929016,0.038590189069509506,0.1964438572964538,0.09620347619056702,0.045140700075959245,0.24417173568869055,0.006531705576437726,0.0019134264951671635
133,0.20702272171880542,0.2541878114817506,0.7999347448348999,0.03714165836572647,0.19272171223224038,0.09316342324018478,0.04411396539163175,0.23956130106143514,0.006290341521714005,0.0019117627123940962
134,0.20885311341717885,0.26897060744843243,0.7927132248878479,0.03985192999243736,0.19962948177169965,0.09740830212831497,0.04516538155600377,0.24819660173392472,0.006433848267130955,0.0019100838353777458
135,0.2125938640980562,0.2678987224728374,0.7939023375511169,0.03921994939446449,0.1980402721530762,0.0961645096540451,0.04508944283800995,0.24619444043636288,0.006603719439435056,0.0019083898920652014
136,0.20711763909936312,0.25262522470142884,0.798919677734375,0.03766569122672081,0.19407650869366136,0.09540899097919464,0.04367211244122782,0.24131301696749632,0.006847919772364588,0.00190668091065435
137,0.20837530394695317,0.2640875585503497,0.7960558533668518,0.03852619230747223,0.19628090153520344,0.09443154186010361,0.04502054449169996,0.24397798079712052,0.005893640301765221,0.0019049569195934068
138,0.20442303718036756,0.26244336442422056,0.7958683371543884,0.03873497247695923,0.19681202320224045,0.09636776894330978,0.04477103190282241,0.2446714581240513,0.006369147461636292,0.0019032179475804434
139,0.20458290921777397,0.26882951012102224,0.7963067889213562,0.03819495812058449,0.19543530418167668,0.09429602324962616,0.0452674988586585,0.24288560634518977,0.006103523969644564,0.001901464023562907
140,0.20565203354437905,0.2628768866850158,0.7959529757499695,0.038654375821352005,0.19660716116497895,0.09485268592834473,0.04503789463084056,0.24438940724053068,0.005549036760328641,0.0018996951767371424
141,0.20532800414771113,0.26537445642180363,0.793535053730011,0.03942350298166275,0.19855352674194118,0.09652109444141388,0.0452195906567547,0.2468315448421444,0.006488528405748703,0.0018979114365479017
142,0.20755374868290663,0.2688693661810988,0.7943153977394104,0.039229441434144974,0.19806423562608413,0.09639915823936462,0.04500753073131506,0.24623266719436712,0.006367475661367706,0.001896112832687858
143,0.20710265091718863,0.26711291857695174,0.7947669625282288,0.039115238934755325,0.19777572888187095,0.09624187648296356,0.04506172563245302,0.24586345099509072,0.0061396927369684025,0.0018942993950971097
144,0.19911641355187512,0.27473535098261753,0.789508581161499,0.040478888899087906,0.20119366018611995,0.09872517734766006,0.046199097910347486,0.2500774740337562,0.007262927639883129,0.0018924711539626807
145,0.20389807494385365,0.26160869583234947,0.795997679233551,0.038841623812913895,0.19708278416166616,0.09538063406944275,0.04455462415343866,0.24503426840087886,0.005897441471137684,0.001890628139718019
146,0.20305494851576236,0.259743440201727,0.7973448038101196,0.03814326971769333,0.1953030202472387,0.09564492851495743,0.044392333418939396,0.2427980740384578,0.006669693542540489,0.001888770383042492
147,0.20240724793553713,0.2597082719459372,0.7977340817451477,0.038166556507349014,0.19536262822594555,0.09362731128931046,0.04417110425718932,0.24289454802065544,0.006166244854765362,0.0018868979148608724
148,0.19840726981170229,0.2592974348088442,0.7974874377250671,0.03803304210305214,0.19502061968687348,0.09460765868425369,0.044622013907907945,0.24242081478721791,0.00626348025687096,0.001885010766342825
149,0.19546166336968587,0.25964222520084707,0.7982456684112549,0.03787030279636383,0.19460293624805314,0.09383805096149445,0.04446453809042448,0.24190796594192257,0.005874886445396321,0.0018831089689023896
150,0.19809262913699596,0.26082889483136645,0.7963130474090576,0.038470640778541565,0.19613934021134455,0.09523217380046844,0.04486143410217716,0.24381357030381803,0.0059545457063347445,0.001881192554197454
151,0.2008745609993661,0.2558220938100653,0.7992053627967834,0.03760307654738426,0.1939151271752265,0.09269294887781143,0.04392356069319633,0.2410875151391083,0.006170501586824257,0.0018792615541292316
152,0.19986182923943616,0.25315834859670217,0.8009100556373596,0.03691905364394188,0.19214331537667886,0.09411793202161789,0.04392797074939772,0.23884759886576634,0.006089624750778768,0.001877316000841726
153,0.20208366066667607,0.2602107625896648,0.7967569828033447,0.03783794865012169,0.19451978986756513,0.09231895953416824,0.044726436419080244,0.24177583193073282,0.007341076900674989,0.0018753559267211996
154,0.1928144801419307,0.25527674894211655,0.796882688999176,0.03851281479001045,0.1962468210952994,0.09468989074230194,0.04395702788701185,0.24403069119139703,0.006536622347891803,0.0018733813643956316
155,0.19424953768620679,0.251653949082908,0.8014678359031677,0.03676201030611992,0.19173421788016848,0.09322681277990341,0.04368832868319132,0.23835215529789142,0.006242889894618608,0.0018713923467341784
156,0.1962472012666057,0.2617343419184119,0.7970632910728455,0.038285188376903534,0.19566601231921588,0.09332860261201859,0.0446181864562343,0.2432378327638583,0.005798529634381208,0.0018693889068466215
157,0.19596527570864225,0.25088062604605144,0.8008312582969666,0.037180345505476,0.1928220565844997,0.093714639544487,0.043761915740635794,0.2397215261516163,0.005668427385057488,0.0018673710780828213
158,0.19876471089812564,0.24879498577724068,0.8014926314353943,0.036829326301813126,0.19190968266821018,0.09410882741212845,0.043491450352243735,0.23859214043964314,0.00614318591827021,0.001865338894032158
159,0.19216677334913673,0.2572667070869672,0.798920214176178,0.03741554170846939,0.19343097401520107,0.09141269326210022,0.044396780819671154,0.24043148762132094,0.006495153925741891,0.0018632923885229756
160,0.19177061729020584,0.25937708378848384,0.7966013550758362,0.038452718406915665,0.1960936470335428,0.09399649500846863,0.04430218537775045,0.2438059687547617,0.006491571055618015,0.001861231595622017
161,0.19370169744030585,0.26650936851056956,0.7944006323814392,0.039247509092092514,0.19810984097740453,0.09674233943223953,0.04497840941647387,0.2462932292879196,0.006231539756684373,0.0018591565496338567
162,0.19599855693445464,0.2510300637301752,0.8018808960914612,0.03648221492767334,0.1910031804124563,0.09136629849672318,0.04361119144026541,0.2374349715275701,0.006329725172738777,0.001857067285100331
163,0.19296469987339124,0.25167895929288053,0.8010377883911133,0.037058115005493164,0.19250484410916305,0.09226357936859131,0.043761170879105644,0.23932081677522518,0.0055547444762362305,0.001854963836799962
164,0.19312266033041514,0.25003963304778276,0.8025198578834534,0.036264095455408096,0.1904313405283072,0.09213552623987198,0.043840513837088646,0.23669177049542048,0.005860145773955031,0.0018528462397473793
165,0.19119441671313836,0.25603398857480386,0.7996931076049805,0.03704118728637695,0.19246087209190588,0.09149877727031708,0.04450601136515646,0.2391957182981228,0.006031364514027816,0.0018507145291927363
166,0.18723476045621487,0.24962280135033493,0.8022825121879578,0.0363062284886837,0.1905419336751984,0.09145364165306091,0.04378614210042798,0.23683607668638976,0.006153433637925532,0.001848568740621125
167,0.18865643248097053,0.24572798104609472,0.8042661547660828,0.035744305700063705,0.1890616452379057,0.08889689296483994,0.04332325871383888,0.2350083139272872,0.005632846813301585,0.0018464089097519835
168,0.19045274544878668,0.2518618152303211,0.8018366098403931,0.03619982302188873,0.1902625108156852,0.08995982259511948,0.04391199676951575,0.23647034519343618,0.0065639806332022654,0.0018442350725385022
169,0.18707478681179693,0.25208639997546956,0.8023982644081116,0.036117568612098694,0.19004622756608114,0.09094437956809998,0.04404052248629665,0.23618564566827896,0.006189838266438711,0.0018420472651670254
170,0.18943523901466877,0.25304005635996996,0.8009396195411682,0.03651491925120354,0.1910887732212532,0.09074477106332779,0.044002621422832906,0.2375060902617745,0.006833483956027384,0.001839845524056449
171,0.18234977724869086,0.24475888023942205,0.8043365478515625,0.03581550344824791,0.18924984398473862,0.0904218778014183,0.0429793840492644,0.2352772037281293,0.005962347419869424,0.0018376298858576137
172,0.18362574432371606,0.2519214989270194,0.8009412884712219,0.03666900470852852,0.1914915264666521,0.09210378676652908,0.04401380843409447,0.23801515135601814,0.006377233488406375,0.001835400387452696
173,0.18924402843969465,0.25251712283845673,0.8012201189994812,0.0367523692548275,0.191709074523945,0.09061288088560104,0.043770208119474345,0.2383135007701703,0.005906468991092152,0.0018331570659545927
174,0.18297229013954405,0.247301590139583,0.8037828803062439,0.03565967455506325,0.18883769368180509,0.08930214494466782,0.04329468238725782,0.23472577707353184,0.0067142516264522304,0.001830899958706305
175,0.18343460951506912,0.24700480472233335,0.8043621182441711,0.03542443737387657,0.18821380760687184,0.08815876394510269,0.04341640073181659,0.2339264073474586,0.006385890670688054,0.0018286291032803147
176,0.18743088062616273,0.2514394988953057,0.801198422908783,0.036807022988796234,0.19185156498917655,0.09181782603263855,0.04379792664364592,0.2384904896436439,0.006222171466521515,0.00182634453747796
177,0.18416633742813618,0.24406596437349157,0.8039518594741821,0.035671889781951904,0.18887003410269165,0.09028217196464539,0.04325465834678677,0.23477098868236254,0.006402134663365467,0.0018240462993288071
178,0.1805522955076212,0.24078613772230634,0.8046085238456726,0.03569415956735611,0.18892898022102408,0.09024100005626678,0.04270429128082912,0.23489581098929987,0.006427959869325412,0.001821734427090015
179,0.1826078189463774,0.25848416883056446,0.7977098822593689,0.037786755710840225,0.1943881573317681,0.09190463274717331,0.044367715185566994,0.24164302442403396,0.007084597386668709,0.0018194089592457007
180,0.17978810750825888,0.24517050360218953,0.803592324256897,0.03565658628940582,0.1888295164676482,0.08956069499254227,0.04349466499864908,0.2346973030973779,0.006545451390706747,0.0018170699345062971
181,0.1858752940266514,0.2481805785732754,0.8034875988960266,0.036015834659338,0.1897783830138143,0.08966163545846939,0.04342700558542641,0.23590451098331824,0.005830764146579538,0.0018147173918079094
182,0.18064666906332322,0.249530017123384,0.8030137419700623,0.035942260175943375,0.18958444075383238,0.09002015739679337,0.04364155453599578,0.2356387084292111,0.006259422468585649,0.0018123513703116679
183,0.18079567378741376,0.24361276222487627,0.8062587976455688,0.03461049869656563,0.18603897090815577,0.08682326972484589,0.04325606188591277,0.23119183433875293,0.0061659525113256005,0.0018099719094030729
184,0.18154158661552786,0.2514605787345919,0.8015813827514648,0.036580298095941544,0.19125976601455294,0.0910368487238884,0.04393136942391425,0.23773042925651283,0.006016601186819488,0.0018075790486913423
185,0.17844531646848086,0.24256908565254534,0.805401086807251,0.03509533032774925,0.18733747710415355,0.08874697238206863,0.04303375523426459,0.23285352070302912,0.006580738388041649,0.0018051728280087517
186,0.18021794811476394,0.2534035782692796,0.8007694482803345,0.03672948479652405,0.19164937984904634,0.09089109301567078,0.04414532760871939,0.23820280910181985,0.0062336442956200085,0.0018027532874099702
187,0.17851626593900952,0.2456495590129141,0.8047664165496826,0.035580139607191086,0.18862698536315287,0.0889669731259346,0.042988695316409004,0.23448862659318534,0.006169267775975768,0.0018003204671713936
188,0.17769211238064433,0.25220452930967685,0.8024265766143799,0.03631294146180153,0.19055954833542593,0.09046617150306702,0.04353432665882038,0.23688127081630314,0.006301086066360099,0.0017978744077904755
189,0.17645590133357264,0.24190275825686375,0.8048408031463623,0.035493023693561554,0.1883959227094938,0.08869956433773041,0.0430594740908867,0.2341903515472365,0.005995686641309527,0.001795415149985052
190,0.1786920269360355,0.25320547314013464,0.8007689118385315,0.03680247440934181,0.19183971019927498,0.09072155505418777,0.04408247654858539,0.23844953754081843,0.006085594809476402,0.001792942734692664
191,0.17809768597344977,0.24210938129384638,0.8071828484535217,0.03469172865152359,0.186257157316232,0.08703870326280594,0.04264197669240436,0.23152538314833354,0.005798010440303754,0.0017904572030698752
192,0.1787232753013196,0.2431831824577461,0.8060863018035889,0.03490445390343666,0.18682733714164174,0.08730786293745041,0.04292710816953976,0.23221899041101923,0.006296121723726717,0.0017879585964915888
193,0.1785389391137034,0.255474319902517,0.7991283535957336,0.03752022609114647,0.19370138381319446,0.09217093139886856,0.04428120566388093,0.24078530817492294,0.005773302343494649,0.0017854469565503571
194,0.176350868900737,0.258622351844432,0.7969505786895752,0.03790634498000145,0.1946955186438595,0.09248029440641403,0.04492660684127989,0.24198087984503053,0.0066609038373172365,0.0017829223250556898
195,0.17604431618016292,0.25150978085348163,0.8020976781845093,0.03605865314602852,0.18989116131623535,0.08947727084159851,0.04404755857070182,0.2359884437609854,0.006438236310001591,0.0017803847440333578
196,0.17920123540382732,0.24369691716412367,0.8066921234130859,0.03461367264389992,0.18604750104180362,0.08683706820011139,0.04323737076076325,0.23120485361263438,0.005904298050412153,0.0017778342557246932
197,0.17688709925128615,0.25141245151980446,0.8022517561912537,0.03587967902421951,0.18941932062020367,0.08863142132759094,0.04387968381522003,0.23540606204062994,0.007132246042653494,0.001775270902585887
198,0.17786401622785183,0.2501976957260552,0.8028884530067444,0.03581685945391655,0.1892534265315071,0.08846359699964523,0.04383068898082442,0.235202116627864,0.006510354516110199,0.0017726947272872831
199,0.17101973403256465,0.24606803539445846,0.8041772842407227,0.035875145345926285,0.18940735293521813,0.0884815976023674,0.04278657370740605,0.23549316230341588,0.006324342694950722,0.0017701057727126652
200,0.17417214293134176,0.23956222478616035,0.8070204257965088,0.034511201083660126,0.18577190606671432,0.08631168305873871,0.04278488267337261,0.23089760142733057,0.006375011145931001,0.0017675040819585457
201,0.17481914225661863,0.23868529498577118,0.8075613379478455,0.034641083329916,0.18612115229042614,0.08667207509279251,0.042392655023023085,0.2313765814086726,0.005667557683614914,0.0017648896983334468
202,0.17534572372263652,0.2478896429983236,0.8044844269752502,0.035457078367471695,0.18830050017849578,0.08800018578767776,0.04341416977681554,0.2340366543937777,0.0061547805652011145,0.00176226266535718
203,0.172741937380723,0.23493640932996393,0.808009684085846,0.034065742045640945,0.18456907120544586,0.08622248470783234,0.04237863238767704,0.22941338829852104,0.0068994463328769726,0.0017596230267601224
204,0.17326816277201443,0.2524191704341921,0.8013637661933899,0.036716803908348083,0.19161629343129483,0.08967170119285583,0.04378841791010312,0.23819468442301128,0.005813039167022039,0.0017569708264824873
205,0.17101707572843372,0.24478038488808324,0.8054632544517517,0.0352562814950943,0.18776656117395957,0.08874618262052536,0.043207525200378884,0.23338160593800436,0.005684616696397529,0.001754306108673593
206,0.17006551161453443,0.24451394379138947,0.8055050373077393,0.034954510629177094,0.1869612543528126,0.087196946144104,0.04303400817060592,0.23237760907668625,0.006693866045985922,0.00175162891769113
207,0.1691370615426147,0.2393151632810043,0.8078660368919373,0.03434637561440468,0.18532775187328174,0.08696052432060242,0.04250491880122835,0.23036232608606652,0.006194316061973709,0.0017489392981004188
208,0.1683880204610594,0.2474978091353077,0.8044475317001343,0.03548603132367134,0.1883773641488577,0.08861038088798523,0.04336818442335275,0.23413826589633718,0.0060756805620030335,0.001746237294673673
209,0.16596004877835963,0.24026299204866766,0.8068243265151978,0.034669727087020874,0.18619808561588616,0.08612717688083649,0.04253638905845788,0.23145921077928203,0.0064341428565412645,0.0017435229523892486
210,0.1714444352240721,0.24375285081944223,0.8050838708877563,0.03514186665415764,0.18746164048721445,0.08766311407089233,0.04337722570890264,0.23297941029986832,0.006189094738189669,0.001740796316430899
211,0.1681446407856898,0.2442962628299907,0.8051536083221436,0.035185154527425766,0.18757706290329254,0.08811645954847336,0.04332101086947072,0.23313037689696733,0.006297330969487785,0.0017380574321870228
212,0.17301761707870622,0.24606491473771758,0.8039172887802124,0.03563069924712181,0.18876095795243733,0.08784720301628113,0.04323325512455522,0.23463481965802302,0.006524083977152357,0.0017353063452499053
213,0.1691864623584056,0.25083454988770565,0.8025140166282654,0.03588135540485382,0.1894237456203784,0.08870740234851837,0.04406784115497484,0.235395791420895,0.006292941217366696,0.0017325431014149624
214,0.16876507602249388,0.24664209303209336,0.8043912649154663,0.03553666174411774,0.1885117018758192,0.08812583982944489,0.0433196752749014,0.23431270884211755,0.006001483308620785,0.0017297677466799775
215,0.16515996187835302,0.23689147728984639,0.8085129261016846,0.03426925837993622,0.18511957859701447,0.08602003753185272,0.04223277512528624,0.23012486357117629,0.005842011461151693,0.001726980327244336
216,0.16557731234054912,0.2420686013617758,0.8057546615600586,0.03519999608397484,0.18761661995669476,0.08786558359861374,0.04287699906381431,0.23322171340034928,0.006139034988614319,0.0017241808895082547
217,0.16914341736055932,0.235913163272001,0.8093252778053284,0.03379984200000763,0.1838473334046693,0.08537591248750687,0.0424396164995548,0.2284971702492285,0.0059445934329187804,0.0017213694800720116
218,0.1697056170586733,0.25075272306547325,0.8036922216415405,0.03519589081406593,0.18760567905600814,0.08659178018569946,0.044264868668707234,0.2330777746720765,0.006355844887516847,0.0017185461457351686
219,0.16712259555241132,0.2361916977975328,0.8094842433929443,0.0338594876229763,0.18400947699229053,0.08542860299348831,0.04220903622870888,0.22872347223217973,0.005959238155096515,0.0017157109334957942
220,0.16713424121505185,0.24493594972764032,0.8062910437583923,0.035049568861722946,0.18721530082160204,0.08745741099119186,0.0431133810964833,0.23269392168424421,0.005359208098987093,0.0017128638905496787
221,0.16384532615497394,0.23236279492661105,0.8108802437782288,0.03318856656551361,0.18217729431933502,0.0840088427066803,0.04201577738253353,0.2264248413313876,0.0060143683796161085,0.0017100050642895501
222,0.16570131791322254,0.239632631509991,0.807060956954956,0.03434149548411369,0.18531458518992425,0.086200051009655,0.04315824609724896,0.23028486804239784,0.00622035664768017,0.001707134502304286
223,0.16638588648728372,0.24392273365441014,0.8039939999580383,0.0355398952960968,0.18852027820926004,0.08749324828386307,0.043350699078690075,0.23431962471694645,0.00656651742455711,0.0017042522523781193
224,0.16756308416405474,0.24135249019679378,0.8076603412628174,0.03388454020023346,0.18407753855436426,0.08433684706687927,0.043022709799126764,0.2287318356134126,0.006898538814647309,0.001701358362489844
225,0.1609998737937374,0.23843939652887441,0.8085046410560608,0.03407199680805206,0.1845860146599738,0.0854807123541832,0.042611718213646274,0.22941509331683185,0.005970539580619907,0.001698452880812017
226,0.1603769865956191,0.2418414414939234,0.8059329390525818,0.034736331552267075,0.18637685358506048,0.08646024763584137,0.043176038567267976,0.23162581250078595,0.006553339590024609,0.0016955358557101553
227,0.160876449546425,0.23450319923586765,0.809181809425354,0.03374754637479782,0.1837050526654012,0.08489406853914261,0.042478596985895276,0.228313511534235,0.006019337543565593,0.0016926073357419306
228,0.16187471083824007,0.24035594119863996,0.8073301315307617,0.03444606065750122,0.18559649958310426,0.08574099093675613,0.042747014846540934,0.23067945611479423,0.006318225283393795,0.0016896673696563621
229,0.1642278584558798,0.2414217159404593,0.8062401413917542,0.034820254892110825,0.1866018619738582,0.0858016312122345,0.04304883683947348,0.23192324966653433,0.005975244127260483,0.001686716006393005
230,0.1584796813679606,0.23561334407935708,0.8096110820770264,0.03358161821961403,0.1832528805220099,0.08473461121320724,0.04253493850814126,0.2277366288009798,0.005954175148627771,0.0016837532950811343
231,0.15951221413752822,0.2496499702081842,0.8029541373252869,0.03550823777914047,0.18843629634213382,0.08680911362171173,0.044499157647634895,0.23410691187548832,0.005945535197227354,0.0016807792850389292
232,0.15824166579549045,0.2366810347569191,0.8082122206687927,0.03419208899140358,0.18491102993440814,0.08503007888793945,0.04252780545988702,0.22983364107630264,0.006053779133983171,0.0016777940257726492
233,0.16197556261749788,0.24129003968279242,0.8069101572036743,0.03449892997741699,0.1857388757837653,0.08513546735048294,0.04293558482647499,0.23084171472893925,0.006450768407132422,0.0016747975669758142
234,0.16303185758453842,0.23294947889901824,0.8103916049003601,0.033077798783779144,0.18187302929180882,0.08320698887109756,0.04251732816582826,0.22599276070003338,0.006268712456177212,0.0016717899585283718
235,0.16165033739138945,0.23716857372704198,0.8086388111114502,0.03374936059117317,0.18370999045009276,0.0847058966755867,0.042741721677237686,0.22829434693435174,0.006451895383819372,0.0016687712504958728
236,0.15841844047664516,0.23974207195185,0.8074740767478943,0.03441829979419708,0.1855216962896714,0.08568084239959717,0.04277501674898203,0.23058286363354863,0.0060188821245573485,0.0016657414931286337
237,0.15864036977291107,0.24743744781461813,0.8040063381195068,0.035187844187021255,0.18758423224520032,0.08604967594146729,0.04373643427449107,0.2330991749738865,0.007027096637172804,0.0016627007368609013
238,0.16160905194606665,0.2351794159513409,0.8084481954574585,0.0340539924800396,0.18453723873527422,0.0849754810333252,0.04256659442395827,0.22935772466959126,0.005907931646698938,0.0016596490323100143
239,0.1552316528882865,0.2318906614841041,0.8089422583580017,0.033998120576143265,0.18438579277195752,0.08543926477432251,0.042231312768211904,0.22919723548892537,0.00592330918171671,0.001656586430275559
240,0.15798717469337123,0.23377914499428312,0.8102503418922424,0.03332386538386345,0.18254825494609211,0.08328138291835785,0.042376194329524525,0.22686026178519422,0.006059691633394001,0.001653512981738524
241,0.15645325910919022,0.2277994337728468,0.8110159039497375,0.033501092344522476,0.18303303621074113,0.0848003625869751,0.04146022461396364,0.22755783232847265,0.005960629575350212,0.0016504287378604546
242,0.15291288614363108,0.232022701683691,0.8098172545433044,0.03345891460776329,0.1829177810049184,0.08388210088014603,0.04232154226664175,0.22733202507485342,0.006368187222696784,0.0016473337499825955
243,0.15578516394890327,0.22853220670910204,0.8110135793685913,0.033174678683280945,0.18213917393927354,0.08403989672660828,0.042159589612551854,0.22636343168709103,0.005938114836643378,0.0016442280696250405
244,0.1590434512477987,0.2508382451231197,0.8030053973197937,0.035977158695459366,0.18967645793682295,0.08754006028175354,0.04383969462994004,0.23573751974343932,0.005791063511555575,0.0016411117484858738
245,0.15888437176308964,0.23777037252814082,0.8071973323822021,0.034376028925180435,0.1854077369614883,0.08466189354658127,0.04270472745142958,0.2304441794536264,0.00659634843618625,0.001637984838440309
246,0.15392882658275592,0.24457287990440757,0.8066636919975281,0.03466009348630905,0.18617221459258912,0.08451586961746216,0.04322098262906281,0.23136453788356934,0.005657807893906402,0.001634847391539826
247,0.1579882843121661,0.23784384712324305,0.807295024394989,0.03464280441403389,0.186125775791624,0.08455166220664978,0.042499110636802125,0.23137198465588626,0.006036532730777062,0.0016316994600113041
248,0.15618935916178897,0.241949130670499,0.8057186007499695,0.034740086644887924,0.18638692723709976,0.08604340255260468,0.043300199670374614,0.23162701873959785,0.006517665088864733,0.0016285410962561528
249,0.1581692014936234,0.2359308870667118,0.8093265295028687,0.03364786133170128,0.1834335338254739,0.0845756083726883,0.04226280358331915,0.2279897001181969,0.006302073270218114,0.0016253723528494401
250,0.15408211608847822,0.23754709655955686,0.8080366253852844,0.03391342982649803,0.18415599318647774,0.08397319167852402,0.04275662993376738,0.2288568589887458,0.006492453930630446,0.0016221932825390157
251,0.15349964106461073,0.23236792420936844,0.8088340163230896,0.034138187766075134,0.18476522336758922,0.08481692522764206,0.042064272199880084,0.22969146355303732,0.006317514717040293,0.0016190039382446351
252,0.1541150945866216,0.2252846509218216,0.8137252926826477,0.03259509429335594,0.18054111524347008,0.08264046162366867,0.040932869872303344,0.2244562788282665,0.005907933186145631,0.0016158043730570774
253,0.15338165409795468,0.23374134554701337,0.8092666268348694,0.033832207322120667,0.18393533462094952,0.08364062756299973,0.04228011243265063,0.2286227374624484,0.006181167818262233,0.001612594640237261
254,0.1537329491306648,0.23100942600581606,0.811083197593689,0.03310440480709076,0.18194615908859071,0.08277567476034164,0.04199745317090998,0.22613387010899985,0.006242422228618131,0.0016093747932153589
255,0.15684403940540065,0.2282066178523888,0.8121633529663086,0.032639387995004654,0.18066374288994638,0.0826340988278389,0.04184626575568013,0.22452637341273277,0.006279623201487286,0.001606144885589907
256,0.15134487839083657,0.23215052712771853,0.810417115688324,0.03358761966228485,0.1832692545471958,0.08348154276609421,0.04173372536117564,0.22783141939332038,0.005958480199495514,0.0016029049711269142
257,0.15306797511087802,0.23490749400551036,0.8086274862289429,0.03417791426181793,0.18487269744831963,0.08568047732114792,0.04227302175631842,0.22980864599729542,0.0060755509253629025,0.0015996551037589654
258,0.1519082428105288,0.2315140247850095,0.8107751607894897,0.03309967741370201,0.1819331674371169,0.08228045701980591,0.04246707957377664,0.22607458950860948,0.005713570994431109,0.001596395337584324
259,0.1521603898834606,0.2356971739712408,0.808947741985321,0.03382779285311699,0.18392333417246706,0.08428848534822464,0.042685219454289575,0.22857063805015562,0.005810710923199186,0.0015931257268660332
260,0.1535926974657079,0.2409285054368488,0.8068498969078064,0.03435549885034561,0.18535236402685995,0.08317022025585175,0.04313099234047925,0.230335148379682,0.006249453045243765,0.0015898463260310108
261,0.1518135520311641,0.2369358648182982,0.8094451427459717,0.03324684873223305,0.1823371841732592,0.08244636654853821,0.042990704638847646,0.2265348746459299,0.006368675071874926,0.0015865571896691438
262,0.15273060665389923,0.22406470775604248,0.8134817481040955,0.03235255926847458,0.17986817191619695,0.08279704302549362,0.04119469940809785,0.22358064167883787,0.006408145858614282,0.0015832583725323797
263,0.14857529461653932,0.22747196736982314,0.810953676700592,0.03330637514591217,0.18250034286519073,0.08207651972770691,0.041764318908954844,0.22685616468896747,0.00620121633192707,0.001579949929533815
264,0.14777488310981735,0.23045462344662618,0.8119039535522461,0.03277580067515373,0.1810408812261853,0.0815703496336937,0.04202999309429548,0.22498663028095603,0.006013746529518743,0.0015766319157467811
265,0.14918489470582713,0.23159773950859652,0.8107185959815979,0.033290084451436996,0.18245570545049283,0.08262048661708832,0.04219713487364295,0.22676030928939983,0.00586464887938147,0.0015733043864039281
266,0.15223559226244238,0.23100139175431203,0.810930073261261,0.03314454108476639,0.18205642280558626,0.08323097229003906,0.04211651201711292,0.22626204134580236,0.006337176668087527,0.0015699673968963047
267,0.15014467302856127,0.2341306358575821,0.8094350695610046,0.03349070996046066,0.18300467196347928,0.08205875754356384,0.042561802611802924,0.22741953939996506,0.006319786348507951,0.0015666210027724357
268,0.15048112697741775,0.2301356297428325,0.811598539352417,0.03280731290578842,0.18112789102120197,0.0825599804520607,0.042084361259188116,0.22509105283770164,0.006280785521064247,0.0015632652597373984
269,0.14657286063872074,0.23271972597655605,0.8089260458946228,0.03388518840074539,0.18407929921842214,0.08344204723834991,0.042180501282280514,0.22881319771602715,0.0065664930476531476,0.0015599002236518955
270,0.14648437382951604,0.22846916722039046,0.8123708963394165,0.032959554344415665,0.1815476641117028,0.0817960724234581,0.041496901762560365,0.2256774221424054,0.005665162908090247,0.0015565259505313234
271,0.14937974440547275,0.23014586254701777,0.8095768094062805,0.033802419900894165,0.18385434425352631,0.08271282911300659,0.04218544955039047,0.22852981555926186,0.005807045625018743,0.0015531424965448421
272,0.1503512124865797,0.22848691399824822,0.8134042620658875,0.032240018248558044,0.1795550563157664,0.0808294489979744,0.04174935048839808,0.22313415536609638,0.005952725689049991,0.0015497499180144381
273,0.1462255996564724,0.23016578388416162,0.8102594614028931,0.03359759598970413,0.18329647020525008,0.08408424258232117,0.04199437895312853,0.2278418511450341,0.0059737531919340755,0.0015463482714139886
274,0.14725647193697644,0.22871111838494318,0.8118604421615601,0.033008139580488205,0.1816814233224966,0.0820639505982399,0.041803748075954536,0.22581820070116984,0.005668582697766021,0.00154293761336832
275,0.14251733686088436,0.23009085478418964,0.810573160648346,0.033263642340898514,0.18238322933016213,0.08404161036014557,0.04212423289379481,0.22667461120716856,0.00628904184936308,0.0015395180006522653
276,0.14893093432814694,0.24051986104350978,0.804893434047699,0.03533221781253815,0.18796866178312316,0.08472947776317596,0.04297610647994234,0.23365692764271714,0.006498791639814346,0.0015360894901897217
277,0.14714899089671335,0.23190638625015647,0.8099685907363892,0.03346915543079376,0.18294577183087277,0.08281329274177551,0.042434592248605754,0.22735770205653727,0.005936140860501048,0.0015326521390526993
278,0.14721701118611136,0.23666114701052843,0.8086666464805603,0.03401527926325798,0.1844323162118233,0.08343122899532318,0.04259442522667526,0.22922242725285663,0.005936478226219375,0.0015292060044603726
279,0.1470030109957986,0.22724168406704726,0.8130097985267639,0.03254574164748192,0.18040438367035852,0.08142141252756119,0.04142319179716874,0.2242380223647777,0.006121079683668045,0.001525751143778129
280,0.14612680072600748,0.21951243054058592,0.8158568739891052,0.03160393238067627,0.17777494868703034,0.07982634007930756,0.040851743873989474,0.2209668988519987,0.005942542330411788,0.0015222876145166125
281,0.1425288677485688,0.22636686808477013,0.8121942281723022,0.032864682376384735,0.1812861891496005,0.08277007937431335,0.04162399225735233,0.2253344649323734,0.006027444400776721,0.0015188154743307671
282,0.1415445395376747,0.22564989202103372,0.8131040930747986,0.032334160059690475,0.17981701827049207,0.08115030080080032,0.041865825433120306,0.22345428337072734,0.006068270067305053,0.0015153347810188767
283,0.14245633474829694,0.2239275718644514,0.8142171502113342,0.03192523121833801,0.17867633088447393,0.08036693930625916,0.04174716987581036,0.22202339918201436,0.0058147637008323025,0.001511845592521603
284,0.14237794117985175,0.2339790473550053,0.8096482753753662,0.03321142867207527,0.18224003037772812,0.08215094357728958,0.043008073780849546,0.2264107985529943,0.006136850580684179,0.001508347966921021
285,0.1458894814339289,0.2281162692076069,0.8125141263008118,0.032541073858737946,0.18039144619060501,0.08095642179250717,0.041915295030384624,0.22417657867631738,0.00578851086351773,0.0015048419624396527
286,0.14324531778468105,0.22035418703394422,0.8145949840545654,0.03181569650769234,0.17836955039381677,0.08101756125688553,0.04123580818307404,0.221682174601446,0.0063860695508796,0.001501327637439497
287,0.142021374580003,0.22728178991099535,0.8130516409873962,0.032189931720495224,0.17941552809189962,0.08040887862443924,0.041968184919043264,0.22293637038581832,0.0063621534262217885,0.001497805050421059
288,0.1442796938864126,0.22510595114554388,0.8137423992156982,0.03207220137119293,0.1790871334607624,0.07895703613758087,0.04158281790516465,0.22255767346702815,0.0061382933076284864,0.0014942742600223759
289,0.1437558607617534,0.23574255810955824,0.8070617914199829,0.03453315049409866,0.18583097291382475,0.08433093875646591,0.04260631396995105,0.23098825642843646,0.006644749051105728,0.00149073532501804
290,0.14226251601992776,0.2277009881148904,0.8113530874252319,0.03322533145546913,0.18227817054016407,0.0838451161980629,0.04170925585757329,0.2265807423975442,0.0060069482604193465,0.001487188304318222
291,0.1381673034269284,0.22269983008756475,0.8123087286949158,0.03275884687900543,0.18099405205421926,0.08090489357709885,0.04145964197483811,0.22498021403047488,0.006079554313533327,0.0014836332569676894
292,0.1392627535359737,0.22604084292710838,0.8128058910369873,0.032359231263399124,0.1798867178626569,0.08069434762001038,0.04185754932149025,0.22354250754571228,0.00640968161834896,0.001480070242144823
293,0.14371337642572438,0.22838374340938308,0.8129557967185974,0.03236979618668556,0.17991608095633244,0.07983939349651337,0.04187978210339263,0.22357845895224945,0.005958751584932838,0.0014764993191606337
294,0.1410409731852324,0.2245463036884696,0.8127195239067078,0.03288184106349945,0.18133350783432017,0.08188910037279129,0.041218501397992637,0.2254321660018096,0.005704228317119061,0.001472920547457773
295,0.14105089200137244,0.22475012530714777,0.8126682043075562,0.03269641101360321,0.18082148935788359,0.08239240944385529,0.04161368045814137,0.22474797160619783,0.006002624333894517,0.0014693339866095451
296,0.14093652757002867,0.24530259279881494,0.8046321272850037,0.034987956285476685,0.18705067838817555,0.08433806151151657,0.043905155059628394,0.2324102222502738,0.006186725431850187,0.0014657396963189146
297,0.14151178237354647,0.23392810508356257,0.8124241232872009,0.032335732132196426,0.1798213895291559,0.08011969923973083,0.04245490642396535,0.22340469719777617,0.005822099143027932,0.0014621377364175123
298,0.1403143494600976,0.2264780794917527,0.8132988214492798,0.03243958204984665,0.18010991657831238,0.08122636377811432,0.041651744362139684,0.22384542661308177,0.0056487323652406095,0.0014585281668646403
299,0.13858420937533106,0.23017375550027622,0.8118616342544556,0.032835397869348526,0.1812054024287039,0.08026658743619919,0.041974084578202085,0.22520029040986134,0.0057970111353499,0.0014549110477462724
300,0.13943429664902818,0.22420811046988276,0.814746618270874,0.03181498870253563,0.17836756628528525,0.07897293567657471,0.04128125579108039,0.2216762172746648,0.0059961022616148935,0.0014512864392740553
301,0.1384721503021854,0.22969746034024124,0.8107488751411438,0.03319637477397919,0.18219872330501985,0.08143175393342972,0.04201105436937412,0.22645162467325297,0.00640501700378861,0.0014476544017843053
302,0.1424457600784806,0.21972438061641433,0.8167348504066467,0.03110605664551258,0.17636909209244284,0.07832277566194534,0.041099544799192714,0.21916658890261073,0.005756751036402146,0.0014440149957370052
303,0.13585839337272587,0.2128453524941105,0.8185531497001648,0.030644772574305534,0.17505648395390996,0.07815158367156982,0.040346008527413955,0.21757708879700063,0.00577146393742872,0.0014403682817147963
304,0.13642708804131995,0.2265346987267672,0.8123481273651123,0.0326165109872818,0.18060041801524657,0.08141043782234192,0.04162786429143664,0.2244663529526304,0.006412781817824901,0.0014367143204219706
305,0.13358241952167896,0.225740186364974,0.8127297759056091,0.03235125169157982,0.17986453705936536,0.08048679679632187,0.04193452130239291,0.2235074837330965,0.00629842417506592,0.0014330531726834603
306,0.1357115453553704,0.2379029067391056,0.8056464791297913,0.03521504998207092,0.18765673444369355,0.08293092250823975,0.042711255847755564,0.2332877211749511,0.006084090255559169,0.001429384899443826
307,0.13611825051354498,0.22808715953665265,0.810829758644104,0.033408597111701965,0.18278018796276024,0.08128388971090317,0.04195142169998597,0.22719369307922338,0.005655642815192757,0.0014257095617662408
308,0.1347367513440887,0.22790510497860988,0.8133838772773743,0.03226529434323311,0.1796254278860126,0.07871189713478088,0.041896497573590825,0.2232100225790819,0.005588365493756652,0.0014220272208314753
309,0.13896246578578142,0.21848110172708154,0.8164300918579102,0.031155962496995926,0.17651051667534126,0.07737283408641815,0.0411135902868875,0.21934409020236229,0.005761342849632774,0.0014183379379368772
310,0.13429555668301452,0.22257873706393322,0.8133692145347595,0.032607827335596085,0.18057637535291288,0.08127018809318542,0.04121184670091687,0.2244754972770163,0.005817168809098075,0.0014146417744953532
311,0.13425119486820303,0.23663432795112416,0.810575544834137,0.03285123407840729,0.18124909400713507,0.07897725701332092,0.043006758243864206,0.22515801305299007,0.005856627575161311,0.0014109387920343455
312,0.1369730184625643,0.2223249100527521,0.8161353468894958,0.03131277859210968,0.17695417088079524,0.07861361652612686,0.04146437304863436,0.21987298113648077,0.00532125161375111,0.0014072290521948067
313,0.13192355470714973,0.21786862750679759,0.8159242868423462,0.03148176521062851,0.17743101535703534,0.07822640985250473,0.041109038312983875,0.2205089879912678,0.0054996632500858246,0.001403512616730177
314,0.13483427055292618,0.21917346069368265,0.8165040612220764,0.031206239014863968,0.17665287717686334,0.07720135152339935,0.041049155936543305,0.2195301195027305,0.0057809075143533725,0.0013997895475053512
315,0.13598537001635014,0.2275337713249659,0.8114439249038696,0.033067550510168076,0.18184485285585641,0.08028240501880646,0.041977379372499214,0.22600884038062505,0.005602581992349756,0.0013960599064956542
316,0.13234472860022253,0.2298298207885128,0.8133395910263062,0.03206445276737213,0.17906549853998155,0.07819753140211105,0.041927794220675045,0.22249786700072838,0.006180559807436964,0.0013923237557858046
317,0.1312821609646172,0.22039711374347493,0.8154776096343994,0.03141799196600914,0.17725121146556133,0.0774802714586258,0.041336939659057555,0.22025909317591968,0.006141239945458245,0.0013885811575688849
318,0.13595684016759302,0.22592580343707133,0.8130152225494385,0.0324130617082119,0.18003627886682144,0.08037814497947693,0.04178095797473795,0.22373995650515904,0.005817614067241382,0.0013848321741453044
319,0.13526673979629564,0.22649529298483315,0.8124539852142334,0.03291139751672745,0.18141498702347458,0.08119211345911026,0.04173490389912236,0.22548813784773583,0.005436381774107694,0.001381076867921762
320,0.133163341155045,0.2233431087964672,0.8142006397247314,0.03191685304045677,0.17865288422092931,0.07799330353736877,0.04148176107325277,0.22201782015479662,0.006232756279111665,0.0013773153014102085
321,0.13313888985764943,0.2179838656368902,0.8162119388580322,0.031212108209729195,0.17666948862134965,0.07775865495204926,0.04122931863706745,0.21953419211645914,0.005805841725236202,0.0013735475372268046
322,0.1345028064222134,0.22212455762644945,0.8139015436172485,0.032222796231508255,0.17950709242675694,0.07961630076169968,0.041324478673167075,0.22311287619940373,0.006045235802779255,0.00136977363809088
323,0.13107166601361825,0.22003554716958837,0.8145172595977783,0.03192375600337982,0.17867220266001038,0.07958436012268066,0.04108365695080268,0.22207903916147914,0.006338120367811789,0.0013659936668238878
324,0.13207475649716272,0.22291638096005228,0.8135024905204773,0.032299794256687164,0.17972143516199499,0.07860878854990005,0.0413207571122405,0.22338389407192139,0.006211928798426124,0.0013622076863483606
325,0.1342701176772305,0.22662059988005687,0.813326895236969,0.03244927152991295,0.1801368133667101,0.07879132777452469,0.041666746449890844,0.22387812623493508,0.005604625091798166,0.0013584157596868618
326,0.13131564070000748,0.21775288639937418,0.8153615593910217,0.03173424303531647,0.17814107621578035,0.07946843653917313,0.04083752850884603,0.2214304829852264,0.00625138715581258,0.001354617949960936
327,0.13105458635668019,0.21245945990085602,0.8177354335784912,0.030904442071914673,0.1757965928905184,0.07745050638914108,0.04038279821637684,0.218508859965431,0.006045797249301218,0.00135081432039006
328,0.12972507988218093,0.2238857915340844,0.8139143586158752,0.03231026977300644,0.17975057655820312,0.0793871358036995,0.04144228259246025,0.22341070848178976,0.005549670039068437,0.001347004934290589
329,0.12990041383263567,0.2186270298089011,0.8169274926185608,0.03115546517074108,0.17650910789741442,0.07755658030509949,0.0409082158694927,0.2193619648954219,0.005515739457111564,0.0013431898550747036
330,0.1281651667687828,0.2172456163976152,0.8171886801719666,0.031037045642733574,0.17617333976153593,0.07709503918886185,0.04078566424551521,0.21894835947249286,0.005770793217759473,0.0013393691462493529
331,0.13315020380063358,0.22092564909134882,0.8151125311851501,0.031827978789806366,0.17840397638451438,0.07885202765464783,0.04111195927984101,0.22173830341307751,0.0058257284304183785,0.001335542871415199
332,0.1270242468242919,0.21648343286271823,0.8167482018470764,0.03098994307219982,0.17603960654409515,0.07736002653837204,0.041110992254657364,0.21874822036836694,0.006082146609178698,0.0013317110942655567
333,0.12560319085675783,0.21964890547728133,0.8160154223442078,0.03132028505206108,0.17697537979069597,0.076931431889534,0.041051750792646974,0.21993684666897823,0.006193762791999136,0.001327873878585334
334,0.12919489839015771,0.21581783688674538,0.8167876601219177,0.0312807597219944,0.17686367553003754,0.0780247151851654,0.04037931420853693,0.21985752865057598,0.006379444221667301,0.0013240312882499719
335,0.13115261317289847,0.2176133160621433,0.8168831467628479,0.03102423995733261,0.17613699201852123,0.07698740065097809,0.040742819811796054,0.21890525757743678,0.006344859086929012,0.001320183387224377
336,0.1297464684507278,0.21787853640014843,0.8161808252334595,0.03119167871773243,0.17661166076375712,0.07655861973762512,0.040972178586491645,0.21948412766180944,0.006331086022953196,0.0013163302395618613
337,0.12839994530033128,0.2163098138772835,0.8166711330413818,0.03142767399549484,0.17727852096487842,0.07968402653932571,0.04042625314757968,0.22037853576974128,0.005923057976716527,0.0013124719094030728
338,0.12747882952592884,0.21790667938984046,0.8171306848526001,0.030800772830843925,0.17550148954024272,0.07631334662437439,0.041270855536202966,0.21805346664530312,0.005614978133968576,0.001308608460974929
339,0.1281191899111984,0.21741529112145053,0.8170756697654724,0.031068462878465652,0.17626248290111443,0.07662982493638992,0.04098294863834783,0.219043441207315,0.005344705688113261,0.001304739958589548
340,0.12721878175378926,0.21750313523462264,0.8162578344345093,0.031346872448921204,0.1770504799454698,0.07874014973640442,0.0411867972151742,0.22002076691722008,0.005358224387394195,0.0013008664666431776
341,0.12624148997475373,0.21629205636553844,0.8173439502716064,0.030825138092041016,0.1755708919269963,0.07655061036348343,0.040883472964883684,0.2181769340768393,0.006036768065048641,0.001296988049615123
342,0.12745489380420874,0.2179497833979332,0.8154098391532898,0.03175179660320282,0.17819033813089535,0.0793445035815239,0.040867056730823595,0.2214905019783929,0.0060149100264068455,0.0012931047720666738
343,0.12514313864113702,0.21211810308997914,0.8185918927192688,0.030446713790297508,0.17448986729978766,0.0762614756822586,0.04051432630297915,0.21684487129434982,0.005833428959365598,0.0012892166986400292
344,0.1265026973813682,0.21890778637538522,0.8169620633125305,0.03091561608016491,0.17582837109000615,0.07652737200260162,0.0412182613278582,0.21847178443882478,0.005658928855927589,0.0012853238940572227
345,0.12564108887647935,0.21975278639692372,0.816566526889801,0.03083869069814682,0.17560948350857028,0.07647103816270828,0.04125076681114327,0.2181904482274876,0.006386888974586891,0.001281426423119043
346,0.12730960271059566,0.2207767875012705,0.8152948021888733,0.031322963535785675,0.17698294701972186,0.07719670981168747,0.04161160044613449,0.21989381146973452,0.006205606482372113,0.0012775243507039576
347,0.12904642760933707,0.2147155995086088,0.8174564242362976,0.030964737758040428,0.17596800208572133,0.07735469937324524,0.04046969306106563,0.2187174960238224,0.006070729951150773,0.00127361774176703
348,0.1293207745537657,0.21710804862491154,0.8166384100914001,0.03105897270143032,0.17623556026361514,0.07616215199232101,0.04101504456018545,0.21900522295447927,0.005979705272810095,0.0012697066613388418
349,0.12541803933702567,0.21273392868244043,0.8191617727279663,0.03024190105497837,0.17390198692073178,0.07717810571193695,0.04035133466767047,0.21611608545662006,0.0061634863628512076,0.0012657911745244067
350,0.12423856729737222,0.21751135095196256,0.8156307339668274,0.03132518008351326,0.17698920894651532,0.07653147727251053,0.041169710181559904,0.2199429527332004,0.00637911545496707,0.0012618713465020895
351,0.1235523619365476,0.21825373374809653,0.8157121539115906,0.031234808266162872,0.1767337213611564,0.07629569619894028,0.04133299953192478,0.21960492475974888,0.006200032641113465,0.0012579472425225198
352,0.1230877238548054,0.2133007241507708,0.8185995221138,0.030387399718165398,0.1743198202103404,0.07591572403907776,0.04067919187452645,0.21661425966931286,0.005905919862859646,0.0012540189279075056
353,0.1279836199344825,0.2163306429224499,0.8171657919883728,0.030793428421020508,0.17548056422584385,0.07538838684558868,0.04076370576220415,0.2180729162506062,0.006523384680523442,0.0012500864680489467
354,0.12376898923309188,0.22013944160130064,0.8145046830177307,0.0318412221968174,0.17844108886917665,0.0775211974978447,0.04121578993636314,0.22177463128376715,0.006320949340340177,0.0012461499284077465
355,0.12647472234200854,0.21742083435341464,0.8145079016685486,0.032172899693250656,0.17936805650184945,0.07928416877985,0.04090550518496177,0.22297597817277934,0.005909810089059352,0.0012422093745127205
356,0.12526240226815474,0.2099846657049858,0.8186703324317932,0.03048667497932911,0.17460433837487863,0.07703641802072525,0.04032437070505486,0.2170070368426791,0.005975483701733448,0.001238264871959508
357,0.12408428400574854,0.21532143968141684,0.817983865737915,0.03030763380229473,0.17409087799851758,0.0745089203119278,0.04078860551583228,0.21631286479100262,0.006668612647424785,0.0012343164864094774
358,0.12354577076128963,0.21318942068491953,0.8183451294898987,0.030704939737915993,0.17522825039906093,0.07635927200317383,0.040438055298944994,0.2177861043214154,0.005568526791100835,0.0012303642835886357
359,0.12372314261435742,0.21763167063058433,0.8161348104476929,0.03139829263091087,0.17719563378060665,0.07751227170228958,0.04074605988517643,0.22024420904022238,0.005963284550155138,0.0012264083292865327
360,0.12369522961064768,0.21277939742904597,0.8187401294708252,0.030492372810840607,0.17462065402134022,0.07529979199171066,0.04050727427740284,0.21701148296717962,0.005529189196107939,0.0012224486893551677
361,0.1232897236583096,0.21809436911243504,0.8164352178573608,0.030983394011855125,0.17602100446212413,0.07644248753786087,0.0413520756613441,0.21870197041342967,0.006077547262452388,0.00121848542970789
362,0.12328862362847948,0.2118979442422673,0.8185408115386963,0.030556125566363335,0.1748031051393634,0.07618824392557144,0.04039879744110623,0.2172518158097101,0.005783992509302587,0.0012145186163183054
363,0.12113475605980507,0.2141298803232484,0.818030595779419,0.03044031374156475,0.17447152702250518,0.0755300223827362,0.040936120497778186,0.21678149538217364,0.006128820474725992,0.001210548315219176
364,0.12310207873762914,0.21318853671773005,0.8196266293525696,0.02989213913679123,0.17289343289087422,0.07471437752246857,0.04070918096943197,0.21480752466148742,0.005877507113979723,0.0012065745925013205
365,0.11896291561987465,0.21244374346935144,0.8184517025947571,0.030388174578547478,0.17432204272135948,0.0758536085486412,0.04055519755437158,0.2166279916831875,0.006263120426151035,0.0012025975143125167
366,0.12185348241710951,0.2144245399256884,0.8177091479301453,0.030523689463734627,0.17471030153867467,0.07554683834314346,0.040914717934329735,0.21708494241786858,0.006394170875533544,0.0011986171468563972
367,0.12067577067278663,0.20897745391574957,0.8212043642997742,0.029546404257416725,0.17189067530676794,0.07303959876298904,0.040036880329027184,0.21360309616659484,0.0056803051897243014,0.0011946335563913486
368,0.11966844477052055,0.2215953229342477,0.8150371313095093,0.031541015952825546,0.17759790526024102,0.07650371640920639,0.04149169602019524,0.2206830209673474,0.006127274286321317,0.0011906468092294095
369,0.12181131375160102,0.22047679467221437,0.8162192702293396,0.031190257519483566,0.1766076372059928,0.07591507583856583,0.04126281557717216,0.2194529631367267,0.005731464898904199,0.0011866569717351651
370,0.11878706823212863,0.2180999527543278,0.816087007522583,0.03121175616979599,0.17666849229502127,0.07639376074075699,0.04111511929723205,0.21954283768558822,0.006215664962031878,0.0011826641103246435
371,0.11788262084711715,0.222933427635896,0.8129710555076599,0.032519154250621796,0.18033068028103758,0.0789584293961525,0.04152874343674454,0.2241355708480834,0.005868044787007475,0.0011786682914642103
372,0.11992448298232433,0.21608587291281103,0.8161001205444336,0.031176388263702393,0.17656836710946383,0.07641302794218063,0.041248310067589666,0.21940410264744725,0.006031796674681977,0.0011746695816694608
373,0.1202317025411165,0.21288445516157958,0.8188472986221313,0.030434243381023407,0.1744541297333583,0.07519277185201645,0.04032790420374606,0.2168171503706983,0.005784650063863334,0.0011706680475041143
374,0.12211106107584299,0.2140573309892315,0.8179441094398499,0.030580807477235794,0.17487369006581807,0.07646909356117249,0.040888142583467485,0.21729518567201647,0.005841137398291212,0.001166663755578905
375,0.11713833593709952,0.21353864568774983,0.8191598653793335,0.030127203091979027,0.17357189603152645,0.07404892146587372,0.04073706904707465,0.21566318816491595,0.005772127961366308,0.0011626567725504737
376,0.11661643564160858,0.21965842605647395,0.8154667019844055,0.03158872574567795,0.17773217419949025,0.07609475404024124,0.04104213482318242,0.22089462917832794,0.006214902865163467,0.0011586471651202587
377,0.11879220355043238,0.21696477623309118,0.8164941668510437,0.031123269349336624,0.1764178827368037,0.07566042989492416,0.04100058200269727,0.21923704932871366,0.006022782139322053,0.0011546350000333839
378,0.11770863122000075,0.21978362990637956,0.8154609799385071,0.0314522348344326,0.17734777933324286,0.07666341960430145,0.041279473479222326,0.22038686085826242,0.006006410438272897,0.0011506203440775494
379,0.11837242926355575,0.21403540531962606,0.8172755837440491,0.031097983941435814,0.17634620478319293,0.07575924694538116,0.04038389798762822,0.21920374235033227,0.005979583594043152,0.0011466032640819188
380,0.11549876560527392,0.21465403599254154,0.8179242610931396,0.030570775270462036,0.1748450035616175,0.07404734939336777,0.040844583368591925,0.21726281554851745,0.005941632542973462,0.0011425838269160072
381,0.11801337660079277,0.21229524329557256,0.8178744912147522,0.03074553795158863,0.1753440559345786,0.0762760117650032,0.040624483442231914,0.21791462106516535,0.0058717506938629135,0.0011385620994885672
382,0.11787182765694904,0.2100876579850407,0.8197362422943115,0.030011219903826714,0.17323746680157476,0.07417107373476028,0.04015402745523378,0.21529416640172722,0.006195198724812595,0.001134538148746477
383,0.11900047512212909,0.21601276781599402,0.8158290982246399,0.031429268419742584,0.17728301785490505,0.07661602646112442,0.04083054228415952,0.2203458916269656,0.006451196720939903,0.0011305120416736235
384,0.11631794566474292,0.2091346044661635,0.8198904395103455,0.03013792634010315,0.17360278321531356,0.0757593959569931,0.0401570294843527,0.21575712772145655,0.005513205822706069,0.001126483845289789
385,0.1197577296697121,0.21937816830004675,0.8140665292739868,0.03214455768465996,0.17928903392193277,0.07820739597082138,0.04131358068092607,0.22283856139176084,0.005851062637819189,0.0011224536266495357
386,0.11787754441316034,0.21380648648334763,0.8173665404319763,0.03093208745121956,0.1758752041966677,0.07628942281007767,0.0408094951337109,0.21856936592125878,0.005659849698157386,0.0011184214528410878
387,0.11476430981180819,0.21321092028233965,0.8172202706336975,0.03095870651304722,0.17595086391674017,0.07604663819074631,0.04102771160876447,0.2186448832402359,0.005518161830631019,0.001114387390985217
388,0.1148468165059104,0.22530468073436768,0.8121787905693054,0.03284689411520958,0.18123712123957822,0.07765541225671768,0.041743922448126906,0.22526174427295406,0.005818295646421233,0.0011103515082341228
389,0.11547554910092915,0.2099592948363999,0.8185300230979919,0.03033652901649475,0.17417384710826925,0.07553514093160629,0.04059514871227429,0.21643694649586195,0.006199574945424351,0.0011063138717703166
390,0.11476380724651215,0.21247999572147758,0.8187333941459656,0.0303703173995018,0.174270816258781,0.07405510544776917,0.04060760128913125,0.21655931430526748,0.005749833030692215,0.0011022745488055022
391,0.11288875174846534,0.20518615551419178,0.8208804726600647,0.02979183755815029,0.17260312151913793,0.07426740974187851,0.039767909975017626,0.21452878926998992,0.0058031962160006445,0.0010982336065794578
392,0.11562381360646101,0.21936678431801876,0.8159051537513733,0.03129987791180611,0.17691771508756862,0.07573863863945007,0.04107943464547916,0.21986138340196223,0.00619672502954082,0.0010941911123589164
393,0.11567178589159628,0.2073376906120171,0.8208302855491638,0.029541075229644775,0.1718751733952428,0.07342123240232468,0.04014203014407157,0.21357283519825246,0.006080703722907286,0.0010901471334364456
394,0.11893313553668221,0.21206501126289368,0.8173351883888245,0.030939806252717972,0.17589714680095858,0.07593940198421478,0.04059595309839652,0.2186162829425211,0.0060341149760136555,0.001086101737129328
395,0.1118318145908978,0.2191143456404492,0.8156185150146484,0.03130531311035156,0.176933075230019,0.07520034909248352,0.04136487450045293,0.21985410591357682,0.006162369809677571,0.0010820549907784402
396,0.11200363254259,0.20892825394363726,0.8209084868431091,0.029709218069911003,0.17236362165466065,0.07330755144357681,0.040107986103953365,0.21419491327111304,0.005459518509381312,0.0010780069617471319
397,0.11429118891767144,0.20904373112371413,0.8196083307266235,0.030162673443555832,0.17367404366673747,0.0740794762969017,0.04008162811977361,0.21585364105970117,0.005828589975003354,0.0010739577174201055
398,0.11406677220793289,0.205114507321584,0.8206687569618225,0.02957501821219921,0.17197388816968467,0.07411962002515793,0.040159035543854645,0.21369564021868517,0.006290726108456216,0.0010699073252022928
399,0.11552994790574216,0.21843835711479187,0.8151476383209229,0.031723085790872574,0.17810975770819681,0.07607566565275192,0.041247229110517224,0.22135387962921083,0.005741005956600175,0.0010658558525177336
400,0.11232574333597166,0.20666232806141094,0.8203267455101013,0.02982800081372261,0.17270784815324,0.0734749585390091,0.039983491305793185,0.214640304300269,0.006235215450984197,0.0010618033668084543
401,0.11293518475715487,0.21357248395176257,0.8179345726966858,0.030565382912755013,0.17482958248750413,0.07492940127849579,0.04070517864739287,0.21725609402839574,0.006091551379294269,0.0010577499355333435
402,0.11279237626002274,0.2126639187335968,0.8180930614471436,0.03062925487756729,0.1750121563708284,0.07372737675905228,0.04057139564800414,0.21749978769774325,0.0059230149821279604,0.0010536956261670309
403,0.11095965599635577,0.20862153892294835,0.8195682168006897,0.03005315735936165,0.17335846491983495,0.07449746131896973,0.04035882498572762,0.21542838918479718,0.006011662439400324,0.0010496405061987625
404,0.11198624572364946,0.20914473914999074,0.819430410861969,0.03010324202477932,0.17350285883748232,0.07465212792158127,0.04046017325540034,0.21560176295694705,0.00587668259304007,0.0010455846431312778
405,0.11051740382553227,0.2082433623530097,0.8193817138671875,0.030417704954743385,0.17440672279113378,0.07409769296646118,0.04001211940414327,0.2167867022352899,0.00566167358414818,0.0010415281044796865
406,0.11182335523320108,0.20857362120838488,0.8198047280311584,0.02999318391084671,0.17318540328459184,0.07364899665117264,0.040314871448896686,0.21521408068456474,0.005798254200654231,0.0010374709577703441
407,0.1106708374358376,0.21234806172423443,0.8197002410888672,0.029908131808042526,0.17293967678945896,0.07376746088266373,0.040688214099220174,0.21486835338860288,0.005691823619310157,0.0010334132705397277
408,0.11356633550450881,0.21118105392334824,0.8180832266807556,0.030485283583402634,0.17460035390400166,0.07488934695720673,0.04071403642031684,0.21696549808549198,0.00603435311752717,0.0010293551103333133
409,0.11291657282416553,0.21598685128709016,0.8172067999839783,0.03065771609544754,0.17509344960748116,0.07397714257240295,0.041105394954863476,0.21755216673092245,0.006078624335577026,0.0010252965447044486
410,0.1107177510407396,0.21003699845681756,0.8189443349838257,0.030341608449816704,0.17418842800202516,0.07420136779546738,0.04053807116630873,0.2164618334672322,0.0056484248303713845,0.0010212376412132307
411,0.11121595869251609,0.20640834345150802,0.8203250765800476,0.02957363799214363,0.17196987524605475,0.07270777970552444,0.040314265037402056,0.21367570500541505,0.0064094472053450825,0.0010171784674253815
412,0.10924958158565792,0.2124144859233145,0.8191812038421631,0.029890060424804688,0.1728874212451695,0.07359790056943893,0.040919460802028344,0.21477942804334987,0.006136391729546799,0.0010131190909111211
413,0.11006578638744498,0.20546081876855785,0.8207597136497498,0.02951660566031933,0.17180397451840085,0.07190707325935364,0.04004187981067581,0.21349163263985668,0.0063568719461786155,0.0010090595792440456
414,0.10985195566970415,0.2204869419841443,0.8137769103050232,0.03202038258314133,0.1789424001826882,0.07587993890047073,0.04178733956446746,0.22235609201261128,0.005820573980003103,0.001005
415,0.11273738190396675,0.21171740833985603,0.818279504776001,0.03031752072274685,0.17411927154323512,0.07377994060516357,0.0407883871755423,0.21634976789520663,0.0062115826731812766,0.0010009404207559547
416,0.10958662352263027,0.20499696670952489,0.8209457993507385,0.029617028310894966,0.17209598574892723,0.07306019216775894,0.039916761788452826,0.2138734581433027,0.005932661596473444,0.0009968809090888792
417,0.10733718908985576,0.20799370690927668,0.821205735206604,0.029511833563447,0.1717900857542338,0.07270275056362152,0.040178073626180026,0.21346303123874438,0.005463110648313068,0.000992821532574619
418,0.10789302536187935,0.20830017025187864,0.8195284008979797,0.029933828860521317,0.17301395568138808,0.07295160740613937,0.040453635542861056,0.21498359117157798,0.0061208327320247035,0.0009887623587867694
419,0.10877495835284812,0.2056476261656163,0.8209021091461182,0.02960636466741562,0.17206500128560606,0.07313002645969391,0.040139013941776776,0.2138138534722731,0.005743364041044123,0.0009847034552955519
420,0.11016601758511045,0.2084135521771544,0.821458637714386,0.029328560456633568,0.17125583335067324,0.07196938246488571,0.040178551708180646,0.21278658783349694,0.005854958245455772,0.000980644889666687
421,0.10863131514308676,0.20782479921639976,0.8205705285072327,0.029613487422466278,0.1720856979021391,0.07290610671043396,0.040235776147703683,0.21383021309404146,0.006096651568726779,0.0009765867294602723
422,0.10730748463793463,0.20497900727441756,0.8215129971504211,0.029451889917254448,0.17161552935924665,0.07268556207418442,0.039811848919479996,0.21327564001565294,0.005979846112891245,0.000972529042229656
423,0.10815425905936434,0.20792518152018724,0.8213880658149719,0.029341695830225945,0.17129417920707624,0.07179048657417297,0.04022060790676105,0.21283125268206163,0.00578159184770187,0.000968471895520314
424,0.10691636265044487,0.20589935842712045,0.8215410113334656,0.029371654614806175,0.17138160524048715,0.07273595780134201,0.03981948895778759,0.21297896590887747,0.0060525621011998975,0.0009644153568687225
425,0.10862855851830312,0.20218929610515046,0.8224579095840454,0.029177678748965263,0.17081474979920575,0.0727740228176117,0.03943970618457015,0.2122977689933526,0.005973561660305592,0.000960359493801238
426,0.10564583661513026,0.20377450777312456,0.8211763501167297,0.029600702226161957,0.17204854613207854,0.07295332849025726,0.039941287448585126,0.2138115797516467,0.005732713927273507,0.0009563043738329693
427,0.10700456273609778,0.2096406322414592,0.8195850253105164,0.030270399525761604,0.1739839059389161,0.07397237420082092,0.04005149177366367,0.21624828212529784,0.005785376400235204,0.0009522500644666565
428,0.10580874180415606,0.20215832328392289,0.8224933743476868,0.02917664498090744,0.17081172378062182,0.07176949083805084,0.039681146194758134,0.21227202528317107,0.005672876500129721,0.0009481966331915457
429,0.10726119607146774,0.2061601138468516,0.8207801580429077,0.02978687360882759,0.17258874125744006,0.07285227626562119,0.040068348199599674,0.21448319264289803,0.005513120699294355,0.0009441441474822668
430,0.10700588554053868,0.20148560025934445,0.822466254234314,0.029237525537610054,0.17098984045144336,0.07221058011054993,0.03940800515821975,0.21252247712525135,0.005777710998028758,0.0009400926747977075
431,0.1060761754201258,0.20265739272206518,0.8219220638275146,0.029303835704922676,0.17118363153328264,0.07264528423547745,0.03982152517675174,0.21272901648063863,0.005760166029204423,0.000936042282579895
432,0.10829914349983825,0.21326057057259445,0.8175160884857178,0.03081616200506687,0.17554532749425963,0.07384788244962692,0.04078504342627213,0.21815411264104487,0.00588452726052542,0.0009319930382528683
433,0.1056000707372798,0.20715080757262344,0.8213897347450256,0.02935650385916233,0.1713373977249635,0.07185432314872742,0.04019997263651763,0.21288812268387652,0.0056452982952235895,0.0009279450092215603
434,0.10645476920006859,0.20239602862778355,0.8235841393470764,0.028421498835086823,0.16858676945444687,0.07140125334262848,0.03986620953704269,0.2094401354320828,0.005949871568611802,0.0009238982628706722
435,0.10562976717588765,0.20920171942246163,0.8206145763397217,0.029553772881627083,0.17191210801344703,0.07088640332221985,0.04050670954500333,0.21358594299704858,0.005665946939342837,0.0009198528665635547
436,0.10551147295719188,0.20653493853948884,0.8206947445869446,0.02964799292385578,0.17218592545227318,0.07211307436227798,0.04001044931542211,0.21397788958211267,0.006193296115577589,0.0009158088876410837
437,0.10678226768610341,0.20589611893993312,0.8207641243934631,0.029665619134902954,0.1722371015051721,0.07253570109605789,0.04011865154675995,0.21403318434130938,0.005852874177032287,0.0009117663934205425
438,0.10377747455212284,0.20911303566674055,0.8196969628334045,0.03007124736905098,0.17341063222608635,0.07343172281980515,0.040368296595996604,0.21549419429884492,0.005643151302884012,0.0009077254511944981
439,0.10574927604180448,0.2050984940033848,0.8207727074623108,0.02975436858832836,0.1724945465466325,0.07298087328672409,0.03987936848249156,0.2143808927643635,0.005934470602438896,0.000903686128229684
440,0.10547064647663756,0.20653505231869423,0.8201801776885986,0.029876844957470894,0.1728491971559917,0.07281515002250671,0.04021275457927716,0.214798532409223,0.005774077046531977,0.0008996484917658775
441,0.10346561415948176,0.20311733549934322,0.8230717182159424,0.028727667406201363,0.16949238155799617,0.07023226469755173,0.03986441944474839,0.21058616696194682,0.005739774261248914,0.0008956126090147834
442,0.10141897226298324,0.2051801879779767,0.8200494647026062,0.030167268589138985,0.1736872723867209,0.07357507199048996,0.03979730452677178,0.21589712786842385,0.005585827026596074,0.0008915785471589121
443,0.10413266164658654,0.20562931705834503,0.8211001753807068,0.029456395655870438,0.1716286562782289,0.07228076457977295,0.04004557050754459,0.2132701902351572,0.006057215254770492,0.0008875463733504645
444,0.10493831719156478,0.21281280557988053,0.8181573748588562,0.03060174733400345,0.17493355119588538,0.07285351306200027,0.04056794792454431,0.21740068086326267,0.005943396277349151,0.0008835161547102109
445,0.10364934029986131,0.2027408186409433,0.8217595815658569,0.0292989332228899,0.17116931156866264,0.072611004114151,0.03982247235583467,0.2127101115393094,0.0061204110190000915,0.0008794879583263769
446,0.10292724551481063,0.19850537420834524,0.8246665596961975,0.028498847037553787,0.16881601534674898,0.07091634720563889,0.03906554120861311,0.20980647415710074,0.005402959841165834,0.0008754618512535232
447,0.1030414818456886,0.20078904699471037,0.8222103118896484,0.029276587069034576,0.1711040241170107,0.07297446578741074,0.039593770364554394,0.21264963771790105,0.005752413277220915,0.0008714379005114332
448,0.10389401563344765,0.2023551587836217,0.8228565454483032,0.028984375298023224,0.17024798177371508,0.07103902846574783,0.0395483292891013,0.2115715264545825,0.005719756940149919,0.0008674161730839931
449,0.10227293523416779,0.2039716852418447,0.8220064043998718,0.02927115000784397,0.17108813520476507,0.07149623334407806,0.0397450450458939,0.2126152024324491,0.0058742643834677685,0.0008633967359180812
450,0.10151032032023023,0.20512576969498295,0.8209922313690186,0.02969304285943508,0.17231669350192128,0.07206281274557114,0.0398348508508202,0.21416030027956104,0.005867873054358493,0.0008593796559224508
451,0.10259123180297927,0.20806533388667187,0.8204883337020874,0.02985108643770218,0.17277466954881487,0.07185494154691696,0.03989387566126689,0.21473377187228238,0.005908885411006985,0.0008553649999666164
452,0.10302662509535734,0.20633993600889788,0.8210343718528748,0.029510576277971268,0.17178642634961375,0.07069242000579834,0.03980721535391079,0.21349147559564563,0.006310754293375292,0.0008513528348797416
453,0.10131991332751386,0.20415493504980864,0.8221496939659119,0.02913871593773365,0.1707006617964138,0.0711122378706932,0.03986158375067209,0.21211463472086925,0.005705504030936279,0.0008473432274495264
454,0.10216734358011055,0.20148459291559154,0.8223896026611328,0.02919738180935383,0.1708724138336959,0.07207725197076797,0.039662763339971645,0.21235058033156312,0.005627882877046292,0.0008433362444210952
455,0.10070038395525825,0.20209483158285335,0.8231850266456604,0.02877723053097725,0.16963852902857077,0.06982376426458359,0.039607100654235144,0.2107952220886723,0.0057692980013738845,0.0008393319524958861
456,0.10091720789310796,0.2002188708570044,0.8233692049980164,0.028692733496427536,0.16938929569611988,0.07020962238311768,0.03951310346980002,0.2104883887708449,0.006004856661212926,0.0008353304183305394
457,0.09954667057605668,0.20125250328900451,0.8230910897254944,0.028938347473740578,0.17011274929804815,0.07091734558343887,0.039447415347097774,0.21140979063250864,0.005800430021506098,0.0008313317085357901
458,0.10155910651939513,0.20297514091608887,0.8222606182098389,0.029192296788096428,0.17085753360064762,0.07086941599845886,0.03973660408490447,0.21232490443291865,0.0056028300346173615,0.0008273358896753566
459,0.09907861290291357,0.1989520904371294,0.8246456384658813,0.028235530480742455,0.16803431340277633,0.06935031712055206,0.039295171166069155,0.2087954977844077,0.005919731730494389,0.0008233430282648353
460,0.10037484013241943,0.1977469941317025,0.8250941634178162,0.02803930640220642,0.16744941445763978,0.06954221427440643,0.03916576861358472,0.20806763017230523,0.0060864134438172,0.0008193531907705908
461,0.1005504638676917,0.20488532556820724,0.8223251700401306,0.028919847682118416,0.1700583655164262,0.07025584578514099,0.03991270771422817,0.21129653539434953,0.006193174227649624,0.0008153664436086518
462,0.09850119898416484,0.2035519619614391,0.8223764896392822,0.02896331064403057,0.17018610590771086,0.07093899697065353,0.03987794097464906,0.21146183719613443,0.00596391745685197,0.000811382853143603
463,0.09835172575135966,0.2019139924796961,0.8221426010131836,0.029381483793258667,0.17141027913535017,0.07166039198637009,0.03943874095739804,0.2130513153480735,0.005714533642942102,0.0008074024856874835
464,0.100811410188855,0.20850428863097045,0.8203331232070923,0.02967710606753826,0.17227044455604756,0.07101631909608841,0.040377980778873314,0.21405097171620358,0.005847067063064194,0.0008034254074986795
465,0.10189985004436573,0.20117453271049565,0.8235598206520081,0.028406864032149315,0.1685433595017891,0.06986171752214432,0.039762286102721096,0.20939456044109617,0.006208366182860445,0.0007994516847808246
466,0.09963118485273552,0.20114493231147024,0.822674572467804,0.028936319053173065,0.1701067872048998,0.0701802670955658,0.03969246452877809,0.2113790041867411,0.005951819903180159,0.0007954813836816948
467,0.09924131458529532,0.20090785988811719,0.823323667049408,0.028762251138687134,0.16959437236738467,0.07021074742078781,0.03945900724486159,0.21075305115254775,0.005881262420742908,0.0007915145702921105
468,0.09862252047955089,0.2038262002801491,0.8219115734100342,0.02930050902068615,0.1711739145450794,0.07093444466590881,0.03978212858870145,0.2127204792557097,0.005725009150929171,0.0007875513106448326
469,0.09816014312005115,0.2033459460836346,0.8225629925727844,0.02903788536787033,0.17040506262394417,0.0705542042851448,0.03981088832871053,0.21174592938107928,0.005510903728369951,0.0007835916707134672
470,0.09890884642694651,0.2045618437104306,0.8213912844657898,0.029232265427708626,0.17097445840741426,0.07114078104496002,0.04005248873923594,0.21244176739915116,0.006278978952647512,0.0007796357164113644
471,0.0980876756668811,0.20948855566271282,0.8190136551856995,0.030257679522037506,0.1739473469818885,0.07211052626371384,0.04055698442623393,0.21615519369302125,0.005647346232818654,0.000775683513590523
472,0.09880077953695171,0.19949855049282816,0.8233171701431274,0.028862815350294113,0.16989059818098856,0.07006635516881943,0.03932376453030852,0.21114049962788906,0.005744521821568564,0.0007717351280404921
473,0.09963956382969714,0.20032713814812192,0.8236958980560303,0.028690127655863762,0.16938160365241486,0.07009842991828918,0.03934860506857466,0.2104945476951697,0.005761411045432969,0.0007677906254872797
474,0.09793285005852535,0.20142678007230921,0.8232702016830444,0.02871639095246792,0.16945911292246257,0.06986825913190842,0.039635977114239836,0.21056557467902992,0.005788376366662186,0.0007638500715922538
475,0.09754910912038336,0.20058909955166154,0.8236141800880432,0.028672952204942703,0.16933089560072226,0.07005896419286728,0.03948131099744979,0.21041784030442215,0.005849537874363552,0.0007599135319510535
476,0.09835299718956213,0.19991157986855101,0.8237475752830505,0.028687328100204468,0.1693733394020572,0.06986842304468155,0.03947714585419251,0.2104723534845504,0.005614014938878569,0.0007559810720924947
477,0.09802115114343851,0.19865932164050765,0.8235952258110046,0.028588755056262016,0.16908209561116166,0.0698147863149643,0.03946911657696231,0.21010403746747677,0.006006830464529447,0.0007520527574774807
478,0.09673855840889709,0.2023958664829448,0.8224583268165588,0.02900363691151142,0.17030454166437084,0.07047209143638611,0.03973865187472218,0.21162472146607944,0.005965475188775014,0.0007481286534979105
479,0.09844715695186684,0.20065902160891033,0.823142945766449,0.02890653721988201,0.17001922603012287,0.0701112300157547,0.03941322619011203,0.21129479877050172,0.005754222048956995,0.0007442088254755937
480,0.09652374601526202,0.20520742856344934,0.8206517696380615,0.029585737735033035,0.17200505148114992,0.07072816789150238,0.04028355280406498,0.21372407976341276,0.005927221752398493,0.0007402933386611583
481,0.0986529232151919,0.19822064294653424,0.8251546621322632,0.02820456586778164,0.16794215036071689,0.06929531693458557,0.039168681432027286,0.2086917307757013,0.005465475307616695,0.0007363822582329698
482,0.09781544054562952,0.20145973739987713,0.8221235871315002,0.029233353212475777,0.17097763951018793,0.07087704539299011,0.039767059565413244,0.21247389015907017,0.005629172984475496,0.0007324756492960424
483,0.09704448757665035,0.1988576987789849,0.8239631652832031,0.02865189127624035,0.16926869549990733,0.06976591795682907,0.03937581591763651,0.2103498981236428,0.005416793050352089,0.0007285735768809571
484,0.09571978726685948,0.20105509813559258,0.8231542706489563,0.028685230761766434,0.16936714782320222,0.06930850446224213,0.039731451918015546,0.2104401376274002,0.0058539643116290565,0.0007246761059427775
485,0.09507158421137542,0.19825235842648198,0.8244272470474243,0.028351260349154472,0.16837832505745648,0.0698760449886322,0.03944627175909061,0.20921697773941306,0.005589071774974931,0.000720783301359971
486,0.09449051998082965,0.2005600252393949,0.8232314586639404,0.028756504878401756,0.16957743033317185,0.07001372426748276,0.03965458522780662,0.2107136386204452,0.0056891429954836524,0.0007168952279333263
487,0.09586386191250694,0.19612916937824024,0.8245516419410706,0.028370024636387825,0.16843403645459495,0.06959042698144913,0.039105967834183096,0.20931864236183811,0.005959569024533989,0.0007130119503848773
488,0.09456756551190085,0.19983777618509227,0.8230297565460205,0.02889307029545307,0.16997961729411287,0.06989829242229462,0.039544633399313245,0.21123235016512695,0.005797776395626278,0.0007091335333568224
489,0.0948667677732753,0.1966757688481929,0.8255499005317688,0.027858925983309746,0.16690993374664598,0.06786021590232849,0.039278987670386276,0.2073752316691488,0.005805334465024818,0.0007052600414104523
490,0.09542827400466107,0.1985561742873515,0.8229978680610657,0.029027080163359642,0.17037335520368097,0.070925273001194,0.03945456238998697,0.21173898874654976,0.005615620820078444,0.0007013915390250711
491,0.09492453723425591,0.19409175482341798,0.8251916766166687,0.02806977741420269,0.16754037547469772,0.06915830075740814,0.03913511292397288,0.2081859792695609,0.005874373690309195,0.0006975280905969274
492,0.09669963745372173,0.19860085011538814,0.8238994479179382,0.02865622751414776,0.16928150375675352,0.07002168148756027,0.03936828642378955,0.2103667219219665,0.005461621954278283,0.0006936697604381387
493,0.09554853324083404,0.20180032187599248,0.8232287764549255,0.028909729793667793,0.17002861463197244,0.07073729485273361,0.039587990894347794,0.2112911050916052,0.005343976981605016,0.0006898166127756232
494,0.0955694019344278,0.19394840426364188,0.8258972764015198,0.028016334399580956,0.16738080654477966,0.06901086121797562,0.03880504013776439,0.208015970061188,0.0054319664979080445,0.0006859687117500281
495,0.09407188997708059,0.1948454513893289,0.8260622024536133,0.02775239199399948,0.16659049190755,0.06794977188110352,0.03912331645029625,0.2069863234663157,0.0056056538255971605,0.000682126121414666
496,0.09528791154889542,0.19665401403681707,0.8250269293785095,0.028376180678606033,0.16845230980490009,0.06916479021310806,0.03898657184585995,0.2093540291461334,0.005364976048586408,0.0006782889057344436
497,0.09333719776836406,0.19741049080581988,0.8249231576919556,0.02830287627875805,0.16823458704665353,0.06809541583061218,0.039120733544647776,0.2090660185296863,0.005461218450138187,0.0006744571285848012
498,0.09456296780588404,0.19583381800833394,0.8250568509101868,0.028347540646791458,0.16836727902651233,0.06912054121494293,0.039008748802596895,0.2092442100451935,0.005490866650861785,0.000670630853750647
499,0.0912316698592235,0.19674386980675035,0.8248924016952515,0.028318166732788086,0.16828002475869822,0.0686749666929245,0.03908167457846752,0.20912692297651614,0.005573803369218291,0.0006668101449252966
500,0.09326460899002963,0.19980264884435525,0.8233485817909241,0.029023027047514915,0.1703614599829284,0.06916505843400955,0.039266076688942615,0.21174218199449507,0.005226844196544583,0.0006629950657094108
501,0.09356224705715555,0.20057557232804218,0.8241478204727173,0.028498202562332153,0.1688141065264753,0.06828141212463379,0.03941643526762996,0.20977101274671417,0.005532201169179597,0.00065918567960994
502,0.09361745651214864,0.19268885583190595,0.8263483047485352,0.027894532307982445,0.16701656297500092,0.06881053745746613,0.03876023018823599,0.20755987336214896,0.005272175910607456,0.0006553820500390639
503,0.09396054654233045,0.1997159205503383,0.8238161206245422,0.028760861605405807,0.16959027568055254,0.0695963203907013,0.03929957184107507,0.21076363002803797,0.005431450777373616,0.0006515842403131383
504,0.09401486528153866,0.1960280245896113,0.8247983455657959,0.02835424616932869,0.16838719122703094,0.06886998564004898,0.0391427199865218,0.20925695700058447,0.005450674976490973,0.0006477923136516392
505,0.09115416651135845,0.19675679062887774,0.8252925872802734,0.02810715325176716,0.1676518811459244,0.06802261620759964,0.03916550555758083,0.20832496964037733,0.005453399605133753,0.0006440063331761124
506,0.0921628666968504,0.19721886477733064,0.8244962096214294,0.028482241556048393,0.1687668259938795,0.0687449648976326,0.03918656376791856,0.20973268566404704,0.005570905314476258,0.0006402263619091201
507,0.09171144961410418,0.19259601439964974,0.8267269134521484,0.027782531455159187,0.16668092708873197,0.06775098294019699,0.038535222127425994,0.20715608971474903,0.005478191501078261,0.0006364524627731955
508,0.09103504095642949,0.1974917579505403,0.8242499828338623,0.02832198329269886,0.16829136428438288,0.06865742802619934,0.03950705583714158,0.20910101158088043,0.005722425766097791,0.0006326846985897916
509,0.09173618344832044,0.1950512810026185,0.8258039355278015,0.027940094470977783,0.16715290745595118,0.06825780123472214,0.03894009036929776,0.2077145905127728,0.005734484504441355,0.0006289231320782381
510,0.09181361586935931,0.194520876569263,0.8260142803192139,0.02798732928931713,0.16729414003280907,0.06797724217176437,0.03881736670130524,0.20790539938097458,0.005342884416393723,0.0006251678258546957
511,0.09224754684461207,0.19905895777678084,0.823671281337738,0.028578566387295723,0.16905196357125143,0.06832808256149292,0.039526512506228455,0.21006085879187816,0.005840662478523769,0.0006214188424311154
512,0.09229625513906566,0.19859107646901727,0.8244209289550781,0.028395013883709908,0.1685082012357556,0.06841225922107697,0.03942672529623878,0.2093835565612082,0.005334749449220214,0.0006176762442141956
513,0.09146250649341284,0.1940342637441926,0.8255301117897034,0.02824719063937664,0.16806900558811147,0.06952089071273804,0.03879053840297562,0.2088878622643486,0.005227347741473266,0.0006139400935043461
514,0.09054416915531245,0.19548547192145202,0.8259226083755493,0.028011716902256012,0.1673670125868775,0.06788574159145355,0.03888840922671734,0.20799114715725214,0.005215111822254915,0.0006102104524946485
515,0.0911805887461789,0.19693392426785777,0.8236812353134155,0.028676994144916534,0.16934283021408533,0.06945375353097916,0.03935106503670336,0.2104452535516818,0.005781820884633515,0.0006064873832698234
516,0.09125506470480714,0.19793373965105768,0.8238691687583923,0.028680752962827682,0.16935392809978658,0.06860454380512238,0.03922357875469314,0.21047135345106185,0.005700368190939804,0.0006027709478051931
517,0.09109964124925907,0.19412515590251503,0.8261023163795471,0.02781843952834606,0.16678860730981016,0.06748222559690475,0.03897564739421161,0.20725091940269802,0.005547038442867451,0.0005990612079656549
518,0.08982492742491632,0.1982152450640323,0.8240501284599304,0.02838185243308544,0.16846914386048692,0.06863880902528763,0.039533174092412304,0.20932297594047922,0.005928401310019449,0.0005953582255046469
519,0.09095990727585249,0.20129257453195118,0.8224397897720337,0.028945492580533028,0.17013374909327375,0.06931129097938538,0.03994704494686737,0.21138939313087637,0.005813317655046093,0.0005916620620631232
520,0.09076633187309133,0.1923984944567842,0.8269920349121094,0.027543483301997185,0.16596229482023073,0.06746730953454971,0.038821761563997526,0.20622100264996324,0.005223576065293853,0.0005879727791685248
521,0.0885484140490117,0.1941160737710484,0.8263381719589233,0.027653176337480545,0.16629244221395195,0.06681083142757416,0.03893510788095273,0.20662675785775445,0.005805629301709029,0.0005842904382337592
522,0.0891614994118581,0.19658316255120908,0.8250643014907837,0.028100626543164253,0.16763241495356515,0.06774520128965378,0.039329716028013946,0.20828457003363376,0.005614547259853798,0.0005806151005561741
523,0.09015041348887354,0.19949131042270338,0.8240038156509399,0.028519926592707634,0.16887843732314564,0.06824220716953278,0.03951196325615861,0.20984331429181344,0.0055669488218924295,0.0005769468273165399
524,0.0895587394514833,0.19236555796558574,0.8265918493270874,0.02760964073240757,0.1661614899199197,0.06765857338905334,0.03875390285499234,0.2064779733970981,0.005903870729571856,0.0005732856795780298
525,0.0883604368234329,0.19135460787910527,0.827328085899353,0.027501307427883148,0.16583518151430698,0.06686648726463318,0.038548581742353934,0.2060856456912875,0.0053615151074270844,0.000569631718285204
526,0.08799546756683159,0.19221012471085888,0.8269914388656616,0.027447324246168137,0.1656723400153693,0.06707873940467834,0.03885625243314647,0.20585040954234532,0.005571859638838091,0.0005659850042629945
527,0.08917292369546487,0.19404812889584042,0.8260861039161682,0.02792118676006794,0.1670963397566444,0.06725370138883591,0.03870789838105059,0.2076650042299585,0.0056097552011178655,0.0005623455982156948
528,0.08919854162772976,0.1912998247702243,0.8269243240356445,0.027557922527194023,0.16600579064356166,0.06711512804031372,0.0387484592902464,0.2062822414253588,0.005576239989853426,0.0005587135607259448
529,0.08973752425876629,0.19339261936434246,0.8263975381851196,0.027721231803297997,0.16649694232417,0.06738530099391937,0.03885705237058334,0.206893344149393,0.005478846746685098,0.0005550889522537279
530,0.08929499740687022,0.19326463897349472,0.8264312148094177,0.027776144444942474,0.1666617665961287,0.06722155958414078,0.03879369095850361,0.20710779970103108,0.005433207040586219,0.0005514718331353595
531,0.08919281514749787,0.19312207590220337,0.8262128829956055,0.027957594022154808,0.16720524519929034,0.06728332489728928,0.0386996688931146,0.2078039486638636,0.00535280037766271,0.0005478622635824873
532,0.08818987716450792,0.1937542797650321,0.8259022235870361,0.02798372693359852,0.16728337315345634,0.06745617836713791,0.038873568746635084,0.20788627978360097,0.005487653000971812,0.0005442603036810852
533,0.08940826331650742,0.19213619739827464,0.8262956142425537,0.027737105265259743,0.16654460443154484,0.06791506707668304,0.03886698130931507,0.2069522599014628,0.005702925206630118,0.0005406660133904546
534,0.08944093636335564,0.19397899723154002,0.8266443014144897,0.02759641967713833,0.1661217014033336,0.0662342831492424,0.03891363387914309,0.2064133546286557,0.005541140274495337,0.0005370794525422269
535,0.08694252522600382,0.1983489159305217,0.8239782452583313,0.02858482114970684,0.1690704620852112,0.06785431504249573,0.039408948982952115,0.21009586345875472,0.005544259601623617,0.0005335006808393663
536,0.08732777327479192,0.1919389994720281,0.8270962238311768,0.027429843321442604,0.16561957408906292,0.0666976273059845,0.03884875409151054,0.2057843627201861,0.005574953294515153,0.0005299297578551771
537,0.08773092392077979,0.19453784937070587,0.825200080871582,0.028149891644716263,0.1677792944457577,0.06800956279039383,0.039097936768925624,0.2084920110012429,0.00567180479746533,0.000526366743032311
538,0.08673049633326488,0.19055281907825147,0.8275401592254639,0.027530504390597343,0.16592318822454366,0.06677141785621643,0.03834799026071011,0.20621543869248077,0.005466874114343902,0.0005228116956817778
539,0.08684237452161997,0.1939452327156471,0.8258019089698792,0.02793280966579914,0.16713111519342871,0.06696047633886337,0.038993254022624185,0.20768222489948854,0.0056403043600833196,0.0005192646749819604
540,0.0879544828683588,0.19509866164397385,0.8253383636474609,0.028098678216338158,0.1676266035459114,0.06740593910217285,0.03914855329703488,0.2082944068702374,0.005547813265654361,0.0005157257399776242
541,0.08662090675618353,0.19598747600438232,0.8247900605201721,0.028131552040576935,0.16772463158575407,0.06791935116052628,0.03945848651610239,0.20838888838250982,0.00568509377331306,0.0005121949495789409
542,0.08741273544166023,0.19724463848239285,0.8242204785346985,0.028402389958500862,0.1685300862116342,0.06718301773071289,0.03939790082921905,0.20941301755069855,0.005818413195124229,0.0005086723625605029
543,0.08607195891732536,0.19297849374302364,0.8267354369163513,0.027569789439439774,0.16604152926132598,0.06634244322776794,0.03880335709835446,0.20632201295846922,0.005709940821758353,0.0005051580375603474
544,0.08631638349723239,0.19272380663176714,0.8266294002532959,0.027627456933259964,0.1662150923750908,0.0665656253695488,0.03878602144425266,0.20654313107747943,0.005716342945086085,0.0005016520330789796
545,0.08634049100998305,0.19366458563481348,0.8257856369018555,0.02801835723221302,0.16738684904201112,0.06724968552589417,0.038982395650309254,0.2080072393991518,0.005320428582630418,0.0004981544074783973
546,0.08738809954543848,0.19165011975219695,0.8274996280670166,0.02737833932042122,0.1654640121610171,0.066225565969944,0.03856823971440456,0.20561424296802963,0.005467182712094685,0.0004946652189811235
547,0.08603471006601598,0.1916107784135867,0.827199399471283,0.027444900944828987,0.16566502631765398,0.06658881157636642,0.03856002721603958,0.20586857820384005,0.005787513061268221,0.000491184525669233
548,0.08549961017787996,0.1907492225705567,0.827589750289917,0.027248715981841087,0.1650718509675138,0.06619728356599808,0.038674950356974054,0.2051079773746664,0.005613195461192191,0.0004877123854833877
549,0.08510848902323455,0.19098721267813343,0.8270992040634155,0.02760055474936962,0.16613414684937478,0.0670846626162529,0.038586444064277484,0.2064599305375642,0.0054683738524853795,0.00048424885622187124
550,0.08596193117407513,0.19303839615846086,0.8258455395698547,0.027888143435120583,0.16699743541480086,0.06710145622491837,0.03910430965481487,0.20750279078560147,0.005602900809062243,0.00048079399553962765
551,0.08606495379591277,0.1957498017256543,0.8247461915016174,0.028400808572769165,0.16852539444478143,0.06767159700393677,0.03910440492016525,0.20943504831751172,0.00558185145607525,0.00047734786094730106
552,0.0862320273034162,0.19169035061436185,0.8273367285728455,0.02733181230723858,0.16532335681094362,0.0659099668264389,0.03887699005979936,0.20540725092235582,0.005476596471374865,0.00047391050981027854
553,0.08661224983429981,0.18930928888967483,0.8277468085289001,0.02728026919066906,0.16516739748106785,0.06640974432229996,0.038547690842734864,0.20524111129340927,0.005445121412590036,0.00047048199934773463
554,0.08477477366920684,0.1934805458127442,0.825852632522583,0.02798662707209587,0.16729204126943956,0.06732091307640076,0.03889180528787343,0.2078954993403723,0.005496629145276652,0.00046706238663168074
555,0.08569127406778652,0.19156271130856822,0.8269733190536499,0.027588391676545143,0.16609753663599333,0.06670112162828445,0.03854011736448273,0.20641758677546143,0.00567321797863907,0.0004636517285860116
556,0.08471017006750914,0.18883206228078422,0.8281128406524658,0.027152441442012787,0.1647799788870383,0.06605884432792664,0.038465161619270515,0.20475867686441637,0.005572269983971833,0.000460250081985562
557,0.08493649356314784,0.1924801635540138,0.8267926573753357,0.02758476696908474,0.16608662489521767,0.06653676182031631,0.038716129126623956,0.20638728305150714,0.005691614290973901,0.0004568575034551581
558,0.08599506847537897,0.18799445033073425,0.8282428979873657,0.027157913893461227,0.16479658337921096,0.06627592444419861,0.038314330152201564,0.2047939875294319,0.005480921533847717,0.00045347404946867676
559,0.08485294482319017,0.19271279972488597,0.8265439867973328,0.027696330100297928,0.16642214426060592,0.06669319421052933,0.03886363100668439,0.20679808928648746,0.00550299880015892,0.0004500997763481049
560,0.0847252487145882,0.19219193493915818,0.8265038132667542,0.02773013897240162,0.16652368892263233,0.0670543760061264,0.038918303538498907,0.20692171942147572,0.005313206430231468,0.00044673474026260193
561,0.08564235177735187,0.1906991967205274,0.8271695971488953,0.027490176260471344,0.16580161718291936,0.06626411527395248,0.03865254724737169,0.20603309084270816,0.0055542316409621425,0.0004433789972275649
562,0.08402205767318201,0.18943392548520685,0.8275283575057983,0.02731603942811489,0.16527564680894427,0.06610074639320374,0.03845699370601792,0.20538562246203557,0.005890910092848246,0.0004400326031036959
563,0.08395071219641637,0.19318823882583844,0.826047956943512,0.02798493020236492,0.1672869696131917,0.0662187784910202,0.03866705707920823,0.20790986096462855,0.005594982160896161,0.000436695613596072
564,0.08508809358781919,0.1906040245193546,0.8275823593139648,0.02727159671485424,0.16514114179953535,0.06567241251468658,0.038467140908021114,0.20521440065357313,0.0059869653182196576,0.00043336808425321937
565,0.08370481564289134,0.19109590023250903,0.8275676369667053,0.027396999299526215,0.1655203893770378,0.06620974093675613,0.03851208027802394,0.20569077668757518,0.005476735469639408,0.0004300500704661852
566,0.0836479414445756,0.18901384167246899,0.8277508020401001,0.027393054217100143,0.16550847173815647,0.06620637327432632,0.03839738518649633,0.20568632130385112,0.0055333916269800195,0.00042674162746762084
567,0.08452630905136241,0.18786657475313898,0.8284835815429688,0.02712736837565899,0.16470388087613172,0.06598199158906937,0.03824373713579007,0.20468347814845655,0.005429565971630233,0.0004234428103308564
568,0.08359507642393746,0.1888449751472069,0.8281046152114868,0.0272236168384552,0.16499580854814222,0.06573211401700974,0.038411247359251395,0.2050369675526179,0.005424136171096691,0.00042015367396898944
569,0.08358113332637487,0.1876907356209674,0.8283983469009399,0.027159852907061577,0.16480246632578524,0.06590669602155685,0.038209348417413094,0.20481140412371246,0.005396452894875758,0.0004168742731339669
570,0.08292426760913382,0.1899765731166985,0.827646017074585,0.027238385751843452,0.16504055789969765,0.06593740731477737,0.03860089580747267,0.20507519129516671,0.005716182247491579,0.0004136046624156763
571,0.08392900712450466,0.19263341202069137,0.8261638283729553,0.027819275856018066,0.16679111443964292,0.06630083173513412,0.038849161630982385,0.20726561326689386,0.005725487627644149,0.0004103448962410352
572,0.08297393326943014,0.19251471694748282,0.8260427117347717,0.027819890528917313,0.1667929570722856,0.0656668022274971,0.038796384157374304,0.20727247004703575,0.005930821675402851,0.00040709502887308606
573,0.08396460343253577,0.1896292909474696,0.8280956745147705,0.027186395600438118,0.16488297547181188,0.06573060154914856,0.03838970321224783,0.2048960285997131,0.005569036023601214,0.00040385511441009284
574,0.08326248545480999,0.19257307279918154,0.8260868191719055,0.027916472405195236,0.167082232464123,0.06651191413402557,0.038817207751195695,0.20763712524397238,0.0055202641835190745,0.00040062520678464154
575,0.08303732814385452,0.19081899043867143,0.8272705674171448,0.027503831312060356,0.1658427909559543,0.06566435843706131,0.03856208918395538,0.2060937166539325,0.005520379181763441,0.000397405359762739
576,0.08254926692232985,0.19099855637651378,0.8273063898086548,0.027411382645368576,0.16556383254010695,0.06593051552772522,0.038523616677406954,0.20574412512821955,0.005738004999335077,0.0003941956269429232
577,0.08176115042673497,0.1895716210543099,0.8277266025543213,0.02733716182410717,0.16533953497003423,0.06548651307821274,0.03856542040282461,0.20545735490770084,0.005320715931531966,0.0003909960617553651
578,0.08177064645056278,0.19147370705160044,0.827261745929718,0.027339281514286995,0.16534594495870467,0.0653521940112114,0.038810681237500796,0.20544181545658466,0.0056188726429844725,0.00038780671746098454
579,0.08240797305395235,0.19061066008220284,0.8273267149925232,0.02739662118256092,0.16551924716648792,0.06533915549516678,0.03860591992158312,0.20568020857768404,0.0056472615208528094,0.0003846276471505602
580,0.08224063222591971,0.18680946970895185,0.8283164501190186,0.027112115174531937,0.1646575694419541,0.06601211428642273,0.03830829080117827,0.20461875693014395,0.005496459872913193,0.00038145890374384733
581,0.08252630592112815,0.18903251800496698,0.8278688192367554,0.027233781293034554,0.16502660783350834,0.0659799873828888,0.03848766321684723,0.20506848812167353,0.005556656220653886,0.00037830053998869604
582,0.08228991597080519,0.18857309500039635,0.827618420124054,0.02734563872218132,0.16536516780199306,0.06585799157619476,0.03839434866318934,0.20550499041674722,0.00573388876832105,0.0003751526084601741
583,0.08120263583980658,0.187574518686634,0.828584611415863,0.02709035947918892,0.16459149273030158,0.06554946303367615,0.038218837945942975,0.20454386192120794,0.005343037106406607,0.0003720151615596912
584,0.08206840802625587,0.18923049912614337,0.8276373147964478,0.027398813515901566,0.16552586962738353,0.06519031524658203,0.038379235241962545,0.2057099645240365,0.005559733798234715,0.0003688882515141266
585,0.08147833689912208,0.18785071575035484,0.8287413120269775,0.027006130665540695,0.1643354212138719,0.06477289646863937,0.03828340166720721,0.2042142839680391,0.00519125131062752,0.00036577193037495956
586,0.08215503500397472,0.19140180162454057,0.826634407043457,0.027792913839221,0.16671206866697144,0.06627964228391647,0.03857559642263071,0.20719169301757023,0.00547865833217302,0.000362666250017405
587,0.08125157345907925,0.18847968340930293,0.8285226821899414,0.027106445282697678,0.16464035131977117,0.06469111889600754,0.03826037678402535,0.20460176091776458,0.00533863764730266,0.00035957126213954547
588,0.08055311979393945,0.187072404107805,0.8286499381065369,0.026958974078297615,0.16419188188914097,0.0653647854924202,0.038313819692948496,0.2040292803522766,0.0055276361951911495,0.0003564870182614758
589,0.08269516941373801,0.18803864338640439,0.8280210494995117,0.027226395905017853,0.1650042299609857,0.06574746966362,0.038336343313968554,0.20505442709467878,0.005525659765462465,0.00035341356972444146
590,0.08168661778967186,0.18837777411533616,0.8276221752166748,0.027370227500796318,0.16543949800696423,0.06614267081022263,0.038388309770602196,0.20559973004908783,0.005647714376905719,0.0003503509676899861
591,0.08051834667377242,0.19123403614355347,0.8266481161117554,0.027690589427947998,0.16640489604560318,0.06583576649427414,0.03871863078215628,0.20678997375594185,0.005453988958718665,0.00034729926313909886
592,0.08125660158806337,0.19017271381818643,0.8266760110855103,0.027690058574080467,0.16640330097110595,0.06586757302284241,0.0386914000446174,0.20679044214150383,0.005487564497911022,0.00034425850687136667
593,0.08129288933698504,0.18615308252431578,0.8290614485740662,0.026916591450572014,0.16406276680152634,0.06519285589456558,0.03808740466299666,0.20388744384449592,0.005403189273735259,0.00034122874950412744
594,0.08005589834242789,0.1885362898899337,0.8279544711112976,0.027265364304184914,0.16512227076982958,0.06503422558307648,0.038464631975802945,0.20519189857534667,0.005417401831682781,0.00033821004147162846
595,0.08099127540595581,0.1901811574727802,0.8276501297950745,0.02735544554889202,0.1653948171766335,0.064857117831707,0.038469981039722656,0.20553579578241798,0.005550688640219906,0.000335202433024186
596,0.08133251829990087,0.18868539646520452,0.8276029825210571,0.027487928047776222,0.16579483721689353,0.06576310843229294,0.03829327565941558,0.20605827617684067,0.0054372782490933755,0.00033220597422735094
597,0.08104747504536118,0.19013907103720357,0.8271534442901611,0.02752958983182907,0.16592043223132308,0.0654485896229744,0.03866791361691068,0.2061821602022657,0.005415143154105241,0.00032922071496107095
598,0.0800500856515504,0.18815003171310588,0.8283958435058594,0.027085455134510994,0.16457659351958587,0.06463795155286789,0.03845305366056103,0.20450306146633862,0.0053430549795342045,0.00032624670491886566
599,0.07985304293765762,0.18961721507169432,0.828086793422699,0.027141256257891655,0.16474603563634438,0.06432118266820908,0.03859488923306458,0.20470385231335522,0.00541638284828813,0.0003232839936069951
600,0.08014237702883262,0.18963130298307387,0.8278980255126953,0.02728234976530075,0.1651736957426961,0.06474762409925461,0.0383570433483893,0.20526657528572717,0.005636424336692723,0.00032033263034363785
601,0.08001829881862571,0.18840926633042804,0.8274734020233154,0.02747291885316372,0.1657495666756439,0.065861277282238,0.03841809020874109,0.20598932106268222,0.005497967255904733,0.0003173926642580698
602,0.0806407066135248,0.186249866323956,0.8289679884910583,0.026945626363158226,0.16415123016035618,0.06457304209470749,0.038085145819823245,0.20399942534671983,0.00544588401487427,0.000314464144289845
603,0.08057161136966458,0.1866682842373848,0.8289653658866882,0.02692549116909504,0.1640898874674946,0.06495577841997147,0.038189656600698826,0.20391221823307182,0.005388415849167098,0.0003115471191879832
604,0.08020206311228052,0.18661650876372549,0.8292333483695984,0.026727497577667236,0.16348546595238134,0.06434836983680725,0.038330155572995225,0.20313461904491584,0.005392815343699619,0.00030864163751015617
605,0.07965534018335746,0.1872531697154045,0.8292545080184937,0.026704663410782814,0.16341561556590242,0.06399127095937729,0.03832910621528546,0.20304634331945107,0.005415536320037615,0.0003057477476218808
606,0.07941250512066925,0.19176921071642536,0.82638019323349,0.027871854603290558,0.1669486585848792,0.06546194106340408,0.038667928670127714,0.2074823503284159,0.00542066182823596,0.00030286549769571427
607,0.07898203065208077,0.18896694872844016,0.827518880367279,0.027331817895174026,0.16532337371096087,0.06481777876615524,0.038482531396810384,0.2054438191507677,0.005769869274624439,0.00029999493571044987
608,0.07899922690722877,0.18909338672282333,0.8279091119766235,0.02733236365020275,0.16532502427098794,0.06456528604030609,0.03835659112413812,0.20545843374077993,0.005386653762045689,0.00029713610945032183
609,0.08019388840727935,0.1889558457216974,0.827810525894165,0.0272497721016407,0.16507504990652191,0.06479877978563309,0.038517750682360144,0.20512709260067266,0.005472475405073216,0.00029428906650420594
610,0.08061089510733987,0.18878665831634553,0.8273906111717224,0.027470296248793602,0.16574165514074488,0.06514403223991394,0.03845147177691222,0.205976073468686,0.005553969310361782,0.0002914538542648314
611,0.07887479755183362,0.18686581516669967,0.8284740447998047,0.027051830664277077,0.1644744073230759,0.06478507071733475,0.03837788843790285,0.20438067502708232,0.005461598141200964,0.0002886305199279887
612,0.07810779179241002,0.18624191402883852,0.828825056552887,0.026948940008878708,0.1641613231211259,0.06443366408348083,0.038195691850701353,0.20400179929909815,0.005480890005483501,0.00028581911049174556
613,0.07906509298842479,0.18783201567702373,0.8280889391899109,0.02727658860385418,0.1651562551157363,0.06529835611581802,0.03836406731506648,0.20524454176588092,0.005275925772503786,0.0002830196727556642
614,0.0788277162075763,0.18928826044676667,0.8275854587554932,0.027461566030979156,0.16571531622327237,0.0650034174323082,0.038437392415888574,0.20594445665444386,0.005359374239486819,0.00028023225332002234
615,0.07951004618604378,0.19150595051252237,0.8258748650550842,0.027979759499430656,0.16727151430961176,0.06604442000389099,0.038740028066352634,0.20788328714763468,0.00571634485433728,0.00027745689858503763
616,0.07880844821832692,0.18728385221655086,0.8282569646835327,0.027235381305217743,0.16503145550233064,0.06477074325084686,0.03827449084477569,0.20509499979982487,0.005321370229132235,0.00027469365475009497
617,0.07918048879621252,0.18687347739429797,0.8282281756401062,0.02720809541642666,0.16494876603487113,0.06451437622308731,0.038231093163135076,0.2049941027043099,0.005534693571606966,0.000271942567812977
618,0.07835014531349488,0.18533846281342586,0.8295198082923889,0.026745563372969627,0.1635407086109438,0.06405294686555862,0.03810332738792793,0.20322598184690252,0.00530152330275813,0.0002692036835691008
619,0.07803697123268219,0.18670154135611097,0.8290697336196899,0.026814812794327736,0.16375229095902058,0.06403156369924545,0.03824344795125383,0.20348008920063282,0.005471337852450111,0.00026647704761075143
620,0.0786896861436864,0.18642882245071865,0.8288038372993469,0.02695521153509617,0.16418042372675304,0.06404989212751389,0.03825958414924179,0.20402022388256466,0.005341951669942445,0.0002637627053263271
621,0.07773431048382445,0.188219796803038,0.8282821178436279,0.02717960998415947,0.16486239712002088,0.06424672156572342,0.03829150172097482,0.2048795465258144,0.005375771355112255,0.0002610607018995811
622,0.07784902705076598,0.1922955828703056,0.8260321021080017,0.02793150395154953,0.16712720889056196,0.06523913145065308,0.03882423242489472,0.20769348931494364,0.005446417238573319,0.00025837108230887046
623,0.07853537003349322,0.1859166886089212,0.829152524471283,0.026806769892573357,0.16372773098218077,0.0641244649887085,0.0382719677624225,0.20344658301039395,0.00535290792965828,0.00025569389132640725
624,0.07845835752357529,0.1882919532767797,0.8282809853553772,0.027067365124821663,0.16452162509780185,0.06393973529338837,0.03843765439752645,0.20443465690595106,0.00551809474912726,0.0002530291735175131
625,0.0778981286053211,0.1844262359505993,0.8298006057739258,0.026586128398776054,0.1630525326352708,0.06358432024717331,0.03809922243382231,0.2026089293027194,0.005356668002668654,0.00025037697323987776
626,0.07784973039907991,0.1865212712752617,0.8284655213356018,0.0270974263548851,0.1646129592555978,0.06462973356246948,0.03821168369977473,0.20457132478718112,0.00552659524295207,0.00024773733464281995
627,0.07796131508858183,0.18565104573459948,0.8293367624282837,0.026763496920466423,0.1635955284244237,0.06392907351255417,0.03814357132052966,0.20329135721576258,0.00539678945007602,0.00024511030166655305
628,0.07754233470496094,0.18523903052180501,0.8294486403465271,0.02678222768008709,0.16365276557420924,0.06421066075563431,0.038027493861567806,0.20337469086509238,0.005352310504506967,0.00024249591804145448
629,0.07841681882604011,0.18537767319861104,0.8293325304985046,0.02677467279136181,0.16362968187759153,0.06377317756414413,0.03808742911523445,0.20333971083096894,0.005444325459902137,0.00023989422728733478
630,0.07733072081631404,0.18715386711439844,0.8284975290298462,0.02707160823047161,0.16453451987492354,0.06484387814998627,0.03834359574529792,0.20446013023552642,0.005337942870658098,0.00023730527271271693
631,0.07766455067518614,0.1852520464335458,0.8292911648750305,0.026812924072146416,0.16374652384751995,0.06420274078845978,0.03803769902028144,0.20349206220589508,0.005478814542372975,0.00023472909741411292
632,0.07825435920874518,0.18331933804487777,0.8297961950302124,0.026613039895892143,0.16313503577065272,0.06402844935655594,0.03792185620775845,0.20272954630016654,0.00553880808280694,0.00023216574427530726
633,0.07797049274077228,0.1858148165678574,0.828944206237793,0.02687171846628189,0.16392595421800019,0.06422232836484909,0.03822065789920202,0.2037017593437497,0.005513529972503829,0.00022961525596664265
634,0.07661666453244823,0.1853955756809752,0.8290599584579468,0.026735691353678703,0.16351052367868774,0.06379310041666031,0.03827780299335056,0.20317057868469454,0.005732905890482934,0.00022707767494431046
635,0.07725996593874387,0.18607324172379608,0.8290100693702698,0.02696242369711399,0.16420238639287185,0.06381155550479889,0.038054771387222734,0.2040671451881118,0.005354757214108357,0.000224553043449643
636,0.07707818669584943,0.1847652946993456,0.8295929431915283,0.02661554329097271,0.163142708359806,0.06341686099767685,0.038060070998671515,0.20272604570569527,0.005662259892018755,0.00022204140350841133
637,0.07752819361553452,0.1857932350140507,0.8288670182228088,0.026912402361631393,0.16404999957827307,0.0641537755727768,0.03820534169703058,0.2038600076294421,0.005536902331189231,0.00021954279693012482
638,0.07676418188655484,0.1865168856614727,0.8286163806915283,0.027111126109957695,0.16465456601612266,0.06443677842617035,0.03811425293546558,0.20463323019297694,0.005411463544414376,0.0002170572653073364
639,0.07760412297760252,0.18720704178183767,0.8282046914100647,0.027161817997694016,0.16480842817554572,0.06458216160535812,0.03834778231053821,0.20480578368230282,0.00551594672095531,0.0002145848500149479
640,0.07718494284639185,0.18610531609442274,0.8288207650184631,0.02707846276462078,0.16455534863571217,0.06431131064891815,0.038050133430488874,0.20451388166571882,0.005345129728467204,0.00021212559220952458
641,0.07720921965164,0.1847797468052072,0.8296432495117188,0.02676248364150524,0.16359243149212388,0.06393274664878845,0.037949185123517054,0.2033059524609947,0.005223816858605968,0.00020967953282860624
642,0.07645241799131261,0.18365003635822716,0.8299711346626282,0.026657067239284515,0.1632699214162992,0.0639132708311081,0.03779161879619874,0.2029126139003707,0.005351517912712008,0.00020724671259002983
643,0.0769013606934749,0.1852711983403917,0.8290145397186279,0.02697920799255371,0.16425348700272305,0.06440245360136032,0.03802494061316559,0.20413442283286318,0.005410866701477112,0.00020482717199124813
644,0.07627644747765763,0.18498053401708603,0.8297202587127686,0.0267044585198164,0.1634149886632692,0.06334292888641357,0.037984357989208156,0.20307820954966402,0.005263307557199791,0.00020242095130865764
645,0.0765416958901097,0.18447129213708943,0.8301042914390564,0.026570962741971016,0.16300602056970478,0.0634988397359848,0.037886947952377195,0.2025702126072526,0.005242190446276306,0.00020002809059692738
646,0.07669978287194791,0.1841888950537827,0.8294017314910889,0.026832081377506256,0.1638050102332229,0.06436704099178314,0.03797144216296355,0.20357248643161668,0.005331050176729071,0.00019764862968833238
647,0.0764914885658512,0.1845585122957068,0.8294419646263123,0.02678321674466133,0.16365578738517417,0.06396600604057312,0.03799551996580427,0.20338146818059102,0.005373332352290537,0.0001952826081920903
648,0.07626723218990597,0.1834318925768642,0.8296905159950256,0.026737980544567108,0.16351752366204397,0.06393428146839142,0.03788104175770561,0.20321735703297272,0.005347005346202487,0.00019293006549370316
649,0.07574820383437811,0.18336470778715813,0.8303850293159485,0.026468683034181595,0.16269198822984982,0.06323889642953873,0.0378128725690654,0.20218000303752579,0.0052669763581791726,0.0001905910407542994
650,0.07614345236307185,0.1842716329936254,0.8294591307640076,0.026726247742772102,0.16348164344284072,0.06358527392148972,0.03797213810797853,0.20316307004551593,0.005570004384139302,0.0001882655729099853
651,0.07612039153309387,0.18582383530624844,0.8293256163597107,0.026803988963365555,0.16371923822008688,0.0633912906050682,0.03812228968290627,0.20345008951777196,0.005240224724481499,0.00018595370067119295
652,0.07640729945862042,0.18424670499260143,0.8295416235923767,0.026771707460284233,0.16362062052285534,0.06348096579313278,0.03801206920208595,0.20333577187989754,0.005200517825190706,0.00018365546252203986
653,0.07671217753177684,0.1855107036940122,0.8291009664535522,0.026948096230626106,0.164158753134355,0.06380119919776917,0.03810784125751047,0.20400727754530865,0.005207756017158727,0.00018137089671968538
654,0.07604577811012815,0.18476604379839817,0.8294025659561157,0.02676127664744854,0.16358874242272461,0.06348831206560135,0.03805861654675402,0.20329063338160272,0.0054547216428764075,0.0001791000412936948
655,0.07585234008166725,0.18408312711675287,0.8296432495117188,0.026620667427778244,0.163158412065631,0.06352105736732483,0.0381287340432495,0.20273986397370533,0.005446949408233725,0.000176842934045407
656,0.07624681901715673,0.18329081760119584,0.8302247524261475,0.026466529816389084,0.1626853706280595,0.06316019594669342,0.037966794026879684,0.20215708027667834,0.005337484350321289,0.00017459961254730395
657,0.07598374583659935,0.18323025852441788,0.8300062417984009,0.026590580120682716,0.163066183252944,0.06336350739002228,0.03786640290163081,0.20264780404896213,0.005466685453554082,0.0001723701141423863
658,0.07569937747860964,0.1835523597517256,0.8301205039024353,0.02649214118719101,0.1627640660194719,0.06289767473936081,0.03805936136766602,0.2022481294729357,0.005208129738358724,0.00017015447594355128
659,0.0760238857382734,0.18327455891896102,0.8300580978393555,0.026578694581985474,0.1630297352693228,0.06363242864608765,0.03793041405094882,0.20259614101554155,0.005247364641498966,0.00016795273483297457
660,0.07534569452356356,0.18471235857676652,0.8297672271728516,0.02663215808570385,0.1631936214614525,0.06333725899457932,0.03805535721028047,0.2027915087624097,0.00533633182669411,0.00016576492746149806
661,0.07607828742427768,0.18472855853832373,0.8295188546180725,0.026661695912480354,0.16328409571198402,0.0632738545536995,0.03816799652591296,0.20289517201824647,0.005426320040097106,0.00016359109024801648
662,0.07563291314505378,0.18144170220120479,0.8311509490013123,0.026196055114269257,0.16185195431093582,0.06304839253425598,0.03772575984467525,0.20112602859587303,0.005208114370912855,0.00016143125937887482
663,0.07486064016278778,0.18264209226531497,0.8307589888572693,0.02628585696220398,0.16212913668494006,0.06274621188640594,0.03784425327573154,0.20146522614391463,0.005308503335617623,0.00015928547080726346
664,0.07599880415777426,0.18271112921884505,0.8302934169769287,0.02650793083012104,0.16281256348980272,0.06333882361650467,0.037815564815592194,0.20233212293999173,0.005321978646872935,0.00015715376025262078
665,0.07522923582630216,0.182456784708015,0.8304483890533447,0.026432378217577934,0.16258037463844746,0.06318417191505432,0.03783806967068977,0.20203649028758713,0.005278291065064898,0.00015503616320003798
666,0.07493567255148355,0.18393062206648164,0.8300029635429382,0.02655009552836418,0.16294200050436408,0.06290549784898758,0.03799010562928846,0.20247945542963688,0.0053213257914029215,0.00015293271489966902
667,0.07506515937674442,0.18392313360157658,0.8297814726829529,0.026628702878952026,0.16318303489931796,0.06325583904981613,0.03803381501599232,0.20278012819666205,0.005343381621687774,0.00015084345036614323
668,0.0748241672297979,0.1852618642782761,0.8292160630226135,0.02679639495909214,0.16369604442103095,0.06310682743787766,0.03821448950587244,0.20341192667792476,0.005342146097768174,0.000148768404377983
669,0.07466719515644171,0.18340895678532326,0.8299335837364197,0.02660701423883438,0.16311656641443376,0.06312855333089828,0.03796648126905961,0.20270254146133487,0.005264758869375331,0.0001467076114770241
670,0.07523155251793631,0.1846822641663632,0.8296161890029907,0.026719290763139725,0.16346036450203982,0.0635540708899498,0.038073869468286024,0.20312718243526895,0.0052878216346538805,0.00014466110596784206
671,0.07502458980616486,0.18407659560947096,0.8297696709632874,0.02662995271384716,0.16318686440350266,0.06322714686393738,0.0380223228963519,0.20278607115449968,0.005330797507268158,0.000142628921917179
672,0.07522579788981608,0.18350520439572254,0.8302852511405945,0.026440812274813652,0.16260631068569772,0.06253167241811752,0.03789731536867946,0.2020635196142079,0.005391970850375444,0.00014061109315337855
673,0.07473599557339965,0.18465831395933183,0.8295620083808899,0.026753447949886322,0.16356481268869025,0.06344950944185257,0.037971419168967846,0.20326863309100743,0.005391282272015927,0.00013860765326582185
674,0.0752530128123897,0.18339448977830047,0.8298738598823547,0.026623297482728958,0.16316647168682957,0.06338199973106384,0.03793407080433537,0.2027683611774341,0.005430404785945327,0.00013661863560436818
675,0.07465741348950884,0.18334509432315826,0.8297507762908936,0.026731781661510468,0.1634985677659302,0.06364410370588303,0.037846963283660905,0.20319654048531166,0.0053667937210469955,0.00013464407327880084
676,0.07476930483455384,0.18501873377521158,0.829249918460846,0.026811497285962105,0.16374216709803893,0.06350486725568771,0.038091553677444295,0.20348150805685944,0.005483646392789095,0.00013268399915827408
677,0.07479824875326675,0.1860876598600614,0.8285722136497498,0.027050375938415527,0.16446998491644463,0.06366370618343353,0.03824931796903767,0.20438711824566352,0.005466972268617384,0.00013073844587076854
678,0.07395068382748664,0.18364773577047608,0.8302012085914612,0.02651626616716385,0.16283815943188454,0.06272638589143753,0.037896395334851764,0.2023569680834329,0.005306321026305258,0.0001288074458025457
679,0.07500877661287245,0.18490380654900762,0.8296288847923279,0.026693070307374,0.1633801404925764,0.06298486143350601,0.03806812835896483,0.2030262156680402,0.005314138745416244,0.00012689103109761045
680,0.0744969026604808,0.1842084549746271,0.8298912048339844,0.02656855620443821,0.16299863865823608,0.06288554519414902,0.038017815714832794,0.202548400751918,0.0053664679954916195,0.0001249892336571748
681,0.07500278249698103,0.18388330191373825,0.8297935724258423,0.026588596403598785,0.16306010058747905,0.06315967440605164,0.03805553157884848,0.20262252574071268,0.005396326997275878,0.00012310208513912789
682,0.0749618396770738,0.18315047455036035,0.8300996422767639,0.026520436629652977,0.16285096447259065,0.06310758739709854,0.0379397232703922,0.20236895231207794,0.005380347696449999,0.00012122961695750822
683,0.07450789156907274,0.18360356443514259,0.8297617435455322,0.026586955413222313,0.1630550686523492,0.06314098089933395,0.038039220070703546,0.2026174329289571,0.0055330803113277024,0.0001193718602819812
684,0.07402772053490952,0.18118406907986787,0.8310734033584595,0.026176191866397858,0.1617905802770911,0.0624493733048439,0.03771777441164387,0.20104896160752667,0.0053106623133753975,0.00011752884603731962
685,0.07403986811007618,0.18397935441995072,0.8297649025917053,0.02666621096432209,0.16329792088181064,0.06290515512228012,0.03795101494055077,0.20293310160697559,0.005372527626038575,0.00011570060490289053
686,0.07371020357594389,0.18513813842151125,0.8291915655136108,0.02684897929430008,0.163856581479964,0.0629332959651947,0.03810071352896127,0.20362547510898396,0.0054096139744087635,0.00011388716731214179
687,0.07372195149836583,0.18333000336158073,0.8297961950302124,0.02668553590774536,0.1633570809844047,0.06331415474414825,0.03791841625787784,0.2030110498067093,0.005319989751594623,0.00011208856345209857
688,0.07442785659945624,0.1834798369367244,0.8302982449531555,0.026448456570506096,0.16262981451906688,0.06238570064306259,0.03793081611158313,0.20209027803587637,0.0053030936421750025,0.00011030482326285794
689,0.07414850126670566,0.183128213478347,0.8298625349998474,0.0266391821205616,0.16321514059841874,0.06300335377454758,0.03786199246144229,0.20283661140629972,0.005446968944065858,0.00010853597643709306
690,0.07363170049972044,0.18416839143482305,0.8291578888893127,0.026880765333771706,0.1639535462677514,0.06337609887123108,0.03805327849186825,0.20375250212180313,0.005414990817726641,0.00010678205241955689
691,0.07441041055852914,0.18239371023945888,0.8308051824569702,0.026226729154586792,0.16194668614882737,0.061757877469062805,0.03779908815762706,0.20123837121987814,0.0055011429721937705,0.00010504308040659328
692,0.07414278768430664,0.18285785628072285,0.8301656246185303,0.026531808078289032,0.1628858743976562,0.06246459484100342,0.0378163452079973,0.20242464849117156,0.005377843967577258,0.00010331908934565024
693,0.07447451930436844,0.18365151018409406,0.8298938870429993,0.026549721136689186,0.1629408516508036,0.06268142908811569,0.03796831025253552,0.20247973140487732,0.005493125484913892,0.00010161010793479875
694,0.07412725486694145,0.1833694977527958,0.8298913836479187,0.026549143716692924,0.16293907977122285,0.06289773434400558,0.03801267558975051,0.20247341147754738,0.0054459180839690775,9.991616462225415e-05
695,0.07400835478774011,0.18215530390961696,0.8303735852241516,0.026444492861628532,0.16261762777026523,0.06287962198257446,0.03783265280225298,0.2020839182773134,0.005380613082917074,9.823728760590396e-05
696,0.07359450487166733,0.18109551754038214,0.8306585550308228,0.026317952200770378,0.162228086966377,0.0627579614520073,0.037794893176346,0.2015948432286012,0.005388043154518359,9.657350483283642e-05
697,0.07342655130653583,0.18274030884948828,0.8301457762718201,0.026531167328357697,0.16288390751807771,0.06288284063339233,0.037871891790916365,0.2024169925555808,0.005370366591843636,9.492484399887773e-05
698,0.07406295051522485,0.18217113626710438,0.8305526375770569,0.026350360363721848,0.1623279407980088,0.06239348277449608,0.03781765967871704,0.20171890142067236,0.005429408344493553,9.329133254812848e-05
699,0.07393298084282082,0.18178017412201833,0.8307554721832275,0.02632085606455803,0.16223703666104738,0.06252633035182953,0.03778020861441119,0.2016078151360788,0.005242152797690087,9.167299767250949e-05
700,0.07413458317698308,0.18083534882230273,0.8313026428222656,0.02612520009279251,0.16163291772653401,0.06215357780456543,0.03764172238167105,0.20085673045224284,0.0053059168535886155,9.006986631130668e-05
701,0.07345493943669645,0.18167280696206173,0.8307803869247437,0.02628256566822529,0.16211898614358927,0.062372684478759766,0.03774866827078652,0.2014611580863352,0.005411783200606926,8.848196515072424e-05
702,0.07337380040808386,0.18279495481717384,0.8304665088653564,0.026413094252347946,0.16252105787358126,0.062396083027124405,0.03782598411212883,0.2019624637827788,0.005354529952687121,8.690932062343967e-05
703,0.07373011257398164,0.183457468273276,0.8302130103111267,0.02649237960577011,0.16276479842327735,0.06262371689081192,0.03794091840440401,0.20226006489549084,0.005277048229452291,8.53519589081641e-05
704,0.07366972020475526,0.1826285127613504,0.8303361535072327,0.026436131447553635,0.16259191691948782,0.06264349818229675,0.037883331208838515,0.20204666819380068,0.00537684793452536,8.380990592920653e-05
705,0.07362446983505232,0.18180320917044657,0.8306926488876343,0.026329195126891136,0.16226273486814874,0.06254836916923523,0.03778376744505304,0.20163984404231247,0.005309179866365241,8.228318735604176e-05
706,0.0740200494081232,0.1815148152537265,0.8308214545249939,0.02631439082324505,0.1622171101433047,0.062368057668209076,0.037688347192710824,0.20159107345793492,0.00531473584099559,8.077182860288375e-05
707,0.07392026540285872,0.18165066926661183,0.8306388854980469,0.026416927576065063,0.1625328507596697,0.06278279423713684,0.037713544147567585,0.20198814745101124,0.005219049069926634,7.927585482826276e-05
708,0.07286854979674982,0.1820809238795507,0.8306308388710022,0.0263720341026783,0.16239468618978362,0.06257911026477814,0.03778170613724644,0.20180694557903442,0.005286131312220156,7.779529093460498e-05
709,0.0730049251789773,0.18364709401029652,0.8298484683036804,0.026582734659314156,0.16304212541338559,0.06259076297283173,0.03803222181677927,0.2026019882405378,0.005399585400528792,7.633016156782009e-05
710,0.07317144099589201,0.1825507649425733,0.8303220272064209,0.02640235424041748,0.16248801260529183,0.0624522939324379,0.037936269597108614,0.20191025638664556,0.005401065598145558,7.488049111688962e-05
711,0.07309223182521918,0.18131210250874696,0.8308213949203491,0.026237772777676582,0.1619807790377506,0.06224701181054115,0.037816471423796405,0.20128014808131658,0.005351909465009966,7.344630371346149e-05
712,0.07353349725555437,0.1817601902757661,0.8307395577430725,0.026288239285349846,0.16213648351111432,0.06221044436097145,0.0378153754871966,0.20147714323072327,0.005356496684448335,7.202762323144804e-05
713,0.07330567447125372,0.18149571726887914,0.8310547471046448,0.02616078406572342,0.16174295677315725,0.06222350522875786,0.03772528616663246,0.20098777791603148,0.0054418521692698825,7.062447328662886e-05
714,0.07324155037406709,0.1811737663159936,0.8310542702674866,0.026181792840361595,0.16180788868396248,0.062278833240270615,0.03770000442152209,0.20107235344887261,0.005397773041690464,6.923687723625763e-05
715,0.07350119889862948,0.18135977132340608,0.8311352133750916,0.026166317984461784,0.16176006300833895,0.061967626214027405,0.03769649327113798,0.2010124093016083,0.0052986689139772536,6.786485817867301e-05
716,0.07319059022603798,0.18146267381765074,0.8308337926864624,0.026279298588633537,0.16210890965222588,0.062360573559999466,0.03772361976012824,0.20145084889075188,0.005365808349156466,6.650843895291448e-05
717,0.07335575910853476,0.18218506051827285,0.8305901885032654,0.02631881646811962,0.16223075068592768,0.062325894832611084,0.0378538912242798,0.20159266268357548,0.005392802020385985,6.516764213834266e-05
718,0.07286252350380414,0.18222554368992983,0.8308581709861755,0.02624606341123581,0.1620063684280214,0.061923567205667496,0.03776967805845139,0.2013168645780602,0.00537157276710571,6.384249005426146e-05
719,0.07309913547467609,0.18173807164875128,0.8306623697280884,0.02633802406489849,0.1622899382737528,0.0625017061829567,0.03777750460338299,0.20167477718672921,0.00534123178272603,6.253300475954965e-05
720,0.07346018028988578,0.18078176298383938,0.831132173538208,0.026185594499111176,0.16181963570318397,0.062278494238853455,0.037633726850326024,0.20109346398642236,0.005374928244939423,6.123920805229019e-05
721,0.07287507355663352,0.181846288553739,0.8306600451469421,0.026347564533352852,0.16231932889632353,0.06250625103712082,0.037771290037086305,0.20171256688966652,0.005322396295642945,5.996112146941061e-05
722,0.07278887026034453,0.18154626705888974,0.8306970000267029,0.026302779093384743,0.16218131548789688,0.06245364248752594,0.03777301598001067,0.20153768852467346,0.005423413776971936,5.869876628632224e-05
723,0.0728247372878102,0.18122106487468137,0.8311229944229126,0.026210058480501175,0.1618952083308866,0.062006305903196335,0.03764348055214491,0.20118831826571268,0.005263219601733337,5.7452163516566815e-05
724,0.07313402418013426,0.18144605839151448,0.8307409286499023,0.026346666738390923,0.16231656335196024,0.06247159466147423,0.03770437823369484,0.20171534635123334,0.005307611327652824,5.6221333911467035e-05
725,0.07290682704201998,0.1832244821776778,0.8299558758735657,0.026591937988996506,0.16307034674948265,0.06258484721183777,0.037908848455473675,0.20264928388130218,0.005366789992770593,5.500629795978053e-05
726,0.07319718642087142,0.18341655347306848,0.8300696015357971,0.026543019339442253,0.1629202852300543,0.062433384358882904,0.03790647608981672,0.2024597314249982,0.005368545893786466,5.3807075887358885e-05
727,0.07295124761737726,0.1823215276255446,0.8304086327552795,0.026424461975693703,0.1625560271896853,0.06239808723330498,0.037863735791985244,0.20200325179610434,0.005305423851462871,5.26236876568118e-05
728,0.073222090234119,0.18183606231616714,0.8307643532752991,0.026288814842700958,0.16213825841762627,0.06229430437088013,0.03779697840512068,0.20148117398651297,0.0053299926726478606,5.145615296717326e-05
729,0.07290070212454594,0.18267376038987757,0.8303245902061462,0.026421260088682175,0.16254617832690554,0.062442708760499954,0.03795249805525473,0.20198252222311067,0.005276141422736269,5.030449125357522e-05
730,0.0728484333529393,0.18114277859360484,0.8308866620063782,0.02627360261976719,0.16209134036020303,0.06243962422013283,0.03775064195255259,0.2014263635924906,0.005228066087716652,4.916872168692251e-05
731,0.0727268246162874,0.18226177093841262,0.8305783867835999,0.026353174820542336,0.16233660961268823,0.06220721825957298,0.037874658221588836,0.20172488487659704,0.0052390737200703995,4.804886317357544e-05
732,0.07227705258122023,0.18201368946140095,0.8305532932281494,0.026355385780334473,0.16234341927018314,0.06223416328430176,0.03782120575122837,0.20173819927590986,0.005401177240699104,4.694493435503353e-05
733,0.07303646245121596,0.18202801869582322,0.8306764364242554,0.02632279507815838,0.16224301241704797,0.061970435082912445,0.03780944579622918,0.2016124992308876,0.005308061633928255,4.585695360762603e-05
734,0.07289861589445089,0.18212060958652174,0.8306065201759338,0.026330875232815742,0.16226791190132367,0.062151871621608734,0.03780263751201592,0.20164442578310002,0.005417726677345011,4.478493904220584e-05
735,0.07295439824506955,0.18233072252596838,0.8305461406707764,0.026354659348726273,0.1623411819247546,0.06203804165124893,0.03784244905955763,0.20173341653457444,0.005384670006939841,4.372890850384803e-05
736,0.07284645459353023,0.18173139807531388,0.8307963013648987,0.026261163875460625,0.16205296626554117,0.06208134815096855,0.03780284384167411,0.201372676001268,0.005371182478908766,4.268887957155273e-05
737,0.07260727570631353,0.18233230634260986,0.8305426239967346,0.026340307667851448,0.16229697368666937,0.06221134588122368,0.03784904718161148,0.2016768367786778,0.005412344317944838,4.166486955795253e-05
738,0.07255581662824147,0.18199525066351485,0.8306909203529358,0.026336638256907463,0.16228566867381564,0.06215806305408478,0.0377888139392619,0.20166844126975378,0.005275400142006126,4.065689550902436e-05
739,0.07261906420176123,0.18241290129342322,0.8304452300071716,0.02642558142542839,0.16255947042675917,0.06230726093053818,0.03780474848839889,0.20201302567883267,0.0053616022985412005,3.966497420380593e-05
740,0.07250431276790326,0.18260060124478097,0.830528199672699,0.026380343362689018,0.16242026770907939,0.062132302671670914,0.037821675149970646,0.20183549144496987,0.005320752169553815,3.8689122154115485e-05
741,0.07280777201191536,0.18190789879378627,0.8307396173477173,0.02631831355392933,0.16222920068202681,0.06217479705810547,0.0377396018863589,0.20160155102855973,0.005332971676507762,3.772935560427841e-05
742,0.07282312290906186,0.18148490344568835,0.8310943245887756,0.026186853647232056,0.1618235262476753,0.06190967932343483,0.03769628018288461,0.20109267666522115,0.005295303242465022,3.678569053085565e-05
743,0.07241228778826866,0.1811310225876711,0.8310428857803345,0.026200061663985252,0.16186433104296094,0.06205920875072479,0.03770283286773518,0.20114360536625175,0.005327737908481389,3.58581426423782e-05
744,0.07239025702919484,0.1814948221889593,0.8308870792388916,0.026242751628160477,0.16199614695467443,0.06206381693482399,0.03775315978895497,0.201305511679002,0.005354659210926466,3.49467273790855e-05
745,0.07237112451220927,0.1810075631838734,0.8310422897338867,0.026210106909275055,0.1618953578990919,0.06207491457462311,0.03766902738462391,0.20118596666479968,0.005342889693378894,3.4051459912668804e-05
746,0.07235818876240549,0.181289054705935,0.8310394287109375,0.0262012779712677,0.16186808818067785,0.06197625398635864,0.03771363675237167,0.20114740204326972,0.005294500742389901,3.3172355146017914e-05
747,0.07278203943975022,0.18112488937074855,0.8309540152549744,0.026247205212712288,0.1620098923297966,0.06199032440781593,0.03767569913701927,0.20133015970216664,0.005352760278735338,3.230942771297369e-05
748,0.07265082932445938,0.18199668471085823,0.8307009339332581,0.026324618607759476,0.1622486320674522,0.06207425519824028,0.037784254254696455,0.2016219594771122,0.0053162319647385315,3.1462691978084294e-05
749,0.07202155868947686,0.18162223961898835,0.8308206796646118,0.026266522705554962,0.1620694996153038,0.0619235523045063,0.037739082110955065,0.20139950771307136,0.005396497725172715,3.0632162036366096e-05
750,0.07244727717785676,0.18141111175892716,0.8309327960014343,0.026239333674311638,0.16198559711996507,0.06195499747991562,0.037729860691281744,0.20129443573993186,0.00531324169242,2.9817851713068524e-05
751,0.07225827431570728,0.181781455621881,0.8308103680610657,0.026246560737490654,0.16200790331798834,0.06194101646542549,0.037773154668429614,0.20131838195045673,0.005424107330835376,2.9019774563445265e-05
752,0.07222866140913747,0.18121151651366282,0.8310951590538025,0.026175187900662422,0.16178747757679648,0.06189992278814316,0.037688500092669844,0.20104769234859138,0.0053607143756391395,2.8237943872526722e-05
753,0.07250325606848898,0.18191866361993855,0.8308422565460205,0.02624508924782276,0.16200336184111352,0.06184115260839462,0.03779480693102405,0.20131073945858788,0.005350204201801785,2.7472372654900703e-05
754,0.07237155041080587,0.18106396167965258,0.8310409784317017,0.026199733838438988,0.16186331838449064,0.06200455501675606,0.03769760964860546,0.20114274415881042,0.0053600860906726855,2.6723073654494513e-05
755,0.0720035903538462,0.18057976322153868,0.8312178254127502,0.026155639439821243,0.16172705228198914,0.062056172639131546,0.037642155360033604,0.20097573913168298,0.005305974618920139,2.599005934436348e-05
756,0.07260115998389137,0.1806295343627364,0.8313552737236023,0.026086337864398956,0.16151265543108057,0.0618196576833725,0.037648116038050954,0.20070401201538463,0.005326756409991793,2.5273341926482987e-05
757,0.07248343261707225,0.18121447477300287,0.8310134410858154,0.026208925992250443,0.16189171069653455,0.06199131906032562,0.037701705837633374,0.2011782635905817,0.005357250341776866,2.4572933331545484e-05
758,0.07221407310480077,0.18099695873462548,0.8311313390731812,0.026173589751124382,0.16178253846174,0.062006913125514984,0.03767900212878866,0.2010423558145943,0.005344373851370554,2.3888845218761828e-05
759,0.07214220248590424,0.1812032694786282,0.8310070037841797,0.026212841272354126,0.16190380252592626,0.061902131885290146,0.03771032135872823,0.20119278993492745,0.005337487587875342,2.3221088975667576e-05
760,0.0723654109185556,0.18079908520488416,0.8311647176742554,0.02617178112268448,0.16177694867528092,0.061909280717372894,0.03762705693749156,0.20104011368687022,0.0053709532031180575,2.2569675717932576e-05
761,0.07198259446015891,0.18076333883455245,0.8311495184898376,0.02620922401547432,0.16189263113395347,0.0620327852666378,0.03761485096744821,0.20118772573893914,0.005272893496772746,2.1934616289176915e-05
762,0.07219622823271866,0.18058409314539473,0.8313383460044861,0.02611428312957287,0.1615991433441801,0.06184493005275726,0.03760491647846771,0.20081739768209617,0.005337681667133586,2.131592126078952e-05
763,0.07225152273912805,0.1808735956832514,0.831119179725647,0.026189737021923065,0.16183243501203046,0.06200258433818817,0.037662958741112355,0.2011069961666789,0.005323163323748978,2.0713600931753092e-05
764,0.07179915804832364,0.18044487513222937,0.8313980102539062,0.02608679048717022,0.16151405662409146,0.06172823905944824,0.037614165434258544,0.20070895849164466,0.005333429391113482,2.0127665328471982e-05
765,0.07181064759766587,0.18087717398243436,0.8310524225234985,0.026206614449620247,0.1618845713760896,0.06201263517141342,0.03765975326203377,0.20117311569868282,0.005390773794409382,1.9558124204605278e-05
766,0.07241889250287477,0.18070857883509944,0.8311781287193298,0.02616722509264946,0.16176286685345762,0.06185530126094818,0.03764816860533181,0.20102036891221667,0.005347452335128429,1.9004987040904972e-05
767,0.0714179966992662,0.180925596442263,0.8310456871986389,0.026204584166407585,0.1618783004803534,0.061963554471731186,0.03769441329298614,0.2011620046916352,0.005351269438887328,1.8468263045057666e-05
768,0.07188280180006588,0.18099763433812027,0.8310922980308533,0.026185480877757072,0.1618192846287397,0.06189384311437607,0.03768596866902455,0.20108817498127066,0.005343899544316458,1.7947961151531455e-05
769,0.07223462386568867,0.18139284887051177,0.8309478163719177,0.026221735402941704,0.16193126752712617,0.061833418905735016,0.03772638934896125,0.20122594939929825,0.005368799158363984,1.744409002142745e-05
770,0.0720846798619835,0.1806071293303522,0.8312408328056335,0.026143968105316162,0.16169096482276354,0.06178668513894081,0.03763117008701656,0.20093107162800383,0.005330214666942964,1.695665804233488e-05
771,0.07168056750585665,0.1807264912936647,0.8311848044395447,0.026179470121860504,0.16180071112903213,0.06189626455307007,0.03763473218456772,0.20106958362633845,0.005295009533304026,1.648567332819253e-05
772,0.07187624490648238,0.18064502007880454,0.8312298059463501,0.026167815551161766,0.16176469191749404,0.061842262744903564,0.037626393284557164,0.20102484431735756,0.005283709111427263,1.6031143719152664e-05
773,0.07220862773204859,0.18062937373326995,0.8312620520591736,0.02613094635307789,0.16165069239900548,0.061664875596761703,0.037628752370626836,0.20088034867142956,0.005346205673478332,1.5593076781451102e-05
774,0.07194230298081193,0.18045636721081654,0.8313294053077698,0.026118218898773193,0.16161132045365262,0.06176382303237915,0.037619016512260094,0.20083150494470015,0.005326419527721738,1.5171479807280979e-05
775,0.07164075999911819,0.18049155882859635,0.8313169479370117,0.02611478604376316,0.1616006993913181,0.06168116629123688,0.03762227187699889,0.2008177501438568,0.005335761693051296,1.4766359814671765e-05
776,0.0719297882788491,0.1807107537732286,0.8313104510307312,0.026123611256480217,0.16162800269903793,0.06167048588395119,0.03763406712030673,0.20085124973820437,0.005298468084488831,1.4377723547372053e-05
777,0.07207935188652165,0.18086041257543078,0.8310580849647522,0.026217849925160408,0.16191926977713433,0.061980243772268295,0.037666420475745026,0.20121651681915878,0.005310045747905847,1.4005577474737126e-05
778,0.07212127733896866,0.1806488826365794,0.8311522006988525,0.0261771809309721,0.16179363686799336,0.06187842786312103,0.03764143939669285,0.20105991210730575,0.005350038456526179,1.3649927791622124e-05
779,0.07212749708815283,0.1806846434029482,0.831150233745575,0.026170091703534126,0.16177172714517862,0.06195008382201195,0.0376695125866343,0.2010296068543916,0.005332945071917303,1.3310780418277751e-05
780,0.07235051394409284,0.18085635579743628,0.8310949206352234,0.026197152212262154,0.16185534347763175,0.06188555061817169,0.0376613158512502,0.20113610440344287,0.005329669646754757,1.2988141000252644e-05
781,0.0718207616145157,0.1803729343464819,0.8312796950340271,0.026150166988372803,0.16171013260885295,0.06187102943658829,0.03759920284260917,0.20095830524881245,0.005324963158901855,1.2682014908299238e-05
782,0.07201214484712869,0.18069663719605591,0.8312288522720337,0.026133215054869652,0.1616577095435589,0.06173672899603844,0.03766905674415887,0.20088544843273062,0.005342938207353181,1.2392407238283854e-05
783,0.07220168869796116,0.1803102075295933,0.8313842415809631,0.02608911320567131,0.16152124691715114,0.0617588609457016,0.0376217721411136,0.20071734773364894,0.00532738777208896,1.2119322811102416e-05
784,0.07214179113957457,0.18010777070865794,0.831492006778717,0.026067787781357765,0.16145521912083785,0.06160272657871246,0.03756914513046114,0.2006388147892009,0.005301642874176055,1.1862766172599905e-05
785,0.07162946312944335,0.18088426390441797,0.8310192227363586,0.026215313002467155,0.1619114356753937,0.06187646463513374,0.0376808280738582,0.20120515825802926,0.005362717846486929,1.162274159349503e-05
786,0.07188587244093599,0.1810673630591166,0.8309574723243713,0.026240991428494453,0.16199071401933646,0.06186942756175995,0.037693029665630394,0.2013042717963154,0.005362020083757913,1.1399253069308438e-05
787,0.07227668683874643,0.18082566483546111,0.8310457468032837,0.026208512485027313,0.16189043358094793,0.06183018907904625,0.037679351258799475,0.20117876355867603,0.005347532952441506,1.119230432029718e-05
788,0.07184956932941232,0.18080064212366687,0.8310422301292419,0.026215406134724617,0.16191172327760772,0.0619463175535202,0.03767220117241066,0.2012063802367062,0.005340349499115476,1.1001898791391985e-05
789,0.07177323356180752,0.18079933852462446,0.8310251235961914,0.026222022250294685,0.16193215323182325,0.06189892441034317,0.03768512688279429,0.20123099412084014,0.005335856122981878,1.082803965214003e-05
790,0.07193147915547708,0.18081957581689803,0.8310606479644775,0.026213418692350388,0.1619055857354847,0.06185796484351158,0.03767197095045103,0.2011986594285585,0.00532478877097308,1.0670729796652803e-05
791,0.072175800361392,0.18077861820742236,0.8311260342597961,0.02618742734193802,0.16182529883160426,0.061833854764699936,0.03767187824322431,0.2010971504611573,0.005318558127800798,1.0529971843557056e-05
792,0.07174595161777249,0.18075238231380106,0.8311731219291687,0.026164501905441284,0.16175444941466458,0.06175791099667549,0.03766537889798419,0.20100815601609381,0.005321345788427035,1.0405768135951717e-05
793,0.07204908911375121,0.18062452567835985,0.8312190771102905,0.026155954226851463,0.161728025483685,0.0617818683385849,0.03765405567639439,0.20097585034777157,0.005301651966296932,1.0298120741369011e-05
794,0.07133796135824613,0.18087323704513453,0.8310821652412415,0.02620767429471016,0.1618878448022277,0.061811093240976334,0.037680410987604246,0.20117551374385234,0.005282671226478656,1.0207031451739553e-05
795,0.07209106675402635,0.18047850288577,0.8312218189239502,0.026167480275034904,0.16176365560605666,0.06179057061672211,0.037640072379186595,0.20102228695519178,0.0052564593945306,1.0132501783362957e-05
796,0.07174545192241309,0.18043715860378945,0.8312715888023376,0.02613717131316662,0.16166994560884412,0.0617656484246254,0.03763882593760083,0.200903834315528,0.005300724318056463,1.0074532976882218e-05
797,0.07189350276960348,0.1806698843079098,0.8311694860458374,0.026166504248976707,0.16176063875052146,0.061812594532966614,0.03767687947228473,0.20101497605564114,0.005295658419851786,1.0033125997263711e-05
798,0.07160936997151086,0.180904937118797,0.8310350179672241,0.026206769049167633,0.1618850488747112,0.06185920536518097,0.03769628481525075,0.20117038429967163,0.0053464178084880465,1.0008281533780173e-05
799,0.07193899621731205,0.1807305647407548,0.8311766982078552,0.02617141790688038,0.16177582608931526,0.061806000769138336,0.0376634563850473,0.20103543478608188,0.005292167442085243,1e-05
