SDNN,RMSSD,pNN50,mean_hr,std_hr,VLF,LF,HF,LF_HF,SD1,SD2,sample_entropy,approximate_entropy,alpha1,alpha2,mag_field_mean,mag_field_std,mag_field_max,mag_field_min,mag_field_iqr,temp_mean,temp_std,temp_max,temp_min,temp_iqr,current_mean,current_std,current_max,current_min,current_iqr,species_dog,species_cat,species_rabbit,species_mouse,age_norm,weight_norm,prev_freq,prev_intensity,days_since,n_prev_treatments,condition_severity,treatment_effectiveness,pain_score,activity_level,stress_level
42.88075969823219,34.30460775858575,17.014591318439706,99.1347818501258,12.995118422220674,139.7935279100802,204.94176124534937,245.0756301103941,1.106782488258599,21.440379849116095,51.456911637878626,1.9213615219282318,0.9195362370161555,1.0580988754498875,1.0226680792113345,12.201275875745281,2.3800733433864805,22.363434886080043,2.3760803135416473,4.917325205792661,24.90036831731485,2.420003945607873,37.55561733549354,18.416134313483717,3.8014297517655606,0.6481729805828823,0.12233471328262394,2.753560588823673,0.8614359727511887,0.8263626791128577,1,0,0,0,0.5270963932204028,0.3940302551375268,0.27830141471779163,0.4133247680687381,0.5555245080761153,0.4,0.42331392544818525,0.6758388562577748,0.2298655723382942,0.6642303340836477,0.3754310708262909
37.382088870585655,29.905671096468524,17.163482708580474,138.1543940966801,6.203485775081081,82.85290295004273,164.436062162084,452.5673741121536,1.395245046044702,18.691044435292827,44.858506644702786,1.4495380948787426,1.0545380172847525,0.8483584385071298,1.1832532927153185,9.990389473176885,2.0494847138557626,24.405202248163945,4.203456587397449,5.1619923767299225,28.532627562704697,2.59104327996534,34.50121675578299,20.806193179431908,4.766810525087102,1.0907879187964473,0.1554427375916998,3.020185169721519,0.8290797113400894,1.298711722696229,1,0,0,0,0.0704114777087233,0.6576739925350765,0.24004580102392395,0.24192231763484975,0.456674193510331,0.5,0.4809420588383286,0.5440266644674441,0.69491332319996,0.46691082723413496,0.4510443825405961
31.07320125939392,24.858561007515135,14.587811634837962,65.77563134779675,13.623700815332274,121.63675723373423,287.2941820622276,221.23627066430984,1.4414920688608706,15.53660062969696,37.2878415112727,1.709447047032723,1.2445097900449464,1.0494001561498651,0.9035993883845941,8.329218092297289,2.648559771213276,20.29109277330562,3.996733448842096,3.146443031502466,21.07286033263996,1.9932827567400493,32.206524224195135,18.125943333022438,3.577398776536972,0.8447330530559409,0.11775902007480404,2.4512586919423107,0.8030670368242743,0.5132223356198315,1,0,0,0,0.07953614665127953,0.7661192390962828,0.2905601962065498,0.20490470256077728,0.4113532924936363,0.2,0.5773333352262641,0.7910215342586222,0.5650264289476783,0.5866087231269703,0.348009347872032
54.77769384638513,43.82215507710811,13.651491529473766,45.64251852231024,11.883526335675215,58.617083730129664,270.0294069442437,215.8017177063255,0.9587064399677466,27.388846923192563,65.73323261566215,1.3606787058384064,1.1992901264076858,1.0804912049844806,1.0169319355068287,5.11381623465604,2.4318356938140946,16.465147280977696,4.5175717953090615,5.500570753064434,23.40498707107968,2.288278942145753,35.945217453342444,19.63807835885474,4.280858656171206,1.15464075004473,0.3684357037761572,2.017819655308676,0.9211837726462222,0.9162490160578782,1,0,0,0,0.6056365868290774,0.307393517211897,0.11157202264404827,0.446715802676615,0.11327039029633847,0.7,0.5181287994471584,0.8764997482514447,0.4449192812990609,0.8712948756276452,0.5450550579517961
28.080600892212992,22.464480713770396,12.23379973467378,108.11786278187927,8.238907133434061,121.00101598712932,294.40562210659095,407.636886778704,0.5742307014714183,14.040300446106496,33.69672107065559,1.1821386174314599,0.8630162969083532,1.1753032110833042,0.8285196909608948,6.190364700005695,1.934163556555973,19.82239856964513,3.6106201364249846,5.607217334321374,29.243585763382356,1.7298234174300826,34.58917549398969,21.908740290253746,4.584753771332574,1.7567463390879872,0.32198016842137955,2.335210019399867,0.7613037944842824,0.7357451785799243,1,0,0,0,0.15047144908848836,0.27600935859681913,0.2343705162231756,0.40378025816106755,0.5950372473312446,0.3,0.7147645394353455,0.6107904223206114,0.2165974281798777,0.7240432905325107,0.48988286572143924
62.92929241428347,50.34343393142678,16.990960527337485,78.42176087491666,5.138449399163641,132.2063199183992,277.3145411493525,429.1229348707757,1.4142458632138544,31.464646207141737,75.51515089714016,1.7153482151662212,1.2189118404791364,1.1777270136943978,1.1301743659871162,8.195568173268647,1.10471213091181,16.662320648003554,2.734841265225124,7.040039014984556,29.9106557233253,2.0730389578447825,31.37645194498807,23.514088944906213,4.174545920436861,1.1896924198408787,0.31860223872848636,2.46232816028671,0.4346656948688399,1.3846249320582515,1,0,0,0,0.37069789155371674,0.7235983698142018,0.23015331078803616,0.4426041707752018,0.13587746405602485,0.5,0.38860624506448355,0.5738078927387407,0.6254713692615985,0.4904040609439555,0.22523137987250585
72.85439582706078,58.28351666164863,16.288567720738037,112.9674850697366,11.309617431591766,128.61181669657,292.0592147319768,315.8799335450479,1.4060542269909173,36.42719791353039,87.42527499247294,1.5952468950975218,1.0764461859457817,1.1860077126401285,0.818300847476583,9.368187880877564,1.0185043216797391,15.248768789445606,4.650170177076572,3.3937456422543004,20.10557119331822,2.2525529533623443,37.24403040186706,19.024527559247268,4.101096014446545,0.749554082330838,0.25034287289667706,2.432353586470434,0.6808014029249168,0.6003399410683947,1,0,0,0,0.5792852427671702,0.45068022860985074,0.15921678979977366,0.2722781426352232,0.6392210703821098,0.4,0.5786748798533207,0.6696831172280754,0.6853269203699288,0.45848060774713323,0.5083178392950696
37.875310057797606,30.300248046238085,14.058962823946876,101.76133402113948,7.229570100258444,78.75641554325067,266.0376096197324,283.13032301809136,0.6791302076484571,18.937655028898803,45.45037206935712,1.4981079965203965,1.4623755194801786,0.9925546270425705,0.836048595115526,11.8592563387889,1.1259377680631355,22.31028554791378,4.755960773040969,5.181377647121903,22.866951641505608,1.8863094761580506,35.43803140342858,22.627474020192302,3.1913345077714066,1.631996867781972,0.39779530482657555,2.070962400823882,0.32363525702689694,0.8802290081566512,1,0,0,0,0.4386603818265177,0.23642190535300692,0.1295698194483397,0.4482226721624529,0.36766122777689714,0.0,0.6947288560106688,0.730454455624199,0.5075213143412161,0.558819189211169,0.4496206784045377
52.82491785593049,42.25993428474439,16.573739859092687,107.39310276535602,8.168969757089256,54.39244406445501,246.60664153333562,493.65716095614675,1.104054082854721,26.412458927965243,63.389901427116584,1.2485515749083265,1.2701880262498264,1.0172450797496653,1.1991741241935445,7.861380687231926,2.289479678537257,17.263591313756997,2.8503424347428945,5.919117147097788,24.646498932248537,2.680112386285335,37.3082953618422,20.240050953932627,3.5787520776119317,1.5313481004026654,0.42731995453819693,3.3963799624273596,0.7438563225178556,0.6680992755572586,1,0,0,0,0.28522224267395035,0.48099828960530316,0.13564127307288026,0.24499583579678583,0.9123097255895372,0.0,0.6105975947494309,0.8263874235723403,0.29428154213514013,0.40363557923406623,0.4359629722047472
41.986525811550585,33.58922064924047,14.840113329434352,82.43936184601232,14.076760262123425,100.38318417051806,172.1672454548463,491.1148238640477,0.507084795829023,20.993262905775293,50.383830973860704,1.4892332255175427,1.2567799700685034,0.808870841052526,1.0669885974105777,7.767028094427105,1.6561910793874453,21.45090700193575,2.4498738019384283,4.304266614795287,21.44403246466722,2.6939210345030866,37.77403694093806,20.43791840552347,4.114516904711449,1.8765481909383026,0.44304607922072226,3.7735997018537066,0.5083409880827713,1.0624648005984119,1,0,0,0,0.7144225884735255,0.6734891016489919,0.16977707545211865,0.31773060277488613,0.2392491171248342,0.6,0.38938060470315317,0.8489682568709583,0.6888764576769565,0.6613256215836063,0.5307551110065019
29.3994672872672,23.519573829813762,11.940188151422614,81.60444625544201,7.400898764191574,145.34613574022057,160.0721274096112,269.8186116790172,0.7907341549364622,14.6997336436336,35.27936074472064,1.1027158445234035,1.1088776527684734,1.1659277301519588,1.140846277515555,12.419672978306547,2.8489288412101454,19.733031351854365,3.2698428527341195,3.1561311525668274,26.870544550436826,2.8548604166809572,32.889431906145006,20.029599174316132,4.175153804906687,0.7521831673123629,0.49404259275158435,3.50148829902754,0.540142058528066,1.344375857350573,1,0,0,0,0.540591384969899,0.7239718025170518,0.15760518311616756,0.39098373394761055,0.7573155695549493,0.7,0.6537534408194144,0.6008246526730199,0.5831597497929152,0.4763681341033597,0.32190730759942837
84.38636210743402,67.50908968594722,18.791684223028238,57.95696200252176,11.175724265004902,115.76172023469869,236.95926686812058,268.9224181893826,1.2118496489999937,42.19318105371701,101.26363452892083,1.8134681492470601,1.1053575852523476,0.9687619889067471,1.1570478205659553,5.046281786936805,1.6070104706795487,24.787925077390256,2.5628341238496137,6.094067651991547,23.328056893040376,1.741853642097276,37.87509482117624,18.9231365791297,4.226381093491627,1.0038742717692077,0.20958360804419965,3.0345942426548307,0.6696576489188063,0.6052139033208029,1,0,0,0,0.48513567459248,0.793065845278074,0.20106984821176788,0.37872638950739995,0.8286190164441988,0.0,0.7374282777040321,0.8809708465231189,0.5376143667139134,0.7573047901761987,0.5501233646774577
84.01375182769755,67.21100146215804,13.511788156956003,132.07350318448235,5.600684219575322,75.74271689383663,280.28865609382797,355.45000578617083,0.6639914153690986,42.00687591384877,100.81650219323706,1.8147193862659132,1.3200098597866718,0.8830419877274458,1.167594341568088,10.67702282089304,1.23362673235068,16.449194700041772,2.7585866033094297,4.345046076676965,29.388659618228836,2.275249945183372,36.84581082659457,23.90583813902437,3.326856508509583,1.6679503884096443,0.4158007103927095,3.4223703087202075,0.6891672194063052,0.7828363834143223,1,0,0,0,0.37832847946573694,0.16955200270933937,0.28038385146586614,0.2834242700689734,0.10127559049525803,0.7,0.38444547612682684,0.6505497242170143,0.46064017070401453,0.5424789673099379,0.5131439058910929
58.38125377460417,46.70500301968334,19.755769196161033,82.66125556044813,10.796093529850175,136.88370509650673,279.02270103097646,481.8251911149294,1.471572716499633,29.190626887302084,70.057504529525,1.5697654942685406,1.2791169417855617,1.1156366590293247,0.8331796371586531,10.267270920194782,2.7952101129014673,19.671727007128958,2.4287389177653673,3.92797364897012,27.09307149256786,2.410458653178515,33.02671099643901,18.590331851888223,2.721860495963173,1.5260144212905666,0.34095179910350015,2.538681211680169,0.5510794459991444,0.7697732962100997,1,0,0,0,0.22607163655503765,0.5935832069637264,0.24855925331902903,0.3862851934848615,0.9371766761112468,0.9,0.621347599361152,0.8037579894424749,0.5383954508409237,0.8014827537831082,0.45515785579922075
65.39888342869124,52.31910674295299,11.50453930364164,93.93568482622028,13.664085082980241,61.46698683638235,249.3551715834865,358.6427442303987,0.9055964165587316,32.69944171434562,78.47866011442947,1.2738095851238698,1.1674251196565582,1.196808623857361,1.027566738964626,9.872081609446523,2.0757102156396057,17.73068426215684,2.2896089824996557,5.188084675933091,24.94706707742712,2.1007078642420836,35.8280662374321,19.381699713315815,3.276971310213724,0.8766145614835048,0.14413556106277836,3.2549881318112126,0.8731573840050275,0.836200829092615,1,0,0,0,0.6788176527897732,0.11768411286448735,0.25431172138229563,0.4763820992810167,0.21179458065304513,0.6,0.3700384314051858,0.6096224878410954,0.630037204276995,0.8020236034479145,0.29036671530484504
44.138361809392954,35.31068944751436,16.325509301830802,109.13956240937596,6.275371052042028,97.65131661423447,143.9039334897542,297.83500716385333,0.8320331776509093,22.069180904696477,52.966034171271545,1.1892778471533205,1.0054228886257979,1.1524596554161852,0.8297678646610964,10.689093019331517,2.7054482638256308,21.604806643915424,2.6991109203057078,6.2001862857293215,20.299092998727232,2.8976348815627486,37.58513411369216,24.940181955464677,4.251523943738826,1.9254597976868864,0.14234423056077553,3.9096408489602332,0.5486065632122401,0.7869945189789439,1,0,0,0,0.7155970379592841,0.38973350997877554,0.25225086693246407,0.4039843939608695,0.5360682064457839,0.2,0.6279836821255897,0.8134120353564618,0.4439814046061076,0.5828125702896891,0.4469876188850739
40.789607139530915,32.63168571162473,15.230507274214393,114.39812625881602,9.226981472452888,70.9796764257409,166.70573647099474,483.219066796973,0.5427234085001785,20.394803569765457,48.9475285674371,1.2797809952043826,1.4855256912349737,1.08120206355035,0.8255634551482217,5.487844732993733,1.1997163892006368,18.818293222006094,4.643648652402263,3.0345721998530517,20.688955730097803,1.3833159785610722,34.08380591788744,19.624261585496164,3.3208813711321414,1.5945468268631398,0.47829950509634156,3.892058721281541,0.8577231119928874,1.0009450318865352,1,0,0,0,0.40338711719761766,0.2384771907648689,0.27405870272501354,0.27510213552827745,0.7126203680602875,0.1,0.761053700689626,0.6630241812624155,0.46543057235044744,0.5145378162257707,0.5752440049347678
59.37244724723982,47.497957797791855,18.536722068939657,92.3671834581974,14.484155038451314,112.00007862069353,196.09231285017776,460.0478906032002,1.1922838918688856,29.68622362361991,71.24693669668778,1.9197884197876205,0.8849479853878972,0.8031891900160005,1.1870572639980859,13.995394104482186,1.5732599910403662,22.252225689660396,4.236019960756474,3.312971897960881,22.99627248032955,1.688262956618587,39.666015034229545,20.048853770711432,3.2207332525791306,1.5831306959869036,0.2657661110371836,3.1806310279970464,0.6715947267240843,0.6584113891540431,1,0,0,0,0.4734230047533646,0.11252257881459261,0.13534237430586152,0.49886491398526217,0.9766480786327971,0.2,0.375102595147911,0.6544641366328923,0.6989394345184017,0.7824335395940472,0.563390352271747
42.343612509461465,33.87489000756917,14.834923187295335,116.16455761992577,6.1541623561973315,80.84905621274783,111.08726202435244,426.83103338451656,1.354598339540285,21.171806254730733,50.81233501135376,1.6518246177384206,0.8706837861501493,0.8746918336817553,0.9271974449388511,11.111144281274438,1.6922898492270066,16.559659652287937,4.7186252422917985,7.273266064929286,22.562597815248694,1.0710291092237363,32.97925295398941,23.080990047379657,2.379068511662632,1.1675297740249162,0.4050084972052913,2.5079253603631524,0.7312197869987238,1.0606622580260834,1,0,0,0,0.44840619848879265,0.5745593121351192,0.053668149144436336,0.3726080340755823,0.1661286625020929,0.5,0.40167545152553896,0.8065557199298687,0.2790088779047796,0.4563075526774273,0.4896188183307434
30.986012887969952,24.788810310375965,19.792871370676025,110.939264738442,14.845281836318497,149.6514376962657,181.986582695624,201.4702796995702,0.8033614346722323,15.493006443984976,37.18321546556394,1.9212408172551427,1.4336038296252795,1.0706616280597652,1.0408430938443334,13.964554488933766,1.3423508386800416,24.16728296737787,4.7069258202561555,5.633039199100842,25.54060097730661,1.7807240092730638,33.305553816867096,24.939688245798408,4.234881538010445,1.6760878319527674,0.4184213978843544,2.7872806550388205,0.6748881995219043,0.8180278978395454,1,0,0,0,0.7376272323402057,0.30638548944796784,0.1540680350667217,0.4681485284401434,0.3329096709712679,0.8,0.44533357618250696,0.6196426154301703,0.4155622662530485,0.6008160775330148,0.4864591641342788
66.2558641247485,53.0046912997988,16.812378732049947,122.28870978654572,11.112960535707828,60.745433649672165,238.57037895861552,474.7961959647178,1.4733882910242393,33.12793206237425,79.50703694969819,1.4884434381269274,0.9997945617787418,1.0179679518795235,1.1740350710434728,8.15913278839136,2.6075949191699923,18.007658341539443,3.331649698830004,7.590253491461746,27.332412661953374,2.4247015868217385,33.00683051755015,19.929554932259187,2.6184011876438067,0.5813097395293465,0.4534661227335932,3.984756179763127,0.6038712298979824,0.9420433463578964,1,0,0,0,0.25634983163359254,0.7834228747720827,0.11706292698280059,0.39339195787653203,0.9446939436979787,0.5,0.3603949597767676,0.5488979069143449,0.6985264462278029,0.7615127933726893,0.40683302267589194
62.682106109923694,50.145684887938955,15.15468634558077,101.30750761265377,9.631059705372394,88.3735526898197,260.6957180537503,248.9413296576164,1.4485771217938788,31.341053054961847,75.21852733190843,1.7332295383853156,1.3090917054424545,1.1931264139303475,0.8725567487369505,10.773914144740768,2.438440006807776,16.89732655711643,4.610286333808678,3.6564172040590286,25.93044635077206,1.3181087525781008,32.60332765537176,23.730046634165074,3.196329267493483,0.7797454516959431,0.41425424494728647,3.5718933205803114,0.6406195662974346,0.6827055072500167,1,0,0,0,0.7161760841633826,0.5516986655532305,0.052464645109087424,0.22858478167234011,0.8994708665470585,0.0,0.40537995869374965,0.844772053111645,0.5833069466369284,0.7494239213861582,0.4960752269281426
66.50361446325392,53.20289157060314,19.869884424817783,122.02377626701012,9.452871804122239,105.29598234422303,129.32520004615824,224.65289356735553,1.480980306635459,33.25180723162696,79.8043373559047,1.3455408142981473,1.3217049931691132,0.9287840284047281,1.0065698885727972,6.888381205364529,1.101467781277934,24.778919113846896,3.4193109599440854,4.089452643195339,27.069883791989085,1.1633059138529744,38.362828763031914,23.528511721733178,2.1590007588502056,1.6864845490910412,0.46530402888212696,3.9138551822590717,0.5588967593700384,1.4657882085735774,1,0,0,0,0.47495865682863503,0.22822806994198025,0.16880175598317748,0.2170832976597475,0.121175785193256,0.6,0.6840411930015117,0.8798950683153342,0.2325572831412584,0.7773463162160185,0.4284171094227886
59.76507287546244,47.812058300369955,14.096683499614599,132.24879440660857,5.651369304373649,84.18443935304603,185.2187264347142,245.90019143685623,1.3043426189603693,29.88253643773122,71.71808745055492,1.3062860851674576,0.9996937094936522,1.1180919680044104,1.088716647127598,6.3114284999839745,1.177141008268778,22.85969971276436,2.2297620476793867,6.155980069850736,21.036341918520467,1.9993531737369643,35.34551308841189,22.048378420193934,2.4377336104775083,1.8830253790996203,0.3888995620867445,2.804327850154299,0.9636284207499393,1.292356681673843,1,0,0,0,0.4961047282292559,0.14335314273430044,0.2790231866837159,0.45195843083463616,0.04875936284601545,0.4,0.3399965187825658,0.8547994940997119,0.3616954194576615,0.8111334167605831,0.579883268258607
30.21324183535633,24.170593468285066,13.677800892942336,110.96215066187946,7.139145917494011,72.8586380547689,186.28733536085434,408.7602258599888,0.9917522141662884,15.106620917678166,36.255890202427594,1.6656643503831552,1.2319152021329067,1.0650043597766694,1.0087163819522496,10.354112741055701,2.124376561645043,22.954647961444085,4.273353499708146,6.895633045641748,20.83480670385654,1.1433692047542243,34.480480053543964,19.113665178210347,4.295392163490596,1.510247123360175,0.35517904246395426,3.4919147863726447,0.464565914727438,0.8408810667198728,1,0,0,0,0.5889413761776853,0.5830120007647256,0.2581644419705061,0.31942203910143946,0.6677700200829005,0.8,0.31006476453822895,0.508490411745506,0.4102599952987146,0.454891721319224,0.5445709468330333
55.97747119499989,44.781976955999916,16.429328847810723,82.4655999138504,7.904476932044805,99.88066032132919,235.53041867800343,314.8225453245358,1.179877998892377,27.988735597499947,67.17296543399986,1.7009938953483745,0.8531466566332486,0.8112305611888729,1.0511338799726342,14.498871828692623,2.0656288509380785,15.292798963145529,4.89922407206447,7.580088388988675,22.681563152244735,1.105703490401605,38.143549330735105,21.974288778469152,3.4852126559150576,1.407583800533522,0.2715451727570633,2.360539480518164,0.5795195596232292,0.980613765941187,1,0,0,0,0.4137950660082389,0.23757884665695514,0.15494152794440028,0.4329383828916701,0.386893713486559,0.8,0.6648851275201284,0.8729762512391935,0.3657011485941637,0.666961582642307,0.5125813385743108
67.46480254083995,53.971842032671965,19.115797832730625,109.85739790799582,5.209745062093312,102.42060384691099,147.00019448529343,315.9703951142815,0.9608841372082254,33.73240127041998,80.95776304900794,1.5033984891026724,1.4703558755435102,0.9124087248816565,1.143735729012678,11.805518279007373,1.0944920025347993,15.293484376670046,3.762975438304834,3.9408773648584186,28.58469452017593,2.214743283717312,32.47933283969944,22.842077652479468,2.664575234596168,1.7149294424739085,0.11999399625989474,2.863409946302195,0.7217925988407135,0.5254448457933512,1,0,0,0,0.13302420416039373,0.7565281028524002,0.2019881403579366,0.35059902487527755,0.9783827905128248,0.0,0.39642371638596635,0.6363119034999751,0.6093989568694973,0.7564410998401885,0.5598723150652063
50.70785934540375,40.566287476323,13.72935009348391,101.75872625927666,5.600597422413141,63.24586056026058,112.92270389346461,401.69429572864703,1.10940471792836,25.353929672701874,60.8494312144845,1.591805878792198,0.811054202575688,1.0561579404087558,1.007781285045347,6.323055980026092,2.126308406285246,20.929708807860198,3.0351657808934207,6.5323756436606715,27.078974422709432,2.195446981071229,36.43262732697151,23.533862869700044,2.098882126630911,1.4749825758030288,0.45013259795023053,2.8296721675780807,0.5361445284640912,0.9768333669024127,1,0,0,0,0.12847855122470603,0.5487255394413108,0.13033660593163396,0.48339564453783423,0.45385005025307035,0.8,0.3466624145447701,0.5019372988670495,0.4232037729211997,0.6682692483692471,0.5162538716627236
43.72724033946938,34.98179227157551,19.800377791418725,80.69751940513444,13.317737478807544,88.70517514568928,134.70936999876037,337.77355777560217,1.3947988850947315,21.86362016973469,52.47268840736326,1.0023964443886104,1.1618116340599909,1.14035550145746,0.8818720835410029,13.491330302557053,1.879618485461573,21.451346135754243,4.222654047085088,3.595779483519639,26.843593373971657,2.6471154395879646,32.224855871707625,24.123414213577014,3.81649594957637,1.1638269467414364,0.4335251220223991,3.1122264480594657,0.5077928808072131,1.1588113897606918,1,0,0,0,0.6534092411862684,0.49888954797686336,0.09752874912178296,0.4780398009951523,0.4688598814842182,0.8,0.5491188499394842,0.6438057325087269,0.6516136852018422,0.7170999323957024,0.23410174376792764
56.78923532804049,45.43138826243239,16.10153998453172,96.29002145296083,7.4132638846081145,100.23037227489506,182.8927716426127,331.2017750023866,0.955941331330709,28.394617664020245,68.14708239364859,1.9844619910662484,1.2986360332121512,0.9199386920958991,0.838221991907813,13.332510007216365,1.1341054389408132,23.081789542063035,2.05584486371656,3.1591090956707664,23.920641665269255,1.041759003191447,35.19042809418515,21.002731053050244,4.737304485115418,1.2658058416216758,0.4537818219350187,3.713590645052493,0.4704771805728807,1.4046998093934397,1,0,0,0,0.24320996847995077,0.3968158351172342,0.14255756939349262,0.28671752914843135,0.4631165830354391,0.9,0.5891116849508378,0.6547149840404509,0.6747716640923009,0.5602849484010569,0.26453333297710985
61.422222474596346,49.13777797967708,14.025863163818801,53.7832233065053,11.93506679201522,121.77505377296387,164.446818566441,264.72285547169895,1.3466700777143497,30.711111237298173,73.70666696951561,1.1434370234290103,1.3482217028506391,0.9124220686448489,0.9977542710471885,11.977830114440053,2.7678148226986004,17.638248236554546,2.8594979508445943,7.163470601491175,25.3355522318913,1.6604114543359816,39.10936869902159,23.051940442101447,4.992607021335188,1.4326965865307757,0.377685912787317,2.3150692975192877,0.6848426764172637,0.9370215051177966,1,0,0,0,0.6541226571115841,0.2699392754125901,0.28104790663001655,0.40241115503864705,0.37797577839825824,0.2,0.5103567458954361,0.7993655251086536,0.5105642823985498,0.86167956947006,0.4215455353600611
64.00181567266227,51.20145253812982,18.811518350762526,78.12750158530685,11.080825129454855,57.37807479742196,125.42112767877178,479.977590437501,0.9039188283054591,32.00090783633114,76.80217880719472,1.3806324046243967,1.4800154792597733,0.9850839790885476,1.0603558010720318,10.074865958904438,2.9043977321386425,24.42540443991702,4.715630657630489,7.115991835998603,20.315258233321103,2.8374855375395076,39.11199757324415,22.471587706369498,4.894304886887761,1.6509533215218355,0.1223267167740406,3.1782977915203894,0.7619471943266531,0.6436518499625427,1,0,0,0,0.5177527582953662,0.6024045393236388,0.2394421236689986,0.4106000278290373,0.8143081351426242,0.6,0.3117159452355808,0.7611981421595437,0.40423542517345723,0.7497491346676552,0.29383838142765895
61.570849266374566,49.256679413099654,19.81606142443936,64.93176924568172,14.089818944315393,80.34903577473237,152.33008404466682,383.386681953398,0.5678379856358896,30.785424633187283,73.88501911964947,1.2965921683403454,1.135184594200574,1.0894908895878042,1.192379427017249,8.85956322399024,1.2907009892625028,16.817800303094014,4.96508377342666,3.6238135973642747,20.817127292111252,1.7712271349041555,33.10545946171776,21.87303073753163,3.9746189476550597,1.3661926896380614,0.3121004700753845,3.158990331589401,0.7411135816814232,1.2367634436382826,1,0,0,0,0.3427110309064393,0.18219440661114233,0.1110915967732547,0.39483965466255455,0.837976839150186,0.3,0.4117049171139688,0.7346416193833503,0.3044076755543319,0.5814605844406346,0.37491467452173854
46.77913656301479,37.42330925041183,16.6730558201833,124.88224013670872,14.02496956819348,144.18776491619641,103.39556698821507,330.64332985827,1.0908098857283537,23.389568281507394,56.13496387561774,1.5845608560547035,1.473870018481374,1.0891786818775613,1.1901033665611664,7.538450037454586,2.4263081201874175,16.81114521450222,4.189560895015676,6.031594354259642,27.012044735435577,2.0349654013296763,37.97333935609672,20.465404432630017,3.2891652550013704,0.9316291500303615,0.10600860018078367,2.0539218443306755,0.5592240677313567,1.3584220879000997,1,0,0,0,0.11204514565793318,0.379235264175073,0.2848549604742183,0.47098309912817654,0.5620825380602344,0.2,0.6276921975326337,0.6130437477682004,0.4554657944561627,0.5193726897764602,0.5828198013588679
37.60089847906434,30.080718783251474,16.626607448260103,95.1329494852281,9.957811074128355,104.1936543729957,239.97698931947664,423.1547979467457,0.5632464496345482,18.80044923953217,45.121078174877205,1.1279554543498476,1.2519713028683936,1.0215850189414641,1.092070130895507,5.581552466081408,1.0998743310989114,17.75817093727615,3.6490634060344234,3.2035735797302385,20.00869665656915,2.9631973457588594,32.156165924234934,18.72158658453128,4.9460012301063365,1.6366024546102174,0.26582603190132303,2.4743856499404497,0.8533712070809742,1.4970661339755091,1,0,0,0,0.6503674983061714,0.3832449694642854,0.19860080555989312,0.3096277085142564,0.4186414806247135,0.7,0.6984355339325485,0.8166074711930656,0.5285666042066295,0.46632571223165914,0.3332060779257534
77.04219241682931,61.63375393346345,11.77306355940513,81.01409220818275,9.856921862915444,80.64374163618768,171.98019328695034,226.31499098832535,1.00444865547361,38.521096208414654,92.45063090019516,1.082650398601556,1.0746073548157014,1.0645561669584884,0.9439240556753593,10.138173007460248,1.8878741734738191,21.180036462954597,4.0910645719638055,5.876304602150668,26.411392544907443,2.4908926245460785,35.5474463183321,23.89064233210168,3.5528402860966883,1.019975550414734,0.1352720435095566,2.313205069765472,0.9043682269471416,1.4765137490460911,1,0,0,0,0.26328612930019063,0.7672771685040505,0.2357906781641963,0.3083510752540786,0.3868129704101203,0.9,0.4232569807474566,0.6677441835811029,0.46916019589964253,0.4173178361022321,0.5785473817649778
27.38680291454626,21.90944233163701,18.122783701704797,104.07125945578186,8.361239231972045,97.19475316792492,281.3915777203583,308.44389633146596,0.6790978719732126,13.69340145727313,32.86416349745551,1.733500217205138,0.9401545771390765,1.0765459636941062,0.9848633376604228,14.673700980770159,1.8092027719188222,22.97123827745032,2.777877632893828,6.335521019235056,20.312882261202095,2.687217414370313,38.111461812502434,24.426757057327475,2.9768386400941607,1.0876413638324776,0.16872499049441558,2.6103883094371003,0.6760742541279274,0.5463909011872023,1,0,0,0,0.06510106819173364,0.3385618987317619,0.1006228887216302,0.43337775094364817,0.9610259306211237,0.5,0.3894729009306902,0.7260265797668738,0.4303940579180283,0.8965780376731132,0.5102924232754859
26.86687284953017,21.493498279624138,10.777183457559142,114.028721837332,8.986218148057288,119.29949072684573,149.03224473902807,394.78528566554195,0.9886148419584085,13.433436424765086,32.2402474194362,1.2171181672583753,1.389464586994214,1.079783699245099,0.8256595676180043,14.599146458442327,2.647665660196988,24.106593020479966,2.7191600303327217,6.796147457038073,27.053923436800112,1.9306003284847837,39.30942981696318,20.387121421763965,3.633404940238633,0.9733393732011419,0.18716278051066124,3.708848095174994,0.9812514808330046,0.8092467326157798,1,0,0,0,0.45077525542485564,0.525074147040923,0.2803220806577631,0.3128284308228199,0.7684000554087707,0.2,0.6376843516456283,0.6051965151770877,0.40022389648996926,0.48256088123816426,0.32744198512497114
60.09750655092015,48.078005240736125,13.969576608460454,72.19801460161928,13.944185803922105,116.88633985397277,294.7733128128843,417.8338762505436,1.2814204472402686,30.048753275460076,72.11700786110418,1.1981045041166059,1.3401402752409903,0.9779063882987916,0.955077245187535,5.773677214230597,1.5326598034276202,22.54880615354228,2.160975333369757,5.64414879433634,25.09331307358851,2.658560521936298,34.39439288493879,23.081663815833767,2.5433742533817605,1.2792012769175805,0.1020298510581898,2.40519671971673,0.9833057974589858,0.7862489371125296,1,0,0,0,0.3474802444766635,0.6812612185595873,0.13782663225412606,0.38950574816731165,0.28044784395543104,0.2,0.4525669733262689,0.8566942375672659,0.6970840492915371,0.48020401898372106,0.4659233569135895
35.814369141953605,28.651495313562886,13.232428581191254,99.82678861352659,5.013816740238896,95.70826799353429,120.15856658215907,484.4347566662514,0.8766998700164715,17.907184570976803,42.97724297034433,1.84465924938861,1.2149915453657611,1.1289872960845435,0.8705540824472546,12.204515508412378,2.6516441182292763,16.2628886119531,4.680335708779695,5.145016502303697,25.637720180108538,2.57733526689609,33.71142808082441,21.992427853103557,2.39093821953041,0.6714885844663345,0.34953805870531546,3.9412356533823565,0.6020379684356998,0.6974240721603859,1,0,0,0,0.19638525732006262,0.4093560073354556,0.26328708501795967,0.2124341830167106,0.80046523591942,0.3,0.6319102709884256,0.7541050460097005,0.33249067690902,0.442671591142862,0.5007933554889724
73.27812330437128,58.622498643497025,16.74516920835604,130.8983299129547,5.290218047016344,104.61091037895773,277.9218095843903,201.38117672853662,0.9983735640320045,36.63906165218564,87.93374796524553,1.5678675768967638,1.4058023890079596,1.1935900660907437,1.1972389641769736,13.832350978455235,1.75691537160457,20.184764866294476,4.303630733099876,3.4150713992465507,23.263596122620203,1.1340670447286916,38.900725135812365,20.96912407814911,3.472912312432226,1.5068727857741613,0.321829986182547,3.0277016199699824,0.4253231392815924,0.8438868348933553,1,0,0,0,0.12984572976108838,0.7481696018465948,0.09216398602383118,0.4774199372597069,0.6455747741325676,0.8,0.4294756625341614,0.7610312465183304,0.3576516048051105,0.647860078648818,0.4146223696722261
25.77990960574548,20.623927684596385,18.074986492584976,114.4711250689162,12.471199942079997,65.97548472876113,125.96678229674667,266.30311213314826,1.451736329083904,12.88995480287274,30.935891526894576,1.4152468800320541,1.2258888671543957,1.1157652813844714,0.9234080366185116,6.66869796728105,1.8011173130381428,16.20284477702892,2.2228374929075425,6.416578891102835,26.288070824787034,1.320933798696941,36.17984450988989,19.208095204836745,2.3145221059091416,0.6322211643602335,0.35875072554596144,3.867961485970382,0.9864004728249858,0.7877676481369303,1,0,0,0,0.42065134389696157,0.2115897863448628,0.27467172025532366,0.32398118683124216,0.7080310144604343,0.5,0.4855346592208766,0.7347068326261132,0.26065641565416775,0.8834435520000159,0.23827136110577263
50.6780099167303,40.54240793338425,17.62716720476629,105.11484577254818,9.373482257482895,75.0271780929912,235.30868349358076,308.9067909868535,0.8566874186190989,25.33900495836515,60.81361190007636,1.0976594933340644,1.1788808256538914,0.971549207664923,1.0694099234221213,7.973221914896036,2.44159954520868,22.662096715013863,3.034703480838289,4.36745153203735,26.65449916325874,1.1723855135437427,33.284502120309355,20.887510892388562,3.0886424243657182,1.658483504579732,0.44392820219635065,2.314411266744691,0.39919823806629573,1.3919177707901462,1,0,0,0,0.684640199960675,0.3616926291315441,0.23685270009900947,0.22009291860791486,0.5364745972452519,0.7,0.5907153189345253,0.5627510799824584,0.6958828988552079,0.6978333709943989,0.4571776707031467
57.48433841566922,45.98747073253538,14.669010509537319,75.59631933248805,8.208836752792624,64.39054177618198,266.7666534813344,435.6705222379222,0.671163705367938,28.74216920783461,68.98120609880306,1.587949117843234,0.976475229716636,1.1883143904297122,1.0967828021343429,12.953274408567031,1.6159454307033674,15.753757576274625,3.039219971714755,5.962443864664497,29.68295349442493,1.6274038277957565,30.296376267684355,21.516193633373863,3.2820611427882174,0.8986566622388712,0.2492784065290711,2.102719053907458,0.7228506131292048,0.8664860512977616,1,0,0,0,0.4299467619832086,0.4255943874398083,0.27086156500648084,0.38031185568019454,0.9513409726295615,0.5,0.5388754617921834,0.7908702191697747,0.5468825094973946,0.5206541012731489,0.5417011616207049
52.79085425028231,42.23268340022585,13.786431611420884,106.56988849922152,11.47033657987087,65.47331802200523,226.58950443656005,378.38358605445626,0.9558972270019174,26.395427125141154,63.349025100338764,1.6206737647900293,0.8576709335785037,1.1144055193763842,1.176078232050387,13.70128585802053,2.115258707205911,23.47279523912585,4.039007654422063,6.185330860278089,26.634741937454187,2.3660342867983504,34.184036724476286,22.19210579654435,2.1298900785957793,1.728455442982777,0.19414706682649557,2.4013087598010117,0.8433079053971753,1.0293532734842818,1,0,0,0,0.3009951841307972,0.6419457006241229,0.26984520351899954,0.22794939745839216,0.9133275858100893,0.0,0.36174810124204604,0.7255535890653622,0.5874896121824249,0.878272045351411,0.5908727560260958
42.28839561505415,33.83071649204332,15.390458051624899,107.5829383000729,6.884849355289902,104.69256514110597,258.4299954644315,326.3009823949815,1.0710313347950957,21.144197807527075,50.746074738064976,1.6976080052718017,1.223381565616138,1.0725660458114623,1.1418155812470212,14.960582591894454,1.8922944916995024,21.615961671119997,3.298199725247769,6.023817431442537,23.401308285795054,1.9244612698245938,35.00620148225903,22.490430357427247,4.743134438409193,0.8859481186311606,0.2626056602423317,3.3550599180252276,0.8634823221895098,1.4914956459241495,1,0,0,0,0.704900552243586,0.7891906780165212,0.17722558060587637,0.4171468069342938,0.5931983159701044,0.7,0.6526043997508131,0.6464353825284244,0.49567843609881296,0.5899369079575849,0.26452056503290405
29.2247183019082,23.379774641526563,19.51107016328145,108.77747702250537,13.92209608887866,90.23464526132713,127.28962751493609,443.95217981406853,0.6764511083922283,14.6123591509541,35.06966196228984,1.6916695159511848,1.0012584532664173,0.8066224856295721,0.9028329028660942,14.848243479359422,2.568262581435241,17.938731024107337,3.125723755098596,7.239801505917088,23.44772613051771,1.6738630974887174,35.060002455777116,18.512109454956306,3.5841631604541577,1.4721743772550755,0.1026322674149422,2.7355803465303943,0.5608099959139298,1.0425411033123804,1,0,0,0,0.2074957937080796,0.2223921362808886,0.2894885644669765,0.4364334522893155,0.05832869501864568,0.3,0.43380363955376045,0.6178344361188027,0.4526102548382949,0.8041414370018517,0.31915177012913815
32.935798857309905,26.348639085847925,10.845568405769452,101.41554911072825,8.112660429618664,132.27858123448243,250.94751545619945,428.11500390405575,1.403117497561987,16.467899428654952,39.52295862877188,1.3560932189969988,1.001591104808836,1.0164381342476425,1.01277104229348,7.8029301950710455,2.9494780654115536,24.276696978321688,2.8316936664437007,6.5741421280782895,28.389529071999107,2.901701244084175,32.278613741402104,23.936311813836454,3.8251680363945466,1.2609423591840017,0.11232121679272425,2.514702811915064,0.8081245650031372,0.6294772367881522,1,0,0,0,0.39916095377329874,0.31271188774287495,0.1513586004414004,0.23025960293741904,0.8491063047089725,0.3,0.3579920130642003,0.5703544785987784,0.22932367662225928,0.4575993119326589,0.5609906389006303
59.201560464324665,47.36124837145974,18.40657523680408,102.57381616574008,12.109943140771197,101.34133769309005,204.30161252888306,342.7273704181141,1.3970586436524222,29.600780232162332,71.04187255718959,1.1550569446123444,1.3970253782683433,0.9179643531641705,1.135668108281463,11.397579688543647,1.8209150816305335,17.29330493030877,2.367234115854753,5.467512823957826,28.362440878451963,2.2357037798402803,30.51886029839306,22.823536272796233,3.1514827449069536,0.713557734024648,0.1062420831655845,3.5746584910143877,0.8255876090407288,1.2019854971910149,1,0,0,0,0.5349326096384266,0.317455371550435,0.09083591317465096,0.4404187458215806,0.024776473926091835,0.8,0.4536617216870978,0.6752411558302597,0.36580317247183114,0.8484781400674362,0.5183812094071747
41.15823783866071,32.92659027092857,16.021696825558198,106.37019506116246,6.154853659850406,63.86101053118337,178.11163757470183,274.3223394288557,1.283977672300415,20.579118919330355,49.38988540639285,1.2129222904298835,1.0085854821054228,0.8800296127566346,1.1789865641468311,13.516619383837268,2.43248856095697,20.19325697857783,3.7486470610853178,5.809236979369635,26.11878922044856,1.17595643940734,36.94776708394406,18.826082719830872,3.3191291092367146,1.4533161279367666,0.43573376378015605,2.4677221669497893,0.4680844860343843,1.329239404217239,1,0,0,0,0.31768683160346944,0.3420060423777623,0.2809709751479145,0.34227198568442446,0.12108902478872009,0.4,0.7241778828792232,0.7322293634753375,0.3184251729039483,0.43455312246669364,0.4841912751949699
45.37192878012879,36.297543024103035,10.12887736530406,109.03577865096017,13.825295622641596,79.98630329106996,100.79984074221484,452.7386616597351,1.1561243115955395,22.685964390064395,54.446314536154546,1.8936594908925044,0.8766476983911152,0.9632282563343451,0.9251931315491424,6.119403234299092,2.732808641528549,23.506923032207325,4.490836695923861,3.2982271673621084,21.198790809663407,2.5116714024034645,36.97517824758694,23.196221954416465,3.5129571791044243,0.8056085879904449,0.20224811900228065,3.887618966466978,0.9184442509237734,0.7956583951278454,1,0,0,0,0.33849747577315514,0.2158888070853488,0.26133265063019495,0.44989999110797396,0.19496888330852624,0.6,0.36778618574622934,0.7691898022639536,0.4725604530509959,0.8538931235142613,0.38546136525555047
44.105146224056,35.2841169792448,17.803278572779377,108.73137737400012,14.849525963800605,94.73384502099618,237.6833428347013,267.9467470660975,1.2440746079176748,22.052573112028,52.9261754688672,1.0309995189107024,1.463180918335158,1.1353860890081855,1.0841806081338832,5.960794030595875,2.508878421070186,18.2678728052447,4.343959390994203,3.946427172973869,20.88168831606667,2.420464742383766,38.22319957369247,22.25574756780869,3.768217856440352,1.2218310848625396,0.14838277938522437,2.1702646199406574,0.602618982698526,1.353073336391566,1,0,0,0,0.5384735160550455,0.19022095485327972,0.12448385700571737,0.4412629087645417,0.31488742428135247,0.1,0.6369781297969221,0.6615780921576759,0.47537338408776764,0.8043758605311094,0.49288246337556524
29.137895919930898,23.31031673594472,18.400321826862005,136.69655960275986,6.257030290982519,107.66539651324692,132.85111638897172,486.37132483461056,0.6599737477492362,14.568947959965449,34.96547510391708,1.6586537839296103,0.8642150496870211,1.053218294601461,0.8261787261504963,10.528129658893839,2.4963560462970915,16.158819525686095,3.1059492412733056,7.843427208247764,26.74228658870078,2.261340534949233,33.9438257034276,23.420578448058436,2.994664672539515,0.5893390215951543,0.45598670601692126,3.574613705533019,0.8978680566104649,1.2718781814907576,1,0,0,0,0.07581541076360035,0.773987647574113,0.15439488529548043,0.3967621547002028,0.5548271941306715,0.6,0.7191035060641198,0.5521567554442224,0.4479134678493465,0.65342705154998,0.5241054972994545
44.157600462373274,35.32608036989862,16.094311660647584,85.33851208066557,5.6673277790075405,131.57586843036233,255.61045111685604,351.93035610584906,1.4029102999746845,22.078800231186637,52.98912055484793,1.8387079106763606,1.4780412096219862,1.0441278247350174,0.88526414657912,12.706849526943799,2.4970266987468133,22.647501697344133,3.93980122895007,5.786123485602428,26.62091234011715,1.1429905897052541,35.83479684004544,24.636763783906673,2.82102749280007,0.9228471681982309,0.41305696087034194,3.3638430746023955,0.8985174100915421,1.152281553735011,1,0,0,0,0.6765051534984313,0.5757641263468056,0.25857358004851494,0.24673177915146652,0.7796406637937033,0.5,0.6799301715317068,0.7002403713983942,0.5219346898101604,0.8385239221618916,0.3905655495455088
53.342472822380024,42.673978257904025,19.726093119798534,101.8288884164037,13.505927138067937,105.91664199125319,235.02034096552273,495.8893500653057,0.8818180858507915,26.671236411190012,64.01096738685602,1.9296844375336248,1.046070571104511,1.1728181327011489,0.9049801459320678,8.779926025754374,2.005956313643763,22.62334574738841,3.9254503324308576,6.015466349321249,25.474856033459517,1.3199227393186004,33.453596547659004,19.8536166312847,4.422336999666281,0.9138107628323314,0.21476611230582876,2.4205841479355055,0.5797636829812843,1.4871759105266618,1,0,0,0,0.1405998969075717,0.12669482663347012,0.12085906770842657,0.33638852647856493,0.8042943268819925,0.7,0.7002652013695594,0.7057211829404474,0.5405442599528367,0.48063077322027603,0.47421087387442823
53.19536566758578,42.55629253406863,15.880357622966152,86.76668707494014,11.449096592346924,131.0830352988237,138.3198915468218,291.25207242557684,1.382102874139144,26.59768283379289,63.834438801102934,1.0564151496205323,1.0071394501827302,1.139424504814899,1.0355647777981,5.023313657794373,1.9303310855183375,18.108266510388653,2.101518465950292,6.446186786444397,27.979015602020603,2.671147665858588,32.73803055775649,19.312980212082294,3.9687135384336294,0.6783665859543047,0.1311755775490291,3.7777147584205752,0.5384473731721638,0.882376438774957,1,0,0,0,0.29786204127028804,0.10274038592460162,0.27801440923482434,0.3806729494584254,0.4255806161514576,0.2,0.6468382356394469,0.7465573786576186,0.5170748846278695,0.7988774215705459,0.3106126719723052
40.33263669884083,32.266109359072665,17.7161974223052,139.96555945375079,6.810417373071379,52.59586094724046,256.2765738634836,490.35471925258736,0.7921534389226575,20.166318349420415,48.399164038608994,1.8809042718742788,1.211760348041633,0.9842703581714753,1.1958236330562912,12.065902724919905,2.6542999537429752,24.886844964075223,4.019499100044586,6.685445638060963,29.685309675757615,2.907189556029765,38.06903927512537,22.788902394658457,3.313248285345189,1.5312488732608651,0.18431886840132483,3.157156545620401,0.7255257874603411,0.6006121370952658,1,0,0,0,0.7063525802131629,0.5511312766662501,0.2649325678627463,0.20441429903431846,0.35122467491510023,0.9,0.4921868483430116,0.778259807054509,0.6908987345298654,0.6798544168807278,0.3361791723829251
35.501052338622685,28.400841870898148,10.681005847121519,111.07351134218986,7.9304315242991565,55.126357359164324,247.85012933229035,201.01931467107747,0.8907562661401967,17.750526169311343,42.60126280634722,1.3851141170373564,0.9721202966314137,1.053331802664564,0.992910662036129,10.288726805770064,2.947840891476359,20.132600525317486,3.4946086143012858,4.686810528451325,28.073962864786058,2.2186486513041483,35.61623018048075,20.268331955898894,4.902782273822174,0.8870883646700782,0.15474169465517718,2.868056981536321,0.9638010980707852,0.8773987449918768,1,0,0,0,0.44872784768370727,0.293058182230142,0.2915024428373845,0.3858964270114164,0.059611530322791095,0.6,0.674048326332513,0.8235149885935132,0.6138871463486236,0.7472933789025347,0.5264717719984429
55.15957304314681,44.12765843451745,19.199770912836463,102.28810390374885,6.874517413711755,94.83209028690446,227.58980233418743,287.95070432569196,1.345959310529472,27.579786521573403,66.19148765177617,1.8903984159330194,1.4034474470804679,1.0082702835586743,0.927268552776144,11.359707883215922,1.7115248998800718,15.417979527246356,2.3992204338381757,5.788253748254236,25.459652458706657,1.0583197893472065,36.22262781813208,22.320781428826848,2.712726926321511,1.8044556976166672,0.15574363020776008,2.261614058162702,0.6501900998405508,1.2070912669996265,1,0,0,0,0.10025035370907558,0.20842186542233454,0.2558819908477766,0.41129892236643145,0.7077856976127342,0.7,0.5346589511692578,0.8223036377359365,0.22101771287389715,0.8159357803522396,0.2764172943163036
56.791811235246946,45.43344898819756,15.332559183984921,126.66901627289708,13.029724649813328,116.95464491569099,241.50162439118833,307.91764166038934,1.1497654009487335,28.395905617623473,68.15017348229634,1.5388934808218897,0.8546382993459885,1.145303198323005,0.953081011255243,13.952552806248352,2.828590538349638,20.271072919735133,3.7929923972539514,7.001806808053818,23.25022353073022,1.4698181625007944,34.922916094049576,18.447370140400075,2.6824367768373887,0.7401521997845659,0.15053339768099183,3.1208341783361973,0.751389575875701,0.9444476457386055,1,0,0,0,0.5694123467709089,0.4249819974359065,0.20240937216691587,0.3815713313352555,0.5809657195265167,0.8,0.794823827772285,0.7201900190405884,0.6651172983654481,0.7771589313089338,0.4902529737999988
39.75431777401171,31.80345421920937,15.779923327490703,133.44265935231158,12.563451319844006,94.6089388012696,139.34905774992944,394.83821133529193,0.9172011275102162,19.877158887005855,47.70518132881405,1.7737034229921336,1.0083696169222376,1.1036477224583878,1.1697310609793603,5.9485256640081765,1.510258922472517,22.32885180884223,3.3271404186884417,5.226027466405952,24.468043986537538,2.192774211071376,37.45971042372,24.466195439864357,3.755296652408699,1.9413297749829386,0.11156747873540743,3.0293546658283597,0.610779998165357,0.8092723965369257,1,0,0,0,0.33341742540589836,0.17951615759661707,0.11436555711998089,0.36266738853536995,0.657104760919747,0.3,0.6613295522480434,0.7786801006024451,0.41434866957314376,0.4095458250406839,0.4528497515601161
34.80591804314904,27.844734434519236,16.095407022335955,106.30944823121584,14.215749480493319,104.51148042245501,287.66135295620364,361.82519007948576,1.0056699550019652,17.40295902157452,41.76710165177885,1.285219761136545,1.3546225367773426,1.0139401162080988,1.001545330546966,12.708913603154816,2.7135822802643523,18.33603117914888,3.9554387210046373,3.543310178707837,24.85983802265634,1.5390861775533227,36.399031000993,24.235230091393316,3.6572220815124084,1.4149195148618179,0.22859199554816906,3.8968346372087015,0.464091823394526,1.0745353725124631,1,0,0,0,0.5088832630102058,0.3302489615374958,0.13222490678867704,0.39656221819738413,0.7801573833612812,0.3,0.395448844356026,0.876640292021733,0.5042419819589344,0.671212660511249,0.5861887052851509
36.28110616548086,29.024884932384687,13.077557605489822,73.33872551826656,10.36931553127829,141.17993658669093,120.80025513062327,324.26509713876055,1.2717055868812417,18.14055308274043,43.53732739857703,1.6727598333620355,1.2292526479045316,0.929521905320449,1.0508470243053114,12.371231907381265,2.140161410156163,15.39802720747707,4.3157373807308925,6.075175769057452,26.544391152293557,1.8671294302214814,30.301028805852678,24.526328300841907,3.8080464998937265,1.4421737071409337,0.4957782992637363,3.1664011147449713,0.8209227678321123,0.5009200644196817,1,0,0,0,0.24734448051637914,0.7377054639923234,0.21549171119497845,0.2137526677542154,0.2485687659555551,0.3,0.46499341831835994,0.5338236460090746,0.6929571763968009,0.6979721204908413,0.30394170804291987
73.85104526113203,59.08083620890562,13.91214019051652,100.42437567409516,8.426516545160723,111.00683041272,134.7046929174284,234.575241621558,0.8449739858832084,36.925522630566014,88.62125431335843,1.6862766699214142,1.2367586530176478,1.0196143405497506,1.0459613790481728,8.124636343627255,1.507653069269933,21.4918114072583,2.065547959100186,5.630447649859908,28.272395727105163,1.2195771705086844,38.74021225402071,19.866935786611073,3.0897031332111915,1.8981011948403674,0.29100181512334755,3.7535206107601917,0.8283056066878427,0.5928560656696249,1,0,0,0,0.05614533721424166,0.4003186425561412,0.20163119708637084,0.24839436271601656,0.0899205205154725,0.0,0.5098275666393554,0.8136566689181892,0.5580344521157607,0.7637029356847236,0.39518448669865713
52.084432565603905,41.667546052483125,15.721345249372872,108.73799947378095,14.99343256032503,73.64994750118689,270.4222280431334,308.38382779951615,1.407430355670063,26.042216282801952,62.501319078724684,1.449054802805342,1.4386072281921602,1.1805522914083513,0.8386869526627101,7.784674748537448,2.3926668852009865,15.225805099418842,2.041466712605113,3.8486312053166305,28.27318812831369,2.7739416403535904,30.899833904339594,22.54554645012819,2.086269074607705,1.6796116843761877,0.39957451376909214,3.4361500911968887,0.6864506602287126,1.3724723568053518,1,0,0,0,0.47913565484596,0.6521938910833973,0.17082416186861962,0.43428300758638544,0.8851585793274668,0.8,0.3235198871999648,0.5334682183748095,0.4757662825618804,0.6288364552141106,0.43353048023659146
38.18965469680842,30.551723757446737,14.859166315618218,112.20282937100058,9.03284162317016,126.05625816338312,285.6091602113976,208.85692126461817,0.6588589119688414,19.09482734840421,45.8275856361701,1.4326696500168807,0.9484828597607712,1.0029615470895876,1.1663602225510932,10.524849287700818,2.807358774822859,24.405455997803283,2.5394374665128967,5.325392883335917,20.96694342066869,2.017989886076541,33.21708704315369,20.374826339319664,2.411954503156358,0.8923200853808946,0.1969632778478564,3.8340716269604074,0.3878830451936811,1.2592634366759214,1,0,0,0,0.5698422238355986,0.7821802626856421,0.05674271230939436,0.2753552510285334,0.8682333963347557,0.4,0.7166911693662202,0.5720102623343168,0.42586133169010687,0.6467148841962962,0.5955480498339905
50.57462006674941,40.45969605339953,10.968153772479873,91.43755690784175,14.877219927479523,143.81692128883714,118.1566524833692,210.43812639237643,1.1275542060729649,25.287310033374705,60.68954408009929,1.916115854569135,0.824449027853374,0.9401717397913775,0.8619567547144565,13.243514265965219,1.01897070372553,16.121745683151268,2.22038205424378,5.828514426994822,27.55575632128366,1.3714501457343895,37.51504872680532,19.491612661210816,3.2785462060387127,0.7493231868439487,0.15578228428059646,3.0490689203528243,0.9931861902490855,1.194742593663259,1,0,0,0,0.2863133325035038,0.1436823745911271,0.2112253623418087,0.30024373847810265,0.5029739091122303,0.8,0.6655279767966085,0.6360767979926466,0.47203758521443184,0.7587680461047627,0.5980456929041568
51.00687389125136,40.80549911300109,18.74955538980175,74.00796984707232,6.691123907333898,61.78886305179846,124.43683441448998,324.9183099519168,0.6454750933920337,25.50343694562568,61.20824866950163,1.5081446139205354,1.1603085815822793,1.1772644605299003,0.9046063216156328,11.213761986114307,1.6743033514653265,24.069755838305014,4.371819124810972,3.164949613851622,20.345085270019542,2.293452390187922,39.45190547758594,22.987450259944218,2.89868333796083,1.0337610477017711,0.33182288513971236,2.4569778062694043,0.3013908078130287,1.025564062037668,1,0,0,0,0.16418511031528477,0.4340666316713563,0.19500855900680641,0.3800194295989673,0.033299529460827926,0.7,0.4972476904993245,0.8311298478885486,0.3356327304296899,0.4566123289924488,0.49753781041633666
37.5462851840557,30.03702814724456,14.160873384017524,71.09610774804486,7.163527516568328,71.7915793057577,264.7830674641966,319.7426472113474,1.359526904652708,18.77314259202785,45.05554222086683,1.2830395739983944,0.8337299787639677,0.8283963906488587,1.0981465591578565,11.292071334791881,1.1066056175777048,16.872542007146986,4.750171883526347,3.6502012118126737,29.255812303671913,1.0269726149727816,31.63081134690018,21.216496886481423,2.2300045032291744,1.066958345122495,0.39768435460087603,2.9185389224897627,0.5994897027750461,0.8522786849941766,1,0,0,0,0.7128487456047958,0.2253807402381402,0.2807691127085976,0.2915652547912504,0.37669711031241654,0.0,0.40158028679565194,0.5760493553675797,0.5502603211412429,0.7374726428552137,0.40169064444557323
20.649349793518255,16.519479834814604,12.512472541771594,87.54012671279513,13.406690278205494,115.50183390492079,153.17475819422884,352.32865515242634,1.3945615531401547,10.324674896759127,24.779219752221906,1.5838141863494188,1.3006523670398362,0.8568238982585046,1.1235173654297803,11.808517973580958,2.395176229799354,20.464894567171477,2.7114270832115577,4.162324230015525,20.89022249165453,2.319569891005557,33.38236307657333,18.16687277414903,4.087696851379511,1.8428350760611896,0.27729943963316306,3.584931400686632,0.6362106247374255,1.1022676699443128,1,0,0,0,0.45980393018580223,0.7414825278776824,0.11201047758710267,0.3705383557281604,0.36197098558473606,0.5,0.7281892463512089,0.8255931099481721,0.6311217547478887,0.44622832346504027,0.21700190971179395
28.23888789990077,22.591110319920617,18.433659692037274,107.30378790897062,13.600648688708409,129.09800502892142,272.5007147610079,340.30375931269555,1.3874515186119738,14.119443949950385,33.886665479880925,1.558829950556433,0.8190445866458391,1.1406621923518907,1.0099817212728823,8.62279294652167,2.9389948417512453,20.174475410418896,3.385595803533727,3.6385660343422126,24.24442175665665,1.395626155092433,34.2471761300672,23.549558767900464,3.686689288976847,1.3620663026926059,0.12574626512839404,2.9315374157826732,0.7792515247978612,1.434553869991892,1,0,0,0,0.42742505976553496,0.7192044875856628,0.2992238724923111,0.38592648858954326,0.6001882650069115,0.2,0.45153389877409655,0.6820759076403518,0.30186422971858506,0.860147716437138,0.2570368717451061
62.63589549671663,50.10871639737331,19.211668026203384,111.4118043083552,10.199413144588238,138.2863561820397,126.82504688552959,216.38496034647926,0.5068676724236929,31.317947748358314,75.16307459605996,1.1964018128433507,1.0982204186299076,0.8205798926606094,0.9301741893111567,11.26230939308194,1.442723889677598,23.76172635961988,4.664252491626835,3.61469770322393,23.481483767636426,1.43117238902059,37.60309142127759,22.54735061461718,2.370085362720075,1.269197436141794,0.2755316957665037,3.213146279799638,0.6166896599407043,1.2528936962814026,1,0,0,0,0.48877436421866527,0.26141107631575866,0.20154980055363317,0.41478470600366024,0.8715782533203194,0.0,0.6718544253234584,0.6741763292998848,0.30430602686711483,0.7260018932545647,0.3548426296339441
53.87033963815054,43.09627171052043,13.489513784961948,114.4672023822696,8.023986048641856,51.03108115742435,156.98369961824824,386.9563801041311,0.8441447371702187,26.93516981907527,64.64440756578064,1.5157571371338852,1.098614676603927,0.8510602561409033,0.8643486728537949,11.30297258302535,1.1971437225748316,16.026881278871485,2.2118791799655324,4.939837908817828,29.5221361060946,2.8258501092531607,34.051936222071355,19.37211738049714,3.599265969554409,1.7417012116004065,0.30851940960585833,3.2422157212697273,0.46236339180888003,1.3757579238933668,1,0,0,0,0.5633093974938663,0.5769122738524544,0.2105589144821148,0.2549308269156531,0.1914082378368609,0.8,0.7912537576676969,0.8493351984875368,0.4431693203738848,0.6436753645307588,0.28946096350817674
30.73962328308777,24.59169862647022,17.945519009256348,110.28193342601286,12.188469563944047,70.53801829006777,189.62444865621464,236.430189658107,1.3533615893163953,15.369811641543885,36.88754793970532,1.9879666811897805,0.9750231324312444,0.8031350348808222,1.1058103302945421,10.320557868600753,2.842520853300413,22.889251757026592,2.0983413157653077,5.0491682184250015,21.686926970712136,2.2275406992992575,33.58084939166325,18.184125529628854,3.074391999352619,0.9454487263163751,0.32049804292148815,3.355108354132888,0.8609064985153041,0.586333147906624,1,0,0,0,0.38450003864007826,0.15336532381480564,0.12565405882902803,0.3773405265784385,0.4538089142087807,0.8,0.3061303426413612,0.5166846429959344,0.2550999600079341,0.8676487425193076,0.39491801907899504
58.060664074993,46.448531259994404,11.62713922369308,115.48618469940271,11.1519080407896,130.18163219305455,138.03213900893616,324.0369713517839,0.793037246347066,29.0303320374965,69.6727968899916,1.3363505547466215,1.2113698011552536,1.1228206586022114,0.8917954861010443,9.827911198570003,2.7814487620724573,17.211858541950136,2.3364453856199634,3.032157497576202,28.310384591508132,1.2370202711351654,34.993886421891006,19.621356360913204,4.30854964035924,1.749618235008065,0.4527196503889934,2.152960691152151,0.7456314435309073,1.1671548268210779,1,0,0,0,0.49420569377404056,0.7751680207643821,0.18316347333696217,0.43549731074427683,0.22083295025536576,0.1,0.7751240232046341,0.7993520909343018,0.31589142905008005,0.8497189950825202,0.20102944766673314
45.58423343126474,36.467386745011794,13.690480780537715,100.14256127263685,10.691291969262107,59.52963899800081,140.42239012201668,473.0029583488887,0.8621218694403648,22.79211671563237,54.70108011751769,1.243481657876448,1.2550257397031899,0.9952087308700466,0.945794221181796,12.945691145863707,2.1238286818499503,23.417232021392962,2.0514646185790335,3.0344584860356854,20.754745864471623,2.494175393133312,38.698431666731295,23.94870873265267,4.230388336257762,1.1078493761235557,0.34292557264463897,2.899769837630612,0.6506606716169905,0.6702463271116964,1,0,0,0,0.439831477032389,0.13890182284595642,0.09707694764265713,0.42265473108133406,0.5471500866650554,0.9,0.7072767329763827,0.7940208665933297,0.2674861174492727,0.7412406042070507,0.21542971379682152
51.070873156332226,40.85669852506578,13.605230806841071,91.95569424021204,11.452947607022868,83.00132930185839,109.5652449330202,412.62985204340015,1.271750017591689,25.535436578166113,61.28504778759867,1.841991305531049,1.4113444579052317,0.9151879728928827,1.1138669802541679,7.059839350571908,1.224949080319051,18.39225762468167,4.144521626305167,4.85723441850323,20.922410523858556,1.5778929074321932,34.191463105586934,20.87711593471274,3.3243456910567923,1.8699056327876635,0.3330310142880245,3.109252744776107,0.3517732425215674,0.6147475933131472,1,0,0,0,0.15768464602731677,0.20957477335067018,0.14040448251377513,0.31080761791290257,0.9731449074100186,0.8,0.7058640440585808,0.7387901287130173,0.6700344039694337,0.531039779260603,0.531531906379421
40.034184037270265,32.027347229816215,16.14733973613202,99.73520331665009,7.720237488490113,121.91921664847753,203.68268747600814,286.7181042337485,0.864055508166121,20.017092018635132,48.041020844724315,1.0797196612859743,1.1386631805040408,1.0934506685333845,0.9676181863562177,11.23607128221828,1.3737023904640817,18.44528200870649,4.059373750873541,6.285105624671358,22.85024774146502,2.9453878497157984,38.303797037429995,23.36870435058795,2.5332649614391793,0.5914928251239004,0.48409982148595154,3.6038664495418375,0.5687802298624414,0.9134956412272836,1,0,0,0,0.2493950855809568,0.5223429906702837,0.2523686409058061,0.3211137374691356,0.547928786931514,0.0,0.6262905440792674,0.6425855097606264,0.2838753548817109,0.6378527370785043,0.3200747836973824
42.58135080415904,34.06508064332723,19.321344024689477,97.23900823207211,6.882450827291553,86.7043951814047,176.13175070320148,327.56184335873326,0.73030932677264,21.29067540207952,51.097620964990845,1.2535817447314588,0.89419367294945,0.9462376036324981,0.9392509915756938,10.283529248830074,1.015666934694237,23.83798092760222,2.2843476303469954,3.179517004788287,23.500372770504402,2.499865574015489,36.7027305414952,24.239326297142206,2.739727828726979,1.7516141238265803,0.16428791838244297,3.4348988849989457,0.45365041486961827,0.9786430872222984,1,0,0,0,0.737144407178224,0.2098410943949569,0.1190402170770639,0.2639812776463606,0.2149023238049893,0.4,0.4758175406671245,0.5291317676754759,0.48203166819938453,0.7283282099108249,0.3004044425504303
36.62523328174596,29.300186625396773,14.052681065732823,100.21004910790342,9.912856112499913,111.75476649500409,235.19427844038222,207.96030716838283,0.5278387968674035,18.31261664087298,43.95027993809516,1.2805598911916865,1.4172696537981992,0.8316894607083829,1.0484895090222262,13.792554960086035,1.7297163965221203,24.95895634663105,2.685215437923491,3.665293532674291,26.25949983343676,2.8701921002575674,31.461524138392267,20.710015873016733,3.3963727900469705,1.5762214255195965,0.4353385392308583,3.252850987535595,0.4819549626785913,1.3481161453951849,1,0,0,0,0.40005830927484887,0.35519432461313744,0.2748051648498442,0.28211023259218365,0.5273724829986228,0.7,0.3101915369279891,0.861447994065309,0.36315415559855824,0.5477999813059948,0.2367707829318449
46.01495560688202,36.81196448550562,10.739409995099317,97.50295761119573,8.17652700433267,134.77008746304466,217.4539752069426,435.0602747208916,0.6544323552764079,23.00747780344101,55.21794672825842,1.9292523445563443,0.8646057166693578,0.9649922425746137,0.9968477818578928,8.255340204610897,2.099232441864591,24.641167659098016,3.5216950297615774,4.373629032350283,29.51637274630111,1.923338885765176,32.69533927694257,23.15034545479429,2.563011605728277,1.7505707361617344,0.49311671753505204,3.4585012140081526,0.6535496415204413,0.9524231372170058,1,0,0,0,0.20675185214964445,0.187410263080227,0.2886141639438787,0.34633295885890286,0.7274930378836029,0.0,0.3259070692068387,0.5522041663557287,0.22822816910517418,0.7546053824331647,0.40573743351234753
38.51736482955017,30.813891863640137,18.141025918996295,69.30908673926227,6.247009728055298,148.49980995793464,104.3217997124144,480.98425405309416,1.1693363181382896,19.258682414775084,46.2208377954602,1.403318279999763,1.0030618345632132,1.1450522828020413,0.9869549899092439,12.038105214847874,2.2400953705435778,17.081441883984727,2.250051549741225,3.643594876072291,21.357520455731542,1.856410415297551,37.454865324554376,21.71286566013795,3.4333271190321737,1.043688334924335,0.15466840534704215,2.133721469451052,0.8728861799427061,0.9893886435544653,1,0,0,0,0.5522257904105895,0.20143169029164162,0.07757086103891195,0.4207522720544027,0.5050093809839719,0.9,0.3058047820618857,0.5454221607604882,0.46669755779015937,0.8387617424977634,0.38446661091187273
62.52428580921229,50.019428647369836,10.807145896043794,115.61542829208722,9.446426401489052,122.95394096586767,210.78463893497957,302.70327621859053,1.4734478872966257,31.262142904606144,75.02914297105474,1.37443316877689,1.0937538479137452,1.0743427852971665,0.8944019301650595,11.682335395762028,1.7413116714192272,22.092533521242512,2.918908809369707,5.3511324338391155,25.80189917641954,1.5151423704231908,38.58845502162115,24.94110247612503,4.452934520157104,0.7779394368744279,0.23724025240565638,3.617434025754725,0.8852205172287899,0.6614562794290705,1,0,0,0,0.7021629885176249,0.7753306782920005,0.28954948364581573,0.42765164814388085,0.5814326658650217,0.8,0.34593444914779425,0.5538002915768027,0.4099749791335626,0.7508721604343052,0.35013340986875663
44.495595123178504,35.5964760985428,19.30562443725232,118.25474266990906,12.580862857025735,74.3022282772867,134.94664811181156,404.76059210565404,1.2488449161274227,22.247797561589252,53.394714147814206,1.3220005655958822,0.9384912854689569,0.891294203845111,0.9169525305410459,5.810062849652391,2.0839554514109038,23.083363213543088,3.1172387917440245,5.784407487039393,23.385136980617986,2.4093514392385695,35.136267078555115,22.181901372078244,4.994693837982836,1.7476517326540866,0.38756715643251793,2.975912553175478,0.6896122918031506,0.5781073574185034,1,0,0,0,0.22321871645802008,0.49882983729288655,0.09462215347089015,0.44954845766954266,0.9111040581563408,0.2,0.37680486660371393,0.8973289154670463,0.5334168730835767,0.8872053619605755,0.5320218715674492
20.912250484979626,16.7298003879837,14.935943645498668,82.72394148039041,6.823561223285268,73.55054788492905,132.78416787821595,445.70191541655765,0.783782914627278,10.456125242489813,25.09470058197555,1.1464701399528014,0.8499734520733786,0.9106036821029815,0.885798647049186,7.605351878864345,2.9387457308129186,24.71043424079095,2.9040952645822924,4.034667369458468,29.615085219794402,2.1322569315903372,39.74225882206659,19.176208732795278,3.082289701266262,0.8051226918658151,0.1716958212727321,2.8557526195676033,0.828600107102125,0.840088321705303,1,0,0,0,0.6768731010844313,0.293524672393873,0.2169756833278244,0.45249388310629973,0.46798152625772116,0.2,0.6584566572401651,0.5293368371845176,0.5940736649965914,0.4854044570165051,0.4249334550828014
39.823022160911314,31.85841772872905,13.892348844481837,90.97762619079508,6.147428664023833,98.90352088772521,238.72031462972504,226.57152049596687,0.8408845445025853,19.911511080455657,47.78762659309358,1.371686734565622,1.312782969480405,1.0646097200882236,0.9398442264241815,11.974619419737408,2.9569881619341762,16.174324987749593,2.675963834009341,4.903474843284956,22.664690191771655,1.2494989605494073,37.45924132221819,21.94070093180763,4.223887278014381,0.7989928269819457,0.4719291137366729,2.5337042510372827,0.4790526642980539,1.1568705780097617,1,0,0,0,0.6413894432665506,0.11091574986710027,0.12913430607161655,0.4837640267863605,0.07611053365872644,0.9,0.7892609238325415,0.7628462466352146,0.3708096637934356,0.5204564574380649,0.22056842624996428
65.56972929841191,52.45578343872953,16.409707367584744,86.35865647516282,11.201861020750796,59.08278107240517,259.4372015167511,465.29638577804565,0.5645183496752862,32.78486464920596,78.68367515809429,1.393927113131764,0.8527806915093954,1.1716201164866866,0.9264344112151062,6.948553709471183,2.149888776963552,18.450325493790444,2.8154206200842467,3.178680537843192,20.549648770039898,1.330686267717901,30.42318583382087,19.893839540127107,3.7409716018932713,1.984997843301445,0.33177716256635226,2.3677176821605195,0.9767521853481753,0.7479576190866343,1,0,0,0,0.29821780352091276,0.4607692521763828,0.2726038052504812,0.38392301892088204,0.3440734045082462,0.1,0.3146067986985551,0.5173983370367348,0.6524628424409139,0.6521731876531531,0.3451149079530393
49.15005524809037,39.320044198472296,18.920527477435417,96.87001997583106,11.682623016035294,83.63091752895068,117.21853130972056,423.0316468384554,1.4019268085854653,24.575027624045184,58.98006629770844,1.1912207875521554,1.0669808731407047,0.947358964204111,1.1129096331732427,13.614424222998075,2.843174736449699,24.955669833192797,4.887064321768141,4.581596259753326,28.141316122110716,1.585792274615188,37.626034463668056,20.294353040203355,4.563739828512551,1.516989615699494,0.39919839150429115,2.3798283202839174,0.4753775192684754,1.191361929703363,1,0,0,0,0.16662010865434299,0.7404428993663417,0.09537719051577613,0.2996374038748432,0.9490726577152818,0.6,0.5355162983244669,0.7111773999993235,0.45003726543093125,0.42326627830401403,0.21498029784086295
27.295076080075656,21.836060864060528,10.283197091673289,61.88064271523017,12.399557079328245,142.8973251675426,134.06678104699157,301.67989715022486,0.8849401735571282,13.647538040037828,32.754091296090785,1.8870715470107084,1.3274932854387482,0.9241345912267686,0.87889025020115,6.323824044135181,1.1350972112201194,21.447311705259374,3.9822681697485245,6.693246170138373,27.56935299166511,1.6614677258145625,33.05614592590669,24.758544154208252,4.50916053174257,1.920262793739875,0.25758919661304613,3.895233115270608,0.5367905382351794,1.3063674320883627,1,0,0,0,0.49373801934731965,0.6422372231629757,0.2006603697887617,0.253679270846554,0.7388453912961019,0.6,0.39163772505640737,0.7233506141793485,0.2412078755259932,0.4141881969127131,0.5403237908620375
73.92863140359054,59.142905122872435,16.832126052856836,70.66255507726045,7.846171966186709,104.72987134170845,271.2072007681045,321.48395706472377,0.6019033046447871,36.96431570179527,88.71435768430865,1.8113079820505686,1.4912676586993847,1.1185797928834873,1.0678992130364025,12.505750438769873,1.9501323916449202,19.809754783839995,2.6831439418029737,4.852383364983332,28.94436830445742,1.1928370945248457,33.9417643662558,24.97469329919407,4.449439225596738,1.3344310325273643,0.2655654984827461,3.228458617210755,0.5800152974317061,1.2375791930639046,1,0,0,0,0.26359271773538884,0.3400486571067411,0.197147174044657,0.26965770282039747,0.49200594997657565,0.9,0.45337160678184973,0.6258130369336583,0.6033809729682618,0.6615048499432712,0.27424997627615155
71.5932815979063,57.27462527832504,12.956161158546294,115.37988736745498,11.612075851251168,145.04931431859472,149.11682719969764,483.77271716665746,0.7202783589132365,35.79664079895315,85.91193791748755,1.1102936797045402,1.0852414720083674,0.9307934698646467,1.169584027230022,12.497741692444105,2.646032526350414,21.632419496102646,2.212269322637224,5.314341419269133,23.953833956112174,2.82975269504818,30.046625909964398,23.85122668424808,3.16745294543717,1.7466631947463844,0.3968471056421422,2.3087217362125614,0.9177100314497328,0.8913972212827789,1,0,0,0,0.3000541368052349,0.3128040010113234,0.07469453934297961,0.3945975101433275,0.6659238120605171,0.3,0.4930899060658794,0.5401935014111321,0.5628492825150757,0.7707818079687063,0.4246979462721966
104.46766458218994,83.57413166575196,15.985726121706403,80.84324641356709,7.264684747334202,122.01088278050186,109.09960386922693,444.8613114136476,1.4516236616874458,52.23383229109497,125.36119749862792,1.6651645430601194,0.9465963576090076,1.02248203042076,1.030643269762505,5.896380069223025,2.7204048644992325,21.495828486426362,2.903761848703546,4.090307784297382,27.64620260076696,2.316548976420106,34.11841523597974,22.90599136597978,2.096975279555898,0.656022584366174,0.3371765991234651,3.6324515352255293,0.6026546447003678,1.0867018800712775,1,0,0,0,0.5049769750604078,0.1696615856369293,0.24557098226310256,0.4358446558801059,0.8847791678375238,0.7,0.5308252876291304,0.6503894723229147,0.4513043578078855,0.8586495850946442,0.5253971507501749
48.93867356988203,39.15093885590562,13.364876755658205,131.69830084549827,14.059711418410158,96.06830865453229,127.24714760385771,451.63864367802256,0.8182134565790674,24.469336784941014,58.72640828385843,1.4966596988116185,1.307071963738911,1.1247092433816805,1.1187826852392144,9.5585431273721,2.1002262784524106,23.47307223038463,3.382426610262616,6.38750631288335,22.308652914733628,1.353604611519418,39.706390209046305,20.45849126968988,4.165900634685553,1.3082008922101775,0.30355750976474727,3.8652844109504336,0.8242952589057195,1.4781810163173321,1,0,0,0,0.24362398293758228,0.26691877787867335,0.1762733660825547,0.40991612271674016,0.21489055501265078,0.2,0.47860895586105817,0.6569317745063485,0.46637985070267673,0.6992828333574407,0.2663104091876586
63.89758743043278,51.118069944346225,14.536698806164189,104.79963607718832,13.894358963672286,131.78750328725792,208.96972502700203,445.0741523968171,0.9322752527192846,31.94879371521639,76.67710491651933,1.1969459562280635,0.8405034110447271,1.1279855045713922,0.9017479718136802,13.444061430353138,1.4417626311456753,15.595970474188446,2.4987359977263757,4.324318282593723,21.519131887867808,2.4575519021362573,32.77241827256033,23.405535679933696,4.67011630401365,1.212679698058348,0.22789089538961257,3.132625040181046,0.9246561630749441,0.6849393711780478,1,0,0,0,0.6620823923571169,0.5626584660428745,0.1899748944801884,0.49287879273574187,0.10141544915412237,0.5,0.5954243174941897,0.6972670658956673,0.39198240954467745,0.6517152853843715,0.500843184614763
68.11937865289516,54.495502922316135,17.17910719745516,123.89585380196823,10.402215615481687,109.57624035769425,285.1322750592013,311.07545166144035,1.4725396308715495,34.05968932644758,81.7432543834742,1.0887288208708144,1.045445503639439,0.8106795502651736,1.1332051486141035,8.11771312662356,1.2828698819520428,16.574461962263488,2.282162865051535,6.244882402681435,21.200697936312487,2.8175172595164333,37.44513082403289,21.545856635802963,3.3286782725689417,1.9392819678368252,0.3256311408792826,3.3100099612787455,0.31849655223146006,1.1840562568431379,1,0,0,0,0.25706784251817866,0.4304239872055017,0.27242619973823756,0.33471082963784815,0.09210724033695161,0.5,0.7804694540429111,0.8376580813232968,0.2585271565407184,0.5987112946564169,0.35933416015844744
57.685184596605104,46.148147677284086,13.340857268814531,97.38656889618257,6.9157143566738375,54.6246222863175,220.60327983107564,383.71770923249073,1.0637540598391984,28.842592298302552,69.22222151592612,1.7695400270639219,1.2348670814836038,1.1022162434718767,0.9563154676872141,10.816087549946259,1.0087365679493248,22.090874275847526,4.960192923437639,5.785016379211248,21.40090505134217,2.2006912279467956,35.30001789748884,19.853935930785426,3.4453873316889068,0.9688427459762627,0.19662037946882183,2.080293154314365,0.47164686876792594,0.9044549999330985,1,0,0,0,0.05227599217871195,0.7980520334994384,0.26446695858104713,0.23336128345277374,0.8125578367698618,0.1,0.6407837915222212,0.504321785763886,0.4395853338445046,0.5449329605527119,0.22921468174341647
58.75640736302256,47.00512589041805,16.65538589027738,124.98075444613787,7.924506893298588,137.0872557480826,210.818184166657,442.84345447922465,1.2721507510181427,29.37820368151128,70.50768883562706,1.39275626561508,1.1240528272777144,1.0809893807127833,0.9768720481590517,12.223324480138823,2.405362786898028,15.934062797898838,4.75389032488477,7.776401470830342,29.068996708002267,2.6252206100745115,38.63781473403401,19.32190350498657,3.3163150407447604,1.6899295721438283,0.40416459108220903,2.844048300069224,0.30492175375077735,1.4065228664856593,1,0,0,0,0.4346210564468823,0.13373266731339195,0.2324615748238273,0.4182104961997638,0.35073258956742326,0.8,0.6967512197336061,0.7904247110734992,0.2511184737680126,0.6270323114470044,0.44288451414942304
56.55835153418611,45.24668122734889,19.455206288227263,111.1016019516883,5.504495396315744,139.2896673059458,271.4975609270395,428.18246014223723,0.6408273194312902,28.279175767093054,67.87002184102333,1.1791510248293045,0.8221913294830473,0.8535559070609879,1.1462285332753233,9.096496398026208,2.7105338085066317,16.168080660090432,2.6669121550887604,6.286695602968572,21.530394203538975,2.8313716626211045,33.16222013399723,18.90326691502449,3.6858758594348444,1.3802162685760122,0.2795967266336823,3.977514988500166,0.611448513089978,1.4423777123416173,1,0,0,0,0.2695097387239266,0.6657792856067171,0.21118873776748498,0.21020675062648275,0.22149962574752927,0.3,0.7100420256809712,0.8759412753117831,0.4394686647779147,0.5236304807236478,0.2661692089701365
65.9079097784425,52.726327822754,19.09740124747357,87.23113563657624,10.19596066346396,65.89690810439397,237.10908333779327,443.04454733581895,0.8292942161308261,32.95395488922125,79.089491734131,1.1144807357498556,0.9870012179425685,1.1472000347526097,1.0168049857410704,14.958777867526448,1.548019530735458,23.980501387909094,3.763518452571871,3.717026870837482,28.189165058422862,1.4106102563434604,35.7902493332682,19.19256071300806,4.772618964571643,1.6165568212576855,0.3950305995804613,2.2623275550239783,0.5080267763295251,1.2194673529424822,1,0,0,0,0.20214155377015644,0.15489941594072293,0.2093011037760482,0.21513890507102498,0.8752504399123157,0.7,0.5075307787098466,0.770348264009413,0.568607519283286,0.5125131322349774,0.5325814854744668
77.6527043917989,62.122163513439126,18.94506087226732,101.59469106035765,13.811472167598364,98.27892287126947,214.74939932691012,209.20082152646282,1.464539002283948,38.82635219589945,93.18324527015868,1.5702709821180465,1.0787136001549085,1.1695105367557441,1.1257592715007143,8.837999300547029,1.4508670887030795,17.895213719295857,3.7880307691176704,7.635377170621735,24.910782919751927,1.3513638049157306,34.92903112793254,23.266395817312997,3.5193330969990977,0.5578435585149562,0.1893500788328366,2.5160260631880504,0.5025151839446246,0.9776224242124407,1,0,0,0,0.6439450680601644,0.7704182753738885,0.2677070064879297,0.39702603637899175,0.9777079646427311,0.5,0.33528369150464044,0.7032031546688979,0.30101914270406044,0.6127124537071194,0.2988825609832854
40.820860279508906,32.65668822360713,11.897631700022572,121.13351249091087,9.612421765802502,81.30910081754105,260.4708637498437,244.98101685424038,0.5124289575745804,20.410430139754453,48.985032335410686,1.0386460351273517,0.9238239315180832,1.1273012792981347,1.0996545687375088,5.796416488064738,2.4226790565152125,21.29116220398202,3.8137014785998393,7.5198271989261745,27.469556051664615,2.43686672466556,36.56494804307452,24.137161225151303,3.7206529374242465,0.6844328549651926,0.1377446466852364,3.057946560441332,0.9488154474462169,0.691676299761301,1,0,0,0,0.6589925184453952,0.49853011290833954,0.2537796778151594,0.2938432704462737,0.12361323200106757,0.1,0.7712452062420576,0.677554266390937,0.5248281404909052,0.7032914360022539,0.34738770160460036
42.027124741273035,33.62169979301843,17.547815289769858,82.36676190244128,13.143227894740228,79.31076467383522,257.7462767803857,442.6653266517216,1.316522844377941,21.013562370636517,50.43254968952764,1.9617826744554665,1.0888444766157876,0.9047950856351337,0.9902863878410542,14.401765350416321,2.7560621528129734,19.931281263450472,2.5420808400687758,4.279141964580306,20.4772466551528,1.270583800224126,34.87130798803201,22.6298193847614,4.284011998961305,1.2467164942912692,0.24850378328425637,3.9490030988192917,0.45395729272425034,1.1561077634055275,1,0,0,0,0.29864460066639564,0.29173976017523956,0.18260699904039954,0.2220965118542197,0.6194521176319097,0.6,0.3826879759046039,0.5900200661060939,0.42864719650137595,0.4224385914157567,0.5039671083017324
58.65317298320266,46.92253838656213,12.592873468536792,95.8867494979956,6.98866039955464,118.82600254318628,206.6326289950979,200.1512965627623,0.7524471626371241,29.32658649160133,70.3838075798432,1.7197502859058602,1.045044018816824,1.045768075980021,1.199824906367662,7.928038576913457,1.4395096864671117,23.861231587839452,4.0997190914802175,3.890754459128462,29.89615932282701,1.5819485882570226,35.65145476863543,24.80034279128427,3.862684331480505,0.8804681003582784,0.4777113150795472,2.8168050606355752,0.6332071495228815,0.5861793269766233,1,0,0,0,0.6301202651833793,0.2648048613194406,0.06959642558528166,0.2607232354029583,0.7990201321151637,0.7,0.6623734625330069,0.8689942888501456,0.31895471977519846,0.43566781644504693,0.3253723696729602
64.91937724213257,51.93550179370606,12.049953445500584,104.44737583552329,5.953042254028248,127.27384810028678,208.5507007394805,313.3425912660845,1.037703048012641,32.459688621066284,77.90325269055909,1.1364948090856748,0.8728929163050554,1.0775751716122337,0.8005769638380738,6.7673942940996366,2.112109056970004,22.95573314031933,4.894768747412245,5.803711067332433,28.029106556325043,2.383768341509355,33.42069861837772,21.883232340828602,4.651658918800985,0.6445124198191019,0.43493458055469725,2.0408229300851133,0.921339588136747,0.6263412965890816,1,0,0,0,0.7164697735331254,0.5522782275776388,0.16852739259464278,0.3373497545392036,0.543806510189392,0.6,0.69716593034633,0.8805299770224244,0.32839633728535433,0.5021700754036645,0.5489527700776664
44.66237046196934,35.72989636957547,11.678488265804843,105.87428945208066,9.76833059772611,50.299256583853044,233.1638174974237,246.94333496795662,0.8614740126597956,22.33118523098467,53.594844554363206,1.190610000877284,1.0120171463373433,1.1214155372105625,0.9736657051349347,8.554304404739483,1.1354934052012318,24.41799308547957,2.943706091137199,7.062080400140055,20.633276894921373,2.41012191004579,38.0616005628513,23.315514145330148,3.2032656363210603,1.1350557484543726,0.49283476867613807,3.0396842613832527,0.7281274480077207,0.6318934522885937,1,0,0,0,0.30336336675546427,0.5977041944469468,0.25598807460148104,0.4914995511538058,0.01468713482690498,0.7,0.7499891575066904,0.54002397239177,0.3811121832224358,0.6781068166595305,0.4860058686473993
79.89803201883896,63.91842561507117,11.291126354488147,111.27863627353646,12.067037136596106,60.09507361538415,159.5179180159736,486.1049019911138,1.0504273847814354,39.94901600941948,95.87763842260675,1.7590830856334005,1.0750410238307104,0.9683601175555956,0.8766974701513441,10.586110945330372,2.834326851425356,15.49287029226882,3.230951564371372,6.091375870023754,23.137140094735425,1.9413322985970585,34.150465796655624,24.103877429572304,3.8284112786562323,1.0510676681359827,0.3485360519474716,3.112411300888078,0.84498921364068,1.337645062324457,1,0,0,0,0.29541225542668903,0.2075218234177999,0.05445374709803526,0.3324182441715966,0.006398911759375792,0.9,0.7398398713718773,0.6386034022586996,0.3060928588883965,0.4116993334917872,0.5154007347848188
7.89983122888998,6.319864983111984,13.367224831849931,89.09929316977451,11.531891839240366,71.66529231707885,134.2333703408487,284.3728065011857,1.4047517878322626,3.94991561444499,9.479797474667976,1.9258058417292772,1.2939744609555286,0.8986660881979881,1.1391316274350518,5.375955417352837,1.8349286380140026,24.573614469730558,3.7866349200771605,5.540780982531291,26.40237062358043,2.4579439948282724,39.871463160857616,19.276996936871623,4.8052500396996045,1.5293776777796508,0.1228126202990279,2.680435370422061,0.4831653940050013,0.7826609088964955,1,0,0,0,0.49156499533531883,0.33817616787796423,0.07990010115893638,0.3914072715503955,0.9254217512034976,0.5,0.5994109836971134,0.517529101301301,0.6621123946564745,0.7872772834593722,0.5546946207867993
76.24637589419534,60.997100715356275,10.210295408565077,84.66248896733725,14.75684715001144,93.37181826219384,263.7691857464629,489.3203851753047,1.4262258339172669,38.12318794709767,91.49565107303441,1.3016734773706866,0.8104951377273779,1.002996607425831,0.9441308194362603,10.52180968645789,1.781326769781133,23.647889949026457,4.9593164291380605,3.2145874452643763,24.584114168371876,1.7263111951311128,39.26807643199186,19.088083481439636,3.3977601600585023,1.5132450069140977,0.15298232838545944,2.025190537885522,0.3006499062352129,0.9009537074959627,1,0,0,0,0.32717261327002245,0.23378617549214206,0.27593574689467437,0.3506160718756523,0.5936269026306924,0.8,0.7146788917290564,0.8969199843425415,0.4036551473176183,0.6557302670856746,0.5554994943485192
62.191138250630594,49.75291060050448,14.00449760628948,110.97020020434033,8.512327769047236,124.003036610757,249.52189898394346,251.80954727626414,1.3959594776435424,31.095569125315297,74.62936590075671,1.287986514735431,1.2547922814625527,0.883695394932365,0.9696865901154286,7.80715216933419,1.1175978534865176,24.88996514845474,4.079157589656473,3.1504308635543734,28.45829488561003,2.17793735663085,34.86149906980533,23.87113990802733,4.566682975477254,1.5491433906741254,0.1880621820594892,3.7228411901835132,0.6490792054672355,1.1974769012322528,1,0,0,0,0.4357075796910145,0.47769610477170166,0.1616500830939784,0.4698662745036636,0.9120393296082889,0.2,0.7289253366674523,0.8364514298214335,0.5383959561276734,0.41900469063842194,0.4451415476747318
70.56803490255618,56.45442792204494,14.124360130774344,89.16445983532553,14.362383100152726,61.297717826278074,193.79135508404406,498.44200843753566,0.9464778095394525,35.28401745127809,84.68164188306741,1.866965407827915,1.3308346670614704,0.8333349031597093,0.8967305919091774,12.559450373931156,1.7247324012984484,16.37484493133242,4.0972574379744495,6.380447699804089,26.544036676574294,2.277035572363432,33.17121691245078,23.760807698191336,4.713502903560812,1.7273351194520037,0.47463070370369,3.522933707796106,0.43127589859117,1.382703858949909,1,0,0,0,0.3052629305043134,0.24946752306657197,0.2939589616046978,0.3322671993413329,0.5005859753972393,0.7,0.49525756717255515,0.678930965845667,0.318082412253805,0.8389719591344109,0.4565211631115137
52.820879123180646,42.25670329854452,11.96366166507983,106.1744441234845,8.942772556717902,56.7215377850558,283.26396219791377,398.16035696383324,1.3119718258945614,26.410439561590323,63.38505494781677,1.8239182743190256,0.990975818866699,0.9594201282348328,0.9783942728227946,7.2621078486278,2.084380768478221,17.290508824393157,3.67555327841265,7.248244706552803,27.17726720629752,1.7651149905817247,35.358895807265206,22.028636668000075,3.4154496796958123,0.8244347141156712,0.15118221186223352,3.0460516935119526,0.5361179222725955,0.6917518299956367,1,0,0,0,0.4828819971178304,0.48096661969590504,0.13009971981227517,0.42857438834707196,0.546162288860066,0.8,0.3820436933315305,0.5808829558499429,0.551200799385014,0.7246903981644293,0.22565073929429602
49.84403991356255,39.87523193085004,16.501780189347475,113.81384864669946,12.372852866304443,117.85710062440727,187.9708540936129,280.40821131368335,0.575834870768636,24.922019956781273,59.81284789627505,1.8031728837209235,0.9275023629098762,0.9041835046137966,1.0148657434380237,6.692109552852219,2.78345019385461,21.87768772356832,2.68839144324677,4.96735296693074,23.73862502546801,1.9926774375464171,34.57180682301289,18.297168447529515,2.6208623054767797,1.6877082906565761,0.4810292348763565,2.78863574307893,0.40409898247009696,0.8381773111082491,1,0,0,0,0.5979270932033657,0.36580252570832306,0.277512988583237,0.32333576124870606,0.9355390137374175,0.5,0.581771463677332,0.8126087345872175,0.292804925541229,0.5419609973183526,0.5862643197894395
57.86057618414224,46.288460947313794,13.68919431712105,98.8816538875111,11.170622764000385,85.79090850696726,106.12496546340766,412.599153375732,0.8323946368325875,28.93028809207112,69.43269142097068,1.0517217741726,1.1654350858234335,0.9668759641780478,0.9352397886794258,9.971054716930384,2.344419718862015,20.4810790024022,3.7119988439448273,5.596379482876598,24.32220042815383,1.3696843667557441,34.79013043157604,20.492770058489487,2.0844518211378396,1.1476522384546175,0.27602218809091156,3.273178166610418,0.8972614301898134,0.6534155513496088,1,0,0,0,0.5191460045704971,0.570133760375566,0.2994259616277625,0.4683340718995403,0.9032295117832676,0.7,0.34882008281435845,0.7272537343220395,0.3703112181026663,0.5481064312758765,0.2036821334971652
62.280488461169384,49.82439076893551,12.881957609741931,104.17943904513507,7.565830566475041,73.03335894179062,284.12575695211297,390.77956688661584,0.8994366220242673,31.140244230584692,74.73658615340325,1.3842588099961666,0.9777302409074942,0.9879070671272162,1.0057830839165094,11.777512422748144,1.6381805312438484,24.32313238332415,4.2867386729006896,6.792897949623593,25.08922886135789,2.3065455907076773,35.81807367871205,19.046443807525552,2.675083446294679,0.7575572892133409,0.1903418072178587,3.3459723043239613,0.7450609906624812,0.9499557088919471,1,0,0,0,0.10626152890357568,0.15106359521711446,0.24622161810025286,0.25765394892830784,0.042916422242473384,0.0,0.466162112255344,0.5304739210115356,0.6546605126548547,0.6108881773246169,0.322179789438256
20.564788787378486,16.451831029902788,10.669920765883473,139.50714106931258,12.851518142863725,144.55729943173816,283.8486481121557,491.3811904160015,0.9291645219667364,10.282394393689243,24.677746544854184,1.1345055217198792,1.2980397952752987,1.1640173261406375,1.1010057810082508,5.828077741157708,1.9483461911418483,16.734793133223587,2.3703209510923817,5.875510493763461,28.239798557741103,2.673648590736744,32.902040128724444,24.439111796993597,4.217691139832181,0.9915214463121405,0.3717516449548408,3.640471756105499,0.7594111981403643,1.0728445193305518,1,0,0,0,0.490838439475211,0.6836167601979285,0.22503498715879108,0.4491793361561269,0.12445702369944632,0.7,0.7580958588378058,0.5077624253212506,0.5899098697034426,0.7045832281144546,0.5933736638549514
54.28793550884149,43.4303484070732,12.109772234933281,80.14156185351207,13.035335268593224,84.35077732476253,116.21407705801693,462.83291423191025,1.0703657391091257,27.143967754420746,65.14552261060979,1.109977078126609,1.3974548550338532,1.1868427043563827,0.985115064804735,5.9291570281926,2.3818821985840612,15.152020647572241,3.361316692866877,6.176474557119583,24.281890958251232,1.1098836630111184,34.030455993869225,21.001789588407597,4.601998118440905,0.7967050922294792,0.18795707567578412,2.6722119365312706,0.8388737314681416,0.6690392142358393,1,0,0,0,0.456144885197401,0.2557862052097481,0.25192065522708823,0.20565804116929265,0.9133036674732954,0.6,0.46851195834315235,0.6213605542087814,0.5547288424019716,0.4558326725827308,0.3583375971802134
47.38662466980768,37.90929973584615,10.906079752788564,86.53749459512153,6.319639167889438,124.22065157533456,290.02929317725636,403.0495187596104,0.7447046524537412,23.69331233490384,56.863949603769214,1.313187716542688,0.8412251200414569,0.8887759480117375,1.0131769840542073,8.23557349147466,1.6815681252355028,17.431849604955318,2.0041528642479127,3.5281292046000603,25.96069600054426,1.6111134315337459,38.551204687078936,24.380249212881637,4.105257280773229,1.4730128745371016,0.4225500879961377,3.9913601230957116,0.9943050293770388,1.1197570064630882,1,0,0,0,0.06555704361650093,0.12772619316635503,0.2448110198964759,0.4530446849209025,0.44008423738100355,0.8,0.5672668744879574,0.5298521760823469,0.28814419986598155,0.7575619772072228,0.22219815183460484
47.33565638669794,37.86852510935835,12.788453470986974,108.4446940047181,9.68556446818602,140.17580447103595,177.58195168766284,436.46095304688015,1.3462442132078436,23.66782819334897,56.80278766403753,1.2535862380997507,1.1774316245236607,1.1520342780569894,0.8880153401935774,11.282705674483077,2.7390438318478063,15.56864495144679,4.005826913441644,3.4579096890689804,24.204462612792277,1.0868295746077112,38.04857268121142,24.024370754105664,2.095071328956834,1.7133730698152623,0.18127916854748105,2.43530716246046,0.9579440323832631,0.5644439765801932,1,0,0,0,0.6990198838327586,0.13915010264407748,0.21781626471842203,0.4724281226387444,0.9051040557086281,0.4,0.6258149373350305,0.5666571561485905,0.568333453246402,0.7212355788172229,0.38801750697592285
33.93382292772587,27.1470583421807,16.126081725166003,92.95549321510317,14.029132275678863,129.79904657827262,194.11200629967553,323.74100163180003,1.3440078456883326,16.966911463862935,40.72058751327104,1.2206946004643675,1.0998734674946333,0.9299345673411735,1.0713457195818636,6.428756390743752,1.0243944738536308,22.187207467541526,2.2642051029062547,3.5989906934841,29.1057476783795,2.0947521249202414,38.679749296594224,22.786811282323942,2.733400096959655,1.8745969456835119,0.47651920024163663,2.4129281288087836,0.9468609647835129,0.9266087156327799,1,0,0,0,0.38746369426750255,0.6389490765952403,0.13456218224336847,0.4046375514719552,0.1102573330366702,0.7,0.44781547703608093,0.5853847695925234,0.6411571869054038,0.5430323996772695,0.34311163606748973
27.029173364148676,21.623338691318942,11.161081209559823,115.20194460148551,9.177245458940767,67.66957317995666,207.8824168239196,476.1201111165635,0.7724341610396618,13.514586682074338,32.43500803697841,1.3478147310128488,0.8951326285675281,0.8924553603488082,1.0801457843482365,11.214775944320118,2.895334504727902,23.38402382596103,3.560788146552196,6.981642572818512,25.28373138674096,1.044898929178956,37.95194941557396,19.79441325240234,3.772836464191831,0.7845027552407906,0.1079050755418669,3.5632308512508164,0.9116380677192102,0.5490388187965539,1,0,0,0,0.45228070415725,0.5453518004452391,0.23683118855006885,0.2677797926417294,0.179322420793022,0.0,0.7708130232773223,0.8062564652192477,0.44820249255103717,0.6728412444904668,0.46375134789178424
54.1777570642291,43.34220565138328,10.189908559266218,60.29445772786048,11.241124472209425,128.12194522968565,117.5475346297846,298.82477608779527,0.5677216281723084,27.08887853211455,65.01330847707492,1.066036784708864,1.2115148991828708,0.8538763286492138,1.0270111934453596,10.155205336079288,1.956479490030664,16.981298786014793,4.521363173656155,3.8448743501623976,20.78963781698461,2.2448298526906068,39.94206970919816,22.216027150030925,4.991868264673311,1.962333963255359,0.20494321703794216,2.735545529037499,0.5392673292518653,0.5651910713522722,1,0,0,0,0.5304321164982759,0.35864133537686654,0.1807726683854522,0.475456677413637,0.14398610502698495,0.6,0.3854270426583921,0.6890766456986718,0.3194268597766777,0.5329844471342208,0.39469084766796864
71.98305276364529,57.58644221091623,15.941616815310047,102.68935778275633,8.123902366160578,142.22556950339208,109.30977479425701,410.17132624780425,0.7539707772981125,35.991526381822645,86.37966331637435,1.2001910717580118,1.401792650801617,1.0807105150940262,0.9721540195125549,9.063665743207778,2.6502331125062817,23.58838475680807,4.297557155215133,6.3635747656492665,24.469647457706706,1.604790616853341,30.006077138415893,20.087293561478138,4.634641880946682,1.1778881529825467,0.136237382593818,3.074333375087699,0.49950698751095945,0.9055787836197992,1,0,0,0,0.27850338082241743,0.12187557299300743,0.22109648093206807,0.20150985860946086,0.9199609322267738,0.9,0.41254517912635835,0.798138704739674,0.6001706817439214,0.5493241532006768,0.46673165101275677
61.79876925247574,49.4390154019806,17.534284320051626,124.75275574800791,6.019466804442175,94.65993903458408,245.35344735473615,269.8076477070841,1.2860328246864117,30.89938462623787,74.15852310297089,1.8891548465577817,0.8032418793680246,1.1862942353684065,1.1904727393747694,13.602448492611058,1.4186642885742027,18.19349676146886,4.522253827952772,4.733441054021267,26.60504538030301,2.8019696029432386,30.970087368127377,24.88533121603897,4.178071794205647,1.9458984385327014,0.4212406366675686,2.9890421087873493,0.9525632305857497,1.208505655889287,1,0,0,0,0.0666936203412333,0.4605086110690725,0.11405681412362055,0.3515461555576171,0.29102636374991875,0.2,0.6310669043902062,0.7649634503389509,0.6176021163505586,0.5688356537943371,0.2501571750675984
68.82533808400099,55.060270467200795,11.88548171786588,113.35528689010394,10.364664584750532,92.09038792113635,297.3072330067602,388.67483595515523,1.4280188504944042,34.412669042000495,82.59040570080118,1.0277184420164593,0.946199213677094,1.0479534375707913,1.0881323972200896,14.329281897344435,2.9160184944018406,22.421440119530956,3.2994715639451946,4.434672188727308,21.68519240360312,2.6236623537287467,30.887393021410908,22.822813211464272,2.8374257933292992,0.7089612215098595,0.17551598136990842,3.015773662398444,0.5952004615768572,1.4604882195221045,1,0,0,0,0.7095650339503823,0.6717434431641293,0.20775060386731567,0.26324273605273385,0.9660453444586514,0.2,0.5142028611068835,0.713666946008263,0.3683483532846653,0.530603196566118,0.5538820855700463
55.117554954718244,44.094043963774595,14.720879537883707,96.70505656967364,9.19327569836959,139.70780726746688,231.13134072839566,225.70794816378717,0.513431622971371,27.558777477359122,66.1410659456619,1.9408155099156457,1.3755874546793514,0.8808158311194653,0.847145778209071,9.733017595104617,1.730802181070754,23.618347952479187,2.2556011684214927,3.4927078945875856,25.90884198170581,2.5742327609679263,36.130204977394285,21.386527284350617,4.399784691584372,1.16264056425996,0.13580680141118068,3.96418036810574,0.8857328939759657,1.314669051326784,1,0,0,0,0.47520976845798996,0.2602831487492574,0.09877073120453936,0.2759370463579418,0.35028392394058117,0.1,0.4425022883596895,0.5407758824348204,0.4505479645231826,0.7032604641534121,0.2274082884653728
57.73149146089654,46.185193168717234,14.752729317040966,109.444710933841,12.344429263538608,92.83075602603469,168.87540310744313,370.98567165308384,0.5196324823812623,28.86574573044827,69.27778975307585,1.350816416150841,0.8814882686969661,0.8798361972458641,1.197209384145809,11.752221169795405,2.614097165662312,23.59895257215711,2.3264181596959546,7.173106358154754,21.68390896539028,1.4717186944784655,30.012605698036754,19.613027970955898,4.814409375621667,1.635233818435003,0.3005220039962774,3.0508905939052573,0.8934171406963103,1.2468827623095027,1,0,0,0,0.09859133191792682,0.7547344584716822,0.15726309686722453,0.23002453004532303,0.3894669423837126,0.4,0.6716883326999863,0.6986267324105865,0.32536036710275396,0.49025836804384637,0.26052848026601005
41.93630459997909,33.54904367998327,15.775085392491608,95.76880979114755,6.130795245178689,142.99740202229543,168.60302830835508,313.17477664619855,0.8263913883040609,20.968152299989544,50.323565519974906,1.1593110394579849,0.930393576366465,0.8363631027003058,0.8373210977906258,6.849541873909013,1.1903747681745194,20.86513152060521,4.906243909815542,5.0380833492620605,28.43003400389955,1.9223211276655074,31.07551864599319,21.966288989599555,4.728635937917685,1.751176418956777,0.16602877421668844,3.5398396516330246,0.8883177177092594,1.226982437254084,1,0,0,0,0.6750303715149828,0.4884737331343413,0.2537015219442813,0.40221680604952864,0.8542134057114399,0.4,0.5932105499790432,0.8497115302717049,0.37319047054435117,0.4517496670775024,0.4001970779997197
14.195121900970221,11.356097520776178,15.824368863291294,83.79801962626146,10.367429252581733,62.977213279436505,264.5174839117634,251.40433290690365,1.0884827154825305,7.097560950485111,17.034146281164265,1.1838441958106356,0.8105261303258977,1.0680958337701993,1.197450180043751,14.332869664709142,2.4345482364631477,24.255613189248294,4.378210476879608,3.194585182563691,26.172457433187414,2.1223641765622663,31.593896400268385,20.625023358159627,3.4520013330410766,0.9426298594228006,0.25500267823867717,3.2991240499579444,0.7130700595129189,0.9663863028712697,1,0,0,0,0.5933185521707951,0.782817773712481,0.19903403243294704,0.30775515374422335,0.11640690590937007,0.9,0.37132583342531705,0.5558031282806153,0.4424197696807255,0.8874151571217517,0.5385302285669438
69.04051555193624,55.232412441548995,16.927032614408912,73.24831261578865,5.488173371282722,75.72200307857575,208.70658246655887,381.64840394452267,0.7773616756279685,34.52025777596812,82.84861866232349,1.8301996210507754,1.487480358517697,0.9698860322339048,1.0071198358528612,11.297124618371893,1.352530001065256,23.430991045894807,3.4252752821458063,3.6791724572956777,22.642207533078338,2.810456253428903,32.28858456219206,18.220026554650143,2.3498435057369695,1.8014599850258253,0.2117209119432175,2.576466398259739,0.5445308883615748,1.3481628377926218,1,0,0,0,0.3395356309816232,0.6413248387539912,0.2755751768201527,0.3149164268731749,0.05262795123325259,0.1,0.5206183488442294,0.6513786294071365,0.6420479507462055,0.7825441345142189,0.38113073932692965
62.474533295226614,49.979626636181294,16.71993128983255,99.28532723321266,9.820921700121406,121.28616528341405,119.54103182801143,304.31863407113104,0.6683440310440831,31.237266647613307,74.96943995427193,1.2942768583248907,1.244943728154868,1.1963763087733863,0.9758146425472551,14.995358307286796,1.8622223739825954,17.619701448744696,4.612071459288838,4.632612832322167,21.600065084368072,2.2946937920466763,35.473799189211675,18.13359507320707,3.9425858519192403,1.3701011272873815,0.3785226063055861,2.3333406334294162,0.3704038373820958,1.346826066105275,1,0,0,0,0.6476891474115704,0.6067873354271206,0.14087960056977264,0.31934384752261286,0.3288433114150054,0.0,0.3359970659378632,0.5666750777552106,0.23223972058558273,0.4839430830065647,0.35163226991469926
53.87402934357631,43.09922347486105,10.974673720903764,118.92122463587283,11.923161994340283,78.31152257918016,287.98911304986666,367.74746006746136,0.5119692926303027,26.937014671788155,64.64883521229157,1.7312456754704164,1.4818031028888128,1.0520379739103332,0.819486347683401,5.805946303209545,2.734902006318036,19.13739404836509,3.843932269851618,3.725647240616596,25.142251975326612,1.963624227619715,35.63803994867643,18.99340120417704,3.4657458513825015,0.7183167793031602,0.3958384080316978,2.3641978074915437,0.41378348145941585,1.1092916858157786,1,0,0,0,0.5088776371785972,0.5886913221107075,0.23029492674191807,0.2097971411325523,0.12815730305237338,0.2,0.4288910871370369,0.610386567965493,0.45261329569932457,0.47201279179580663,0.37248959366701595
60.024795224945365,48.01983617995629,14.031634832526112,101.72837374826412,12.940235931475105,140.70667593847926,291.4749901587031,409.31487437582416,1.297467456749834,30.012397612472682,72.02975426993443,1.6608802235822253,1.3472392023963926,1.136402863958834,0.9136038026933299,12.539028913272805,2.87427417708517,24.80627039585258,3.5267017377539553,5.084302361306397,25.47277158488681,2.9890386468037544,36.81161835224903,23.81906501210401,3.1723764743713736,1.1390132066774852,0.34971755109736025,2.02910447720442,0.614813722077777,0.6816518730698409,1,0,0,0,0.2635412330573475,0.6239961745867985,0.27556065855924455,0.4119415794600977,0.2600444350038924,0.7,0.3719597903604459,0.8324785376781829,0.3583813975652168,0.899645983922843,0.49659310067151446
62.39274740015843,49.914197920126746,19.44325730037064,106.0702732360432,6.478682715398908,99.23026710211425,149.07595918431187,255.82519850658963,1.3886237466478377,31.196373700079214,74.87129688019012,1.027567895938819,1.2983942796228036,1.087322662408468,1.0017295633706198,14.116570604898914,2.1482245403260145,15.011314219827327,2.775183328209488,5.069877716162422,23.195541696670993,1.183633628203495,39.526309364607364,19.038570771757264,4.059941816619284,0.5677485357697382,0.2665410142666583,3.5642819232321994,0.9832724062725275,1.2661826060722858,1,0,0,0,0.2999285924906589,0.7519124470802494,0.2348455485779004,0.49335275921062577,0.6592857606344135,0.3,0.6406400369091658,0.6063902776343423,0.3417625894520675,0.7875135494823232,0.20379645168285776
34.22663579558323,27.381308636466585,13.121392564378722,133.64836898539016,5.988020763243966,92.35515487229225,107.44308537294583,217.58958834982155,0.7427241743603239,17.113317897791614,41.07196295469987,1.3737709018215984,1.466162445599492,1.1404895759196856,1.1683492095045187,7.237028917586707,2.327496095927313,17.296358408507796,2.0854394786279236,6.53242735760153,21.275051838702613,1.5527123530378746,31.34271473297116,21.528361354368215,2.756731575480797,0.5778410451355387,0.21350696277049586,2.7081456422516657,0.947056565284099,0.5823486786950827,1,0,0,0,0.6004418135763081,0.12903698592171498,0.16313358777260234,0.25204270706534165,0.11645766917008138,0.1,0.652852978130752,0.5992042150269583,0.20771942254423376,0.44016095068132766,0.3164687106059929
40.95294805420913,32.762358443367305,12.940918965752662,108.87041587171073,14.086273335753406,56.83685791833788,175.2486180035603,238.62533163324005,1.051988797720989,20.476474027104565,49.14353766505096,1.5000606077530958,0.9216373123950524,0.8248938452162584,0.8922055470078337,12.405297207177759,2.926295235893126,16.48675381992374,4.093197293346429,5.444189813609098,25.21907096483096,1.7287325250263448,32.01619951114646,18.446024702372462,3.513755179540574,1.595151775428688,0.2545289227595323,2.094799008894549,0.8086081208136435,0.6725088223756016,1,0,0,0,0.21477062212153633,0.4171360889313742,0.2492855526654346,0.26244029701130134,0.936994144086509,0.6,0.40727212167750826,0.5241490109164828,0.45610599986532996,0.8125305362056923,0.36986125146447724
55.054641653408765,44.043713322727015,17.51767579261186,87.75278862344244,10.6326266170915,112.90205586567336,190.55060703788766,472.81480025462685,1.083483819830858,27.527320826704383,66.06556998409052,1.6156150348285467,1.2921398425667752,1.084794939848554,1.1389945946503532,6.863421823638988,1.0562691381887765,24.708334087059946,2.346557656851197,7.374529839841752,29.344798077287336,1.8250409306104387,37.10965026539183,18.62540547183893,2.301986488537413,1.6904968207639832,0.37392645202740926,2.9559927734905087,0.504567373527603,1.450586585284547,1,0,0,0,0.46681042418584723,0.39431136372737724,0.281929067450246,0.4750896759036507,0.4142164927842451,0.1,0.487167821614437,0.7231574026920286,0.46166207152289357,0.676188933129019,0.3959691359578775
70.22049339297493,56.176394714379946,19.22001567714979,74.26537474951746,14.928311937013666,61.22385342092661,293.41960382461764,269.8668664983621,1.1037825483154506,35.110246696487465,84.26459207156991,1.4615813056641151,1.0417869917264413,1.1305195150975742,0.805982217183123,11.440101838990547,2.216703612265153,17.359260507251996,4.620928395766991,3.500654776003583,23.23990651051849,1.2431859428793017,36.38522411239501,24.170224992378497,2.61160600037709,0.7379850033491804,0.400786529470753,2.215064492758075,0.9600353219834454,0.9479966052049145,1,0,0,0,0.40829471609671025,0.6898078426429022,0.14137813907131366,0.420965981938205,0.07501444974826331,0.6,0.7057542161453286,0.7282400022138231,0.480908257880527,0.4298510017484022,0.5272860793226779
41.94113660273544,33.55290928218835,11.95515749364844,90.53898945321647,8.283723490576042,108.47566173844598,161.06507887657898,425.8480107761353,1.457849250161503,20.97056830136772,50.32936392328253,1.0895653504476477,1.0685063161004673,1.115426822782016,0.9395623846686957,12.055075970034512,1.061653629962923,19.882358227702582,4.3719436745296045,4.195623727200996,21.3006319945435,1.2380896100838927,33.776143965806384,22.145250879055457,3.012398806407422,0.5551950254441237,0.16158617080843563,3.321365040557703,0.3579386084314859,1.3726514804283714,1,0,0,0,0.3231164243223875,0.2256376927413615,0.057475627144540395,0.4952674065081159,0.8627977708802239,0.2,0.6761208321528647,0.5126892915394274,0.3958147887098,0.7129306078165563,0.51584822710705
20.58746506563849,16.469972052510794,13.252041495276075,96.40535012902379,7.822116317212336,136.34010536027222,197.35716372864732,239.98581001847907,1.3912085462385773,10.293732532819245,24.704958078766186,1.7782657100842365,0.9823364430723511,1.1688369462192405,1.078043947189139,7.526078708677377,2.323297667765164,20.166052684803354,3.3093411110891764,6.6267919663707655,23.67051762335636,2.5832039154697726,34.32213578836883,23.916748148768704,4.854096358555667,1.5053431550179979,0.1390867981524524,2.1855504947222952,0.5955990893250465,1.1474636642261655,1,0,0,0,0.41803189028879306,0.21203871757502618,0.10453015334270396,0.28214775756886973,0.12690194796092225,0.0,0.3548547632481157,0.5344661324651635,0.4422297539287958,0.5357952181102255,0.2119014981408135
38.40032496919716,30.720259975357727,19.97939889992202,95.63137572891038,6.84830545055776,104.23716260224127,199.03174765110936,415.88793831127725,1.3917180216270033,19.20016248459858,46.08038996303659,1.7896554813697616,1.144016376353139,1.0573436931076117,1.0878848254719942,14.98493287043684,1.2925437947707354,17.575395878793557,2.503708237371,6.946436407137147,27.53698527377574,2.3322524919324903,33.882481668749655,19.10703350312751,3.2387335017349863,1.1438050803832214,0.3103213826925775,3.8430003127057466,0.5783558198198264,1.2616059307751084,1,0,0,0,0.0670292342330551,0.7686774998302522,0.05066642968607586,0.3184354203494447,0.20946324958542084,0.3,0.7249141339256526,0.5425656239952956,0.4704517557432653,0.5357520547755301,0.4349194348620523
48.510049527972285,38.808039622377834,11.343635398042359,97.78811984494845,13.956011054204193,146.30738618039095,256.24537629702365,416.57561006613724,1.4993332367065904,24.255024763986142,58.212059433566736,1.9892219849649235,1.3258214615655244,0.8552741594760431,0.8429371161948626,14.059902930102636,2.1089663742765503,17.441722733350872,3.009473600213889,4.276387688666807,20.66734935275133,2.1735496485766577,37.84876638381071,20.58706811629263,2.1117611749573766,1.4238213696315642,0.23172661990673246,2.0111733696329095,0.7169403606542322,0.5902368149480777,1,0,0,0,0.6003775707742234,0.4496391239088895,0.07783965704217892,0.3039139152631783,0.05529398681685238,0.8,0.697175455386853,0.6587470015196544,0.2619526821711927,0.6542510356743678,0.3721610681852303
34.18356169806413,27.34684935845131,10.844078561133763,120.4305345549322,12.119051384763697,60.99203856794586,292.184127227786,479.44238537975264,1.0782620966589693,17.091780849032066,41.020274037676955,1.0919155159408815,1.329916994846694,0.8308124140122002,1.1501228925352125,13.429639045836925,2.4668909047290146,17.543721178544605,3.1487825722398712,7.875039722097535,27.56553993464385,1.0515016548381568,32.842456857186036,24.924534328888686,2.994597844599168,1.7417099313997966,0.2567618969124291,3.3374734017203744,0.5904082258826796,1.100738204181372,1,0,0,0,0.6584103180236077,0.35722737424957246,0.24426087510191125,0.2941972128140906,0.2516194111924518,0.3,0.7997067844701462,0.7042481209611038,0.5256160221554098,0.7998797971250311,0.41331968188220514
41.230044848583276,32.98403587886662,11.748186084025171,66.34061445609093,14.114174370356936,112.13464114492768,275.5863808108855,261.5999755642691,0.9702788825588509,20.615022424291638,49.47605381829993,1.7914598172479148,1.072984520464997,1.1392911086507596,1.0352479064796811,6.088411357694158,1.672880925227211,19.389785770829754,4.295242721048881,3.9414313062937767,24.650451396890098,2.1402890729201225,36.78675260274865,20.16914581743715,2.915053836980973,0.9153731396013278,0.3696764261241655,3.700256663467716,0.8877072773832195,1.0404148914948896,1,0,0,0,0.44485601861540475,0.7788340765802519,0.16202437142182952,0.25899842158229164,0.299331074342872,0.3,0.5622272557127755,0.8912431412923659,0.3157118282980543,0.6395785523050987,0.39440675933331415
78.08391247357287,62.467129978858296,13.177852284643517,99.30425523703751,11.21754567361906,100.58259745760941,217.60389603772086,352.8316805722484,1.1080474142788104,39.04195623678643,93.70069496828744,1.854173375604161,1.1492486871277934,1.0826131042965006,1.1453297718301325,9.66960065337307,2.3077771612439797,21.814103393068756,3.598312792275246,7.4895492976721325,23.17710950267228,2.448212993527168,33.42609110689158,20.6970798117826,4.228403813877254,1.473413690889104,0.14405940510118534,2.3857173541807857,0.5154694061580025,0.6276366902276621,1,0,0,0,0.4026782223434363,0.4010001832767823,0.2738017316411146,0.4444946599938015,0.020129428468546484,0.8,0.4584944014581378,0.5856844172641295,0.31095726749678265,0.6266233766422384,0.5526985706398062
49.52898953348431,39.623191626787445,12.129467032723326,106.37944948363389,11.653513814632188,78.31732351957845,144.54067470447777,246.43862677669185,0.6350574189094961,24.764494766742153,59.43478744018117,1.5031363537185474,1.3702618794940116,0.9506287321466363,0.8870823490757676,10.037843822275386,2.650786111414975,24.173273617547274,3.9245224681762076,5.302483964296654,25.322885844202794,1.5158732182114087,39.032883768341165,18.362014995008703,3.7936886894929938,0.729297887196243,0.4658331808450966,2.334513687401614,0.6382872871219514,0.5697183755570059,1,0,0,0,0.5046772000243265,0.6487234842308419,0.09920883414938864,0.34730359418687484,0.18609335374891278,0.6,0.6249663291941312,0.637151234215515,0.5080999836566358,0.4931698168227861,0.5293258310235753
52.23850212266785,41.79080169813429,16.811222002440118,106.26152797221098,12.510495653807757,107.5914953496231,256.56536409565786,288.0861275097333,1.1037378584738695,26.119251061333927,62.68620254720142,1.6143238026774478,1.408810237898975,0.9384491108282982,1.1966829024914072,10.552818840399361,1.455944051591966,19.62450489116751,4.712050116159642,7.780337831544077,20.44689555592173,2.367277676913478,32.702085683703004,21.000259021331356,2.3665351001965487,0.9330871345152958,0.14041948518244518,2.7333117584680533,0.9606134699590059,0.6803241778449544,1,0,0,0,0.3555012438959853,0.16500905024151089,0.14266394569253824,0.21644645856354164,0.327574710938492,0.9,0.6735443579999285,0.5908537081548366,0.6422738894257738,0.8108972037344594,0.47748442296846033
82.93647021268652,66.34917617014922,15.835591309047313,96.37924261640185,10.779577687531301,112.65512159196834,293.15021862631386,286.3352010150278,0.7570527314272424,41.46823510634326,99.52376425522381,1.2375076786562125,1.226204873951505,0.8430813240201819,0.8473500229919306,10.526822562701865,1.067996168059273,19.20240713487274,3.374949859993125,7.502267534099259,27.073911560219933,1.6411763247154734,34.97231813537906,19.764736485128708,2.5366379170620097,1.1671952594451867,0.3987986826183355,3.358870252850075,0.6103416584863637,1.4244652265792734,1,0,0,0,0.47775943627684675,0.572815621861826,0.2003631472929402,0.39787171690966844,0.42964298621893604,0.3,0.30316383229859245,0.8055995113872967,0.5956929441738432,0.808100642741427,0.548484848802884
40.229435313806476,32.18354825104518,11.896994639988456,88.96457832550121,9.227671910078547,107.65871929038573,258.95150387768064,458.0595672266147,0.8534728895281153,20.114717656903238,48.27532237656777,1.6666646572997936,0.9065904810680254,0.8942094719820519,1.1812247005567749,11.780638911038409,2.317842921578663,23.874963662053815,2.898157939385606,5.869247334000684,20.767615656101036,1.43667440872708,35.8936769349443,23.300401139607462,4.663348088101069,1.5698253372735032,0.24581949986392299,2.1298827051158096,0.6723628532259396,0.7371836418292931,1,0,0,0,0.5492816634669198,0.3826214405532255,0.2777804832584399,0.4783317685986803,0.8740213258986281,0.1,0.34806892060144884,0.6569430232756741,0.3132570622896623,0.4968285845093814,0.25577801324419785
55.05181917658952,44.041455341271615,12.326991863388884,91.13020279132408,10.951992160769219,99.35247152124933,299.86664798965955,454.6372740477718,0.6475547932460164,27.52590958829476,66.06218301190742,1.0754659585123587,1.3889380395032918,1.1321356026310816,0.8706367596576372,9.67768974728755,2.8934865754035792,20.05316145228982,2.4611398774833337,7.808464973627707,26.635580536387643,1.4793342086294488,30.771092818452498,20.0201238055737,4.098872321454185,1.7362274249427263,0.2882226664861017,2.8308919950419735,0.9160741094761777,0.6129900978922749,1,0,0,0,0.5702255700079186,0.2149674261156822,0.06695927827096625,0.4509716009535204,0.12166989084197799,0.6,0.4161099346324498,0.8584077146510695,0.20112061848682294,0.739129196107233,0.22914906423028653
60.835178604775805,48.66814288382065,17.932874994085832,78.96064007639305,6.561201807914423,114.01230666835674,227.25800365171727,231.61074537602096,1.4014874697777624,30.417589302387903,73.00221432573096,1.6415843312395428,1.4778089690308123,0.9757856468726929,1.189175700120439,14.88075290981956,2.4502818583732777,16.38302590867704,3.1428356569425513,6.693668139299839,21.2660638255797,1.6056454870680053,31.35093827698943,19.814289152416485,3.2159693110987266,1.733539249900954,0.19072070291607857,2.3205757772195588,0.9398347580544917,0.6684073574943076,1,0,0,0,0.4092409696530265,0.37758793274377206,0.19025254281015802,0.21467775555044166,0.5579392631502417,0.1,0.7465262008066,0.8272847434937937,0.3162824153694581,0.8714352644808788,0.453711339780854
45.97489518100659,36.77991614480527,12.533394230108627,146.79128688820686,9.135027336343589,121.90618028521585,127.01855934437845,273.73952627140625,0.7512264121101614,22.987447590503294,55.169874217207905,1.8663156502792617,1.4761222577178508,0.8527415398521356,0.9940943894989404,5.161191615806543,1.1977312443896673,16.09948240340836,3.024174917766621,7.589286100381478,22.834047173701716,2.306960984247673,38.373301888104145,24.551485469964604,2.1635792931454763,1.4187873906457475,0.4733401175751578,3.494013444988547,0.7857007180933328,0.598076404990227,1,0,0,0,0.3841626075049182,0.7062982712311809,0.290285547096764,0.2788686818860906,0.5470459809525882,0.7,0.7462978592975336,0.5818258805450651,0.5530094170986106,0.45813214870518976,0.37643127544035326
79.8994111616143,63.91952892929144,16.987888065010484,107.95454520717412,8.533951365953552,117.75474901251096,142.96381343713549,469.8494110540063,1.4043115993311956,39.94970558080715,95.87929339393715,1.4413157042264877,1.2584596392716607,0.9794531111394231,1.085927034872837,8.589010140159427,1.718531206814398,18.122386545169267,4.685792345302978,6.766751664563087,24.07819859743518,2.7697542705565388,36.727012060224595,22.379657404472333,4.050321541417064,1.896310145481936,0.4147931866863205,2.5558276530666264,0.9419756429107329,1.110044966343484,1,0,0,0,0.20330129208123854,0.3966629699033023,0.07251525824545559,0.20230824776880368,0.9967441913552132,0.5,0.5179257178149679,0.8057657235043469,0.3564168998529722,0.7151673763117561,0.4609709238984483
65.17791473117114,52.142331784936914,14.276326076741181,109.36092090236109,14.604597560613824,136.63118102671308,178.01992457704176,423.4238960542695,0.8246078899474756,32.58895736558557,78.21349767740537,1.2621290799878424,1.3428975585192295,1.1249066132017413,1.1618112614290366,5.235593532915105,2.8799267679666953,22.04127195797175,3.1964481544079812,5.997949485566055,24.819795544231855,2.790691955205654,33.08701989871083,21.020905576761827,2.119642828978029,0.9843530393458709,0.11875856627374844,3.8595032708106096,0.6829420322438915,0.6363685572252005,1,0,0,0,0.2749623832256591,0.6986250973387713,0.23623285743108507,0.26355891362863715,0.028154835870482176,0.6,0.648440551219188,0.7581515742395497,0.6474598259049651,0.8201138064212936,0.4852793679076262
56.57892922806136,45.263143382449094,10.528057469646587,71.98531796047992,11.545631857673122,103.48608698632057,103.82396083704717,414.8036890744717,0.8999502529071776,28.28946461403068,67.89471507367364,1.7158488157567606,1.2762604567688138,1.133757819973872,0.8568065519334026,14.743011264237824,1.7421521644011586,20.161953356127796,4.563042364405063,3.0933864944395295,22.82540759849977,2.693218083287758,35.867643557556676,24.852098945286734,3.5047890090173546,0.7918050802323231,0.2005381046795539,3.9498843201783966,0.5079693188915446,1.4304723904423116,1,0,0,0,0.2423781700044505,0.28661776086427365,0.05025959977024898,0.24075371173614413,0.170775376116573,0.1,0.48575260597701275,0.8823946149037032,0.615629275720261,0.8753504346944874,0.44650393842766467
76.80767113282772,61.44613690626218,13.464958773078951,87.28469561967147,6.852003644983686,54.717838652967544,163.2847432757547,447.6104899454434,0.5494075385253461,38.40383556641386,92.16920535939326,1.2283634528702096,0.8270106910159838,0.8628666900797451,1.1317299482268286,6.718682775777689,2.670928254397266,20.09801809554329,4.3297500052100135,7.867269457195331,24.697547537429866,2.8082743767189795,32.60345022329,24.497373110074,3.315335815808485,1.059553126683536,0.3830116467928879,3.0962083928394697,0.9252825926736048,0.795117518008689,1,0,0,0,0.31163058596181925,0.3417564275136072,0.2967378102380525,0.20359093900901357,0.3137599206185873,0.0,0.3358770932551972,0.5079758599512171,0.699493259246412,0.8495083673146189,0.20844574824132067
64.9090915846701,51.927273267736076,18.963340817955043,123.32810738599858,7.867611044687727,95.8264505469511,275.9437120378857,286.03079936825577,1.4868002422813598,32.45454579233505,77.8909099016041,1.7859761661457343,1.073870894082633,0.9884629598397174,0.9479033993496411,10.038493560928188,1.849788644754567,15.385309348646322,3.4299498819754373,3.488442187364436,22.35605058785803,1.4344109599112131,31.401861453004425,21.47516604324089,4.464425860550125,1.7059008416321364,0.26853809307504983,2.3566160235481486,0.5019241427309165,1.4124209200264057,1,0,0,0,0.4641646989304811,0.3705556613070978,0.10839597159537619,0.3032983768490544,0.24481801083899624,0.3,0.5765579284763669,0.8910110564636493,0.24724954336090726,0.4089584137271448,0.3133460836268279
44.300025667783004,35.440020534226406,19.66790264738915,80.74780519040216,13.479041592700677,81.78208674853084,248.57801748482757,226.71076899781897,0.8096830427187334,22.150012833891502,53.1600308013396,1.572942610795859,1.450540773277588,1.050598587333428,0.8429282678543373,12.881486480571795,1.1117213407758417,19.686660910034817,4.073736213812664,3.9234307634612815,23.87507326600585,2.172893403754939,31.992406929219868,21.359483465551765,3.1688954004397587,0.7142459205240068,0.4123725911813424,2.0228330388921947,0.5249280651186696,0.8547504166759642,1,0,0,0,0.21576829045071402,0.11167668800549105,0.29568818461772034,0.3253693297118411,0.6840224897404551,0.6,0.5698343268989439,0.8787967955783039,0.6099129698779857,0.40612246794571416,0.4803201670793118
42.95562099563385,34.36449679650708,13.998242518820005,85.83317960996101,14.521803806666378,134.2297324400331,258.53976040294145,312.6785112291642,1.147203962264995,21.477810497816925,51.54674519476062,1.7771758013041474,1.1694349714219388,1.109278698196487,1.197935566807721,12.062452186351688,1.9921400456475156,22.11336022646558,2.16556155589906,5.064572450702498,26.56840933443833,2.8772168489555607,39.093625345973045,20.90742771319787,4.53641447311304,0.5383137304264212,0.21680598477790283,3.501994166307929,0.7175880552265463,0.6792954410896848,1,0,0,0,0.4742862530332981,0.35506455235703877,0.07528625898206932,0.2950831455379141,0.977135985813733,0.1,0.6769224733217938,0.7563263759179789,0.46097332584545575,0.8658198183199839,0.3853782397952854
51.66629834893478,41.333038679147826,11.095897249686653,85.25705268586435,6.280414533840645,110.0341442065104,244.62253897637285,214.78605735575601,0.7864369959446105,25.83314917446739,61.999558018721736,1.091368117693434,1.140749989347193,0.9063544471370871,1.0198563680818709,12.142579193246426,2.7563241120513906,16.891039273851305,3.550160797729456,6.811730264908349,24.346182448795087,1.6776585444189143,37.32596230512474,23.75628929732067,2.881884982860715,0.9311620265946001,0.2785361079719857,3.492900382936847,0.7921863363213002,0.6380332064248713,1,0,0,0,0.12261246475544743,0.7524738757146215,0.11399736850219112,0.37726103553606727,0.12816430998681472,0.1,0.4534327901092305,0.7763287452032697,0.625380374108667,0.8783329324623766,0.4525027138458543
63.83444070791062,51.0675525663285,11.712879626995695,94.5181556473707,5.578614670327239,57.91312165524247,115.19258671960245,379.38288091741276,1.1225323563830092,31.91722035395531,76.60132884949275,1.8875295404336494,1.1902008098076444,0.8774386898615177,1.1707824355312992,10.818976048939554,2.913598126736362,24.42071386868158,2.897391193949674,5.320530571241249,27.98706810953303,2.2481249974384268,33.492691220949126,21.12537004683959,2.7069400946428206,1.2845041175962681,0.286580829004731,3.2966018083586497,0.4277998902736264,1.0269621145969694,1,0,0,0,0.08786752109602126,0.7791485406113112,0.23376564295413044,0.38757361498822307,0.4088544132987574,0.9,0.48855861449206683,0.562930431857093,0.2652000460513284,0.48598032633318156,0.5085757192353906
65.87203406191486,52.69762724953189,17.346256113159118,78.48814477769439,13.551650210470994,56.01665637998904,278.23136724375456,202.7889968319079,1.2148138617717894,32.93601703095743,79.04644087429783,1.607688176131998,1.2143991685953055,1.1702995417743975,0.9690267281900502,11.485841241006987,1.3065814919379481,21.521571559515664,2.8738832559532255,6.442152478801884,25.239362286775396,2.5200117670714564,31.73984740794433,20.858023643028176,3.6938491308464676,0.691048774135944,0.2565997816504947,3.300359841085192,0.7103416111969474,0.8120401456817692,1,0,0,0,0.6295026850484388,0.34589778264230087,0.27200086988697547,0.3172837472674182,0.7040363016783137,0.1,0.7710853657152452,0.5384109638019888,0.5494935722932486,0.6427710548892909,0.4497342698058466
64.26846858361885,51.41477486689509,14.740485178027726,134.81134556271292,9.014730918806865,58.58538803130862,279.86480978063787,485.7320682744224,1.3624056650427676,32.13423429180943,77.12216230034262,1.9114065951204169,1.3694979988646847,1.0786043585503102,1.1645936790676013,6.545344981933718,2.3654814196477236,18.490662453849886,3.0370407627193665,3.457953548786016,22.84919494972724,2.9369406435568597,35.751290001450315,24.35967075479744,4.80210631445232,1.762434732449472,0.3702484745592838,2.7330319619348824,0.4631622153106212,0.6064076078645427,1,0,0,0,0.6789845992286684,0.2698007456683249,0.0805199660796803,0.3651525629510364,0.7960005910045328,0.2,0.34940413970626155,0.8314815235054022,0.5340711518979782,0.4721867044561623,0.5415749033511348
40.20899160722161,32.167193285777294,11.821259993434097,110.26187205542033,7.079772431767882,59.046767496722865,241.97609308366503,291.2327991298958,0.7946837112821641,20.104495803610806,48.25078992866593,1.9191864446594242,0.9249079991503165,1.024116718371379,1.0256424384875824,5.162591790230129,1.2397640510498187,24.500314575914345,3.877177819192092,3.8849760636594795,21.90744619479893,2.561465203698011,35.954865392579634,23.691028111851054,3.0456143251457855,0.8329403235211008,0.28701756045972787,3.5427471742558483,0.6469447877314796,1.302301943463877,1,0,0,0,0.47781015450011377,0.12887291724001018,0.053688768067381085,0.22520084573056243,0.44505351304874785,0.3,0.37776875069079907,0.8248402760264137,0.33411582913332893,0.7930593354045018,0.4389806956338481
35.1550425484155,28.124034038732404,15.68776587855858,75.56946422902229,8.179492914495157,85.72037566660664,205.46286452707636,327.35093911417516,0.7077819552725809,17.57752127420775,42.1860510580986,1.9401630870188011,0.8709724113952906,0.960864135858551,0.8364082441010048,8.02538724920262,1.0867413944150686,23.863376201670683,2.256477887825243,3.5736939903762064,24.338332228602404,2.822149030177121,32.11838501541183,18.647189709710524,2.689741091307349,1.835694150363048,0.2144442595725481,3.4968966445011125,0.585831410501271,0.6420703159811233,1,0,0,0,0.14588352818249622,0.1138741499296772,0.21544185343139519,0.418463484450823,0.7769988695781609,0.8,0.6008775313214536,0.6766176738142502,0.3741297766030689,0.5695397291516123,0.29868283666749545
49.07324862936476,39.258598903491816,15.567333415482965,102.23859360565989,12.180626226115027,87.92440262929081,235.17923265522478,239.5233077473818,1.4347987124074955,24.53662431468238,58.88789835523771,1.817139282390675,1.066475462637267,1.022927349020149,1.0375773367833931,7.953396676358285,2.6547050800952725,23.154894236568634,3.4529510310637455,3.3786894644605625,22.94254738838935,2.0193911471465187,37.4600345810306,18.419180983281937,2.8855150929201523,0.6163381725294523,0.46731572507397134,3.111654052945048,0.6363748853996182,0.9033372907771701,1,0,0,0,0.053032015452696014,0.24317321617733895,0.14797357881629739,0.4901715367093869,0.9457396503307859,0.3,0.6972336787315763,0.7618724693884693,0.47591476907637364,0.7303242410266846,0.5059016784096995
49.55378192893795,39.643025543150365,18.86817393319129,86.46789926446188,14.309667314326367,102.40060394570952,258.40712634573964,314.58412725932664,0.5865189799678874,24.776890964468976,59.46453831472554,1.3521073510874557,1.0463402349069466,0.959723587503402,0.837451637727959,8.234200998355627,2.315434714690868,21.51617198630163,2.740799563699837,3.4758477306353464,24.247598432881574,1.9485549894326053,37.83482297293346,23.262576537813505,4.86662418962808,0.9729934191526599,0.39571883216726333,2.2015452322688915,0.7299252919375104,0.5732825942941862,1,0,0,0,0.21640252341639316,0.18475695442768492,0.1667902710260641,0.3158183278284193,0.6121605071891429,0.7,0.6171668555119887,0.6078255599244348,0.6345561720991921,0.8257868748418611,0.30143459586643934
89.01751809163181,71.21401447330545,13.09719086822627,72.51436993361054,14.401025295237954,90.16041581579972,144.6173136112247,357.2786238088215,1.3358926269039721,44.50875904581591,106.82102170995817,1.0386705339321063,1.3164628606787687,1.1616154409602506,1.122298031364975,10.881306576484755,1.7975365911061767,16.67333576818817,3.3643044872684476,7.076322751066266,27.224954625799036,2.009503340853599,33.505074364820786,20.24627374103387,4.724197008836618,0.9078256406777618,0.24995672084403442,3.853094796485255,0.9322951215139197,1.3554622716346305,1,0,0,0,0.31426440866876393,0.5861775986583817,0.07477319811247542,0.4765439044662553,0.010306128613761456,0.2,0.6744093007536042,0.5196112422779012,0.29382747328706055,0.4933511945925916,0.5837530842742342
65.89683887168239,52.717471097345914,11.505618468144048,127.87106363001979,5.7833223995396175,108.53265897099551,145.07688186248384,418.303186885521,0.6382345597636175,32.948419435841195,79.07620664601886,1.297847163877928,1.0615011142823016,1.1162839013940238,1.020227313120321,12.771202995501167,2.1006211719354013,24.29093469094728,3.3922314062789733,5.346072978854455,22.072632148009646,1.4817018680988947,35.74065245639122,18.292899085516535,4.299940285204209,1.0585155923270384,0.3009306323503841,2.75596449302906,0.6041301917218587,0.8141054141315326,1,0,0,0,0.6640089204926773,0.53611984286543,0.1026145334047986,0.2279862541813624,0.2721504215185343,0.5,0.5540329192176515,0.7354164688399458,0.5011966070441993,0.8482221077924874,0.39770381529638477
53.70902211627762,42.9672176930221,14.224323839280483,103.40312440666806,11.059196135510659,81.19053049323969,129.2997258752021,404.7548090514821,1.4719865005038084,26.85451105813881,64.45082653953314,1.4096432700703976,0.9999314385270974,1.1692139465161424,1.1044930904293078,12.986986784576743,1.0364009570091133,19.430276111808393,4.268838241927325,5.296676479205407,27.921198504537543,2.078098709546122,30.329709586953125,22.45805088995161,2.97635123621641,1.6717382895110193,0.48487023620692393,3.387176276649547,0.48889208125141337,1.2392719985923928,1,0,0,0,0.0905490945110697,0.793671756965059,0.08836832897328,0.4162146394213302,0.3703251871739681,0.9,0.7371238183648605,0.6796240340792301,0.6671098939376837,0.43469814648592925,0.37753867971078336
64.90903667224286,51.927229337794294,14.01506496171111,110.86623451423252,9.128191707498381,143.35897512143077,282.293595935253,227.21209718703116,1.1100174787957098,32.45451833612143,77.89084400669144,1.3864707955039495,0.8549623876897506,1.0277868723586303,1.0772131460254801,13.589562044069588,2.856610552552882,18.76944928795551,3.9262179740158523,4.269565574746454,28.149363027616975,2.5976161091076957,30.416212191067956,21.8811308256242,2.047845082408579,0.5826439136924462,0.4886686195510579,2.069710682770099,0.7310823278856473,0.6203615463790283,1,0,0,0,0.4431621764554595,0.2897444508678583,0.27786370098577157,0.37156314463095624,0.5527769648432385,0.3,0.6346728019506573,0.5985335804074144,0.33476191520719045,0.8175198897006609,0.34221920890212537
18.52562324425933,14.820498595407464,18.35497706110838,64.33291806717031,11.21750384846857,76.2617985316319,241.5852889628492,286.96472310227034,0.762866391168251,9.262811622129664,22.230747893111193,1.160134511432466,1.2877847161478355,1.1010294910170324,0.935574050648407,8.899655958653844,1.7902463583240376,23.42512042458108,4.667073868082987,3.072862705812233,22.343696091562833,2.8592271887039984,30.444323365045356,19.87982613973196,3.87357991779536,1.1821130581933996,0.3342428530688477,3.784636311485847,0.6066998596284123,0.7553399953787358,1,0,0,0,0.320317736792179,0.3186183684926575,0.141851281270586,0.45293191905947067,0.28676545278561094,0.9,0.7918739187960651,0.7939195823175149,0.38251114169025857,0.4548169990213367,0.25469072891768146
32.87994838446097,26.303958707568775,16.419138936673168,116.87421141038924,7.202665721196291,88.15620397464303,123.62405312777781,318.926382556901,0.5753385066551278,16.439974192230483,39.45593806135316,1.0637586767148584,1.138920329314933,0.9971254681896815,1.1654054750016722,10.135239172902136,1.4269121641705453,24.845370948037974,3.0960217184122656,5.926738973924591,23.349923336433122,1.8870096284744373,38.165151112500354,21.182382827295896,4.7256036379039115,1.8119208187228477,0.42850020178320525,3.858620142569489,0.9372598708647173,0.5408514493948733,1,0,0,0,0.7467371860043088,0.14232277006978408,0.2107689216086329,0.36063850845828294,0.4211699323377084,0.5,0.5763986069119876,0.5275196466960164,0.38231596590653616,0.43148085286941623,0.2696776398709496
37.69958078924603,30.159664631396822,12.388765428397877,128.90212956560524,8.566950394213178,77.06579799595161,275.1950964623906,364.9801857013543,0.8444469879590009,18.849790394623014,45.23949694709523,1.0554874371762217,0.9966656225064898,1.0470581524184377,1.1831942835031906,7.866222072432317,2.1855174113015368,22.43176164471258,3.97679920511905,7.5659032684519385,21.819953319862872,2.309350063507982,34.272347751962315,24.5505476408644,3.3753332802854334,1.6526537133426715,0.1569129937743723,3.3531652136500725,0.3436560571719028,0.7332198155506703,1,0,0,0,0.3043302037677428,0.4125100909604732,0.1756957513317108,0.4483384108397437,0.8669485056378641,0.8,0.7140393180516236,0.7214474190439264,0.5291222096120411,0.42346763469596604,0.4567021580814595
41.75328410820739,33.40262728656591,17.49661418969586,109.13546162626747,5.741467227178225,103.03860097102245,100.89859357842401,456.98646496803786,0.906219729657955,20.876642054103694,50.10394092984887,1.6993945300914652,0.8497768390209853,0.8540656462878329,0.9817242217624631,12.249011205944772,1.8428542169362316,21.97615591531654,4.92711574801591,4.217532129275996,24.679864758058574,2.2978478826184876,30.66438310044047,19.487338174712548,4.0072773644187105,1.3038409641932611,0.42992938825402527,3.2905290585140703,0.3904660431752469,1.4366425046444105,1,0,0,0,0.48920559290443794,0.7615341047434709,0.28939028073878625,0.3101123369256782,0.29692061995154134,0.0,0.39832968717825634,0.7700769295570306,0.3735319086831005,0.7533789422957106,0.44415708879117777
65.86963967761557,52.695711742092456,18.317227558819994,116.82991083675213,12.564229924754592,62.96605931615624,280.67288113707195,382.2294526147009,0.9628728616835999,32.93481983880778,79.04356761313868,1.0048171432548976,1.2604903559908667,0.9117899658058101,0.8121155829398221,8.156540099093135,1.9355037938092132,15.408935440143573,2.1135453856400703,5.141904983282475,21.908360209101986,2.411879940194365,35.19562302383344,21.304564459094458,3.565251940011885,1.0215663550003486,0.1530451091016389,3.9518315475499994,0.36060363390452876,0.5770066369831133,1,0,0,0,0.24799939065144985,0.6865306272418498,0.20312589707513296,0.27346988128262134,0.14809068704047476,0.1,0.45109954303341515,0.6211527265862709,0.5864326005791016,0.7632177392514454,0.2269934457341473
47.26534941134904,37.812279529079234,15.389610738866496,74.60838854031468,6.18351131495992,126.95719421407799,238.8319856188089,259.3155227297369,0.766310192750335,23.63267470567452,56.71841929361885,1.457076519352548,1.383396541251761,0.9366337693916629,0.8607577777643651,9.651628678001261,2.2397762638088294,15.623865823472212,2.820253071820859,4.716238757468242,26.20587600369918,1.1696929194868702,39.590398960449306,18.454662945991338,3.746392527220591,0.8231906245709171,0.21362143211884388,3.857116491684989,0.9916922292558634,0.7927075121860478,1,0,0,0,0.5757938000665669,0.7610044080132468,0.26413355368650215,0.4875638813760081,0.4005634289804808,0.0,0.639611997055505,0.7552436949808257,0.459501045816902,0.803199364521838,0.4806649575438447
57.72190122517872,46.17752098014298,13.272063415439451,70.59186665863794,7.547426547344526,87.6012624401764,106.93807396046564,324.6873878507352,0.6053197354188551,28.86095061258936,69.26628147021447,1.630372471484967,0.9027970725122367,1.1316173652176928,0.8683371489832981,13.417587048460858,2.7920183421884412,23.4153898075761,4.196999722312377,5.027332857871583,28.18887464428296,2.6177776953453833,30.85686910649866,24.779801125204667,2.4351973092042813,0.5637099769475127,0.3189822867609682,2.6614384398366786,0.4157609003069111,1.0331642459861428,1,0,0,0,0.6542533380945834,0.5451774517306266,0.26508162859423845,0.21840079092518053,0.03540109203063235,0.2,0.7863150880986675,0.5104381574767305,0.3432495171372675,0.571906443741435,0.20214323270118784
54.40993662554452,43.527949300435615,14.622360711472684,102.92070820958926,10.824547400748731,66.40697349455544,252.87712021558738,368.0073144000588,1.3927817947182044,27.20496831277226,65.29192395065341,1.32070891811124,1.0914758922006953,0.8852281561053503,0.9137208924339647,5.601473687257263,1.057740114663347,24.1568609728634,4.754254623865545,3.060930112749462,24.12476472904944,1.6842543030566046,30.151561015285967,18.808084294868106,4.315970340443815,0.7856984537498914,0.1510464061127521,3.5596760716783002,0.7326463039045303,0.52469372502519,1,0,0,0,0.6920650639212284,0.43336346722551916,0.14216959260740888,0.3690819618651726,0.5393077038958437,0.1,0.33902932429389065,0.7479222796771642,0.25949921037747303,0.8037933825768986,0.5763333256788022
49.72070948393825,39.7765675871506,10.458374004127105,113.22019414894906,12.053616104595486,51.22489719650064,293.864080302452,313.1537336676812,1.4282392349454929,24.860354741969125,59.6648513807259,1.273831062709482,1.1691106583598883,1.0514240052903996,0.8329089850784386,11.266605910197416,1.1676765593602871,17.39263031383293,4.553836520583774,6.465996822235071,21.84495214585713,2.0458864645161574,32.1017633268992,23.8925996853563,4.889395980935666,0.7176777133945146,0.37353310719370125,2.8075702547304573,0.8542834240238821,0.7223475375231345,1,0,0,0,0.4707551315153043,0.5482209837892319,0.06865908865843963,0.4190289946702205,0.30087851804007004,0.9,0.4772322002233197,0.6906305707390498,0.3500564833085025,0.7466798696219706,0.35315415601797484
64.0730111395951,51.25840891167608,11.187508275456695,109.9032080633704,13.069022958911145,81.81970155639263,133.9266962598402,344.5004835806947,1.3297334817941964,32.03650556979755,76.8876133675141,1.8324319008692178,1.03625841221775,0.9550690952104167,0.8161649067600201,5.110603813570052,1.7610795766537235,21.597607272239294,4.794833348250692,3.8792619026304265,23.750294148555657,1.565834964952179,38.10070594772293,20.392462888681845,3.4379846483798016,1.232347264155161,0.3721260395714253,3.662626726637372,0.8403616717671532,0.7425882793383418,1,0,0,0,0.09486062998874148,0.7693043559093533,0.1456455527801088,0.3834662668335865,0.20324186467650263,0.7,0.5155415420550722,0.821670787684059,0.27238659037331425,0.5604287150491254,0.47068092592147975
58.92164156213612,47.137313249708896,12.130510487736448,106.92197528205472,7.397177521992354,140.9880553176424,117.61723897673892,496.42399358552257,1.489913725878293,29.46082078106806,70.70596987456334,1.7041999898878877,1.3725162527685049,0.8447446974839711,0.9742335630522305,10.955034888612591,2.4981101875258034,20.871195712034208,3.1834039837275343,3.7204081403480274,23.214445772304565,1.8463385995251311,32.93324672852218,24.921915591043835,4.383645908170523,1.6849004463780524,0.19783149823024587,3.3335348843555073,0.7652173286124494,0.913607730505519,1,0,0,0,0.41756002438672013,0.7837308670309168,0.21876773587993942,0.4046673866064815,0.8535054007547697,0.7,0.3709923431461537,0.781892599428856,0.6625908753952761,0.860783838294495,0.2932745373834129
37.22559635636327,29.780477085090617,17.390241041643037,81.62562030044501,7.3971792101603135,77.48979545925715,253.41743589031918,449.968952807998,0.6063385460879618,18.612798178181635,44.67071562763592,1.5890012193107097,1.0334381316011496,0.9140284049625941,0.9593368992068145,12.060286880512265,1.5652482034389221,16.99380938278393,3.452591655170183,3.884406493964568,20.603663740159764,1.508525100878162,30.854935200704166,22.55095300923367,3.0303722134177677,1.6424600794768252,0.41588719188553513,2.324914138905185,0.4046748060327489,1.4182650931191265,1,0,0,0,0.5266315896129659,0.6589325533020763,0.09188902298356058,0.3401465269822528,0.6298330796811022,0.3,0.5254278362141132,0.6970931749571978,0.36713563168703756,0.587520963198872,0.2898229372202199
47.96142003686445,38.369136029491564,19.626670964484415,85.68092618148248,14.451175230512185,117.17323491503447,185.3555235673195,346.1767472715256,0.7111427397371626,23.980710018432227,57.55370404423734,1.0369862451793936,0.9863103365250444,1.0283841956194395,1.190274422040055,6.43606397348406,2.744356704180797,22.62434887867796,2.9045153980531033,6.283448746741914,26.973177344054477,2.1416399535434136,30.357421093950865,22.177583323289358,4.498245281839038,1.456167694120884,0.3506825981336986,2.1535508595539907,0.7602917024291613,0.5002409561605577,1,0,0,0,0.4099665902791029,0.5844428905926949,0.19566678261708226,0.2328250369257286,0.0013690160014696584,0.5,0.7973538593290265,0.5947414358452974,0.3391702254659429,0.7588238816066707,0.28378506129209824
28.15730339550327,22.525842716402618,14.88125806052613,106.79095504013704,12.267432770124937,69.10620349743122,214.22726287599147,343.2130817169341,1.4462314711916426,14.078651697751635,33.788764074603925,1.0493612692675152,1.2386227267970467,0.9811916782025907,0.8463217902822074,10.125059870310425,1.1344318372400308,17.808078216926013,2.1867573444876136,4.068964779354199,24.861255252003353,1.7656579991801025,30.326567161439392,23.33367195810845,3.544711511681218,1.6377224183670325,0.25876921660338803,3.3231365074301165,0.8813828339132916,0.6330672164932929,1,0,0,0,0.10682242842341325,0.15128813252262882,0.1047492730476785,0.48606470098977167,0.7081771559294455,0.8,0.5295815506511752,0.6154733239031064,0.23833900849213074,0.5970269406354576,0.3607618888817149
49.99397198372055,39.99517758697644,15.325251971078828,118.2590492728031,13.142398723441856,110.18644458185167,234.07769404648587,434.1486065053849,1.1948958629050996,24.996985991860274,59.99276638046466,1.9325618375351823,1.2560842990223935,1.02804453864573,0.95466859760003,9.745121448056345,1.1156196860627838,22.124190754856144,3.7843809479566985,7.045113308322621,25.98583440191177,2.9539802192272555,39.926594116926,21.79918912362139,3.295943094742984,1.207893674410346,0.43877967631139203,2.166899567719014,0.5233875159820365,1.070435673642446,1,0,0,0,0.2379406549799563,0.5098203847271258,0.23167282365837338,0.244609423446233,0.421947030376654,0.1,0.40151423980249557,0.7543964937451066,0.6047847587636175,0.45180563720550554,0.29269685406528245
62.48069438908452,49.984555511267615,11.043162192610206,100.26559183034094,13.246902717494793,71.5302432609426,281.9359732958501,485.6256941991866,1.431831634217867,31.24034719454226,74.97683326690142,1.4721343782793257,1.3570332463896042,1.0570899767529438,1.1334865772117644,10.149490442754956,2.63673782891821,16.399404972606188,2.60116596008053,4.8152725480281235,23.75024881010738,1.845244493190837,37.279400588438634,20.344108601336625,3.916994477802679,1.1827623631001847,0.49286701221889007,2.4078747357351578,0.6518783228746203,1.4794817178183477,1,0,0,0,0.5301104806382247,0.2468802132773537,0.2783881185355146,0.40867336227289314,0.5904475643227418,0.3,0.7002085479649052,0.6738316042125905,0.6261470063860662,0.7652833808127613,0.57645939551352
57.31705856806334,45.85364685445067,11.401874983539882,104.71101637476058,7.551502982176665,126.01048796188343,234.1694367882717,436.26638232097366,0.7128205516262442,28.65852928403167,68.780470281676,1.7969192579912263,1.2005755893483843,0.9649123902622194,0.9664460786720818,9.598087542393671,2.0082850929177933,20.242816797613262,3.966647849215037,7.357828321486268,22.841735977349682,1.2249314508848164,36.72363460270724,21.93586026276138,2.735261771507201,0.5752661314671159,0.45677797488752037,2.2196419018322313,0.613611893390292,0.5299530702460187,1,0,0,0,0.5888015797846345,0.4486108430025039,0.05180735234921972,0.35484173440603356,0.2292499764907462,0.9,0.4325143035487366,0.8415106461957621,0.6256429694413427,0.7444647102376962,0.5564854007932059
29.046975266768868,23.237580213415097,18.03312935183726,91.2960735464118,7.398901737996367,52.3460204004083,101.92952569423966,281.45052070928887,1.3300646452456069,14.523487633384434,34.85637032012264,1.2848496081174483,0.845526093224392,0.9590098140687462,0.9905366716075624,9.186757133557649,2.696771231688164,18.491078205977217,3.851628727081073,6.695139957374282,23.702766607007977,2.9768034589865557,34.338602484409485,18.127948084438277,3.534614837586448,1.0614532181088963,0.32359599345743156,2.718175712938718,0.4589545792885894,0.8874092624168259,1,0,0,0,0.6108593758243879,0.7212276212497897,0.28424343045872147,0.3210748665607055,0.2790234866522846,0.4,0.516970562889739,0.6250324538694603,0.5480801935110697,0.7021757219122894,0.36451620292448533
45.622694744987584,36.498155795990066,19.16646063160705,126.12306562016695,11.987207541382078,144.17594365361174,132.51435819248402,355.9446812025342,1.2119896368664964,22.811347372493792,54.7472336939851,1.403839512240756,1.3982402679609152,1.0245839331007869,1.0885784998069763,13.542839002977978,2.350137632943253,23.65256387498293,3.911916402931685,6.7036870253868335,21.71866085430438,2.2534290544853555,36.99970367976277,18.985168633764758,3.6810194172109982,1.5437247073267177,0.2747515250808017,3.2769950554250906,0.40474806708641264,1.372546453629444,1,0,0,0,0.2939796836743215,0.2339241422484389,0.06285221310651672,0.4875199782776344,0.3857498053370403,0.2,0.4412403317912572,0.8721119949342719,0.3917421245303796,0.42816015877082814,0.39473622078857573
32.18520306178077,25.748162449424616,15.827657085013579,87.87847756415829,5.269279763122981,116.4706763876594,204.46069703917078,477.0830668205687,1.4604253007377541,16.092601530890384,38.62224367413692,1.4570883032300963,1.0347912550028588,0.8366228142412429,1.178464039916885,9.544891848223653,2.2360100846811184,21.47951628647915,3.0836448264761303,6.672893557950552,26.64991827745974,1.8376079632335638,32.47443093344709,24.21696619426282,4.077091078834896,0.7330072036405973,0.36653515382068,2.959426337621326,0.8418692956343472,1.3348076085826215,1,0,0,0,0.63933234652565,0.4830617773011792,0.2424906493245353,0.47765617222014256,0.7325490368410806,0.3,0.7351251096775644,0.5534369815782241,0.6323092888177858,0.44731403779355877,0.27849240811921677
51.94590821677492,41.55672657341994,10.280571938001216,140.88748863776996,9.106316958277873,123.82408967168541,155.10140550610876,326.48231374107763,0.885558342881603,25.97295410838746,62.3350898601299,1.1573806492315877,1.3076036563466364,0.9053432738204087,0.9966259214092561,6.63965168579515,2.5404623831682542,22.193592148779157,4.2188521253060545,3.997995967141515,21.90177185808838,1.4697931196376173,37.82066088641375,18.434061295831118,4.495301824625884,0.6354224576109863,0.40780145305877624,2.108874906490867,0.4434835749251069,0.508670537847807,1,0,0,0,0.2710954338269726,0.325589205559548,0.10828357780556291,0.4242259074417183,0.1529378270186318,0.6,0.3159851954580376,0.7917557802580193,0.3586568657175644,0.67827894068614,0.2766906779660478
52.43244116217718,41.94595292974174,14.913528789521461,129.0899633523291,6.412662181317808,134.70049109532692,217.791726901024,410.4442551517991,1.2450039404986732,26.21622058108859,62.91892939461261,1.4987331963679833,1.1118216119649924,0.8401161153980687,1.1168154732397393,9.37887641727163,1.033912460551189,23.388468459464914,2.6027360163513418,3.0694951569416515,20.350727268709562,2.152875182209563,33.5018361140133,20.890294690019772,3.464437625395744,0.7286713284322579,0.2271322801498918,3.740134014008926,0.4353068012013662,0.8812602324752833,1,0,0,0,0.2557227024223884,0.1924013025835946,0.22220078889179642,0.20112498839008824,0.6006541055358112,0.1,0.5484485843885016,0.5326069787269978,0.2197877781023636,0.7167542357741191,0.4040536804123668
30.398275896727487,24.31862071738199,19.490768242125363,106.666681305683,11.355067535308933,77.49955330312014,234.70012320456232,203.43918298134002,0.7240939369915943,15.199137948363743,36.477931076072984,1.5261551303661287,1.2230304749207876,0.967231880980963,1.0930612906176245,14.161604105499407,2.8823450771791297,15.455386058474364,4.094113356908631,3.577184739090517,24.31278706687216,2.8469261622792152,37.586314434783844,22.906500217787617,4.627060601398776,1.2431270670972139,0.31672080297551153,3.1033359016461297,0.46394683512131146,0.9795249756788246,1,0,0,0,0.638237656334728,0.6029061591137173,0.294305883972183,0.2137445372635325,0.8307952765179198,0.7,0.3064509791565548,0.858104366838867,0.3567914466267488,0.7093459075153681,0.32648041397422656
45.33453603344001,36.26762882675201,11.750266030647127,127.27555882090347,5.9204545657556125,100.33183283612291,255.42938903204745,229.6951397382422,1.133609398941484,22.667268016720005,54.40144324012801,1.4918199012661022,1.3145619895669218,0.8663275814272627,0.9914937919014432,10.427692797621075,1.0357284777352527,18.70124665428967,3.8893137546960785,6.688927699315133,23.72772132022624,2.132862976058272,30.802879446060288,23.60253708947826,3.4836913103391685,1.564121686312538,0.20821044943860254,3.149000743101513,0.769390726957383,0.9210237852822728,1,0,0,0,0.3449546177283993,0.5599050082970874,0.1269814012121683,0.35599510239825594,0.8756216454586192,0.2,0.7815787528299438,0.6685943632751689,0.5965395877752234,0.4584997253764761,0.3440810057231435
12.82667631250753,10.261341050006024,10.903772931858235,121.46546209746377,6.14636349359404,78.93712048707809,297.7066199275471,302.96350603085136,0.9117789999733192,6.413338156253765,15.392011575009036,1.549841819212966,1.0987819983847542,1.0094988187448055,0.8792230696845994,14.453853991291659,2.161109788120955,24.63492940271092,2.15852589002762,3.4831706475011806,23.634950948993374,1.397077759272413,36.31146366011271,23.48110210608175,3.128834415606777,1.040289854398599,0.1333151305235977,2.7273773086859747,0.7059146283387883,0.579890728587842,1,0,0,0,0.05430812003438673,0.3527217734957196,0.10078025405160673,0.48094637436491056,0.7488037919490808,0.1,0.3671482920034878,0.7597410545294541,0.2541780725812335,0.44821595498879446,0.53190568236429
76.04243213795527,60.83394571036422,18.500414232626916,74.0354979642058,11.681371068768597,57.83633620329152,168.26808224569024,321.12865436496713,1.1674386090767395,38.02121606897764,91.25091856554633,1.8447184538406212,1.1292572979422748,1.154999291332012,1.011141176708255,10.595017872129626,1.6580570913885946,24.102133455105523,3.3806931836774177,6.452483378027673,22.623382169920532,2.9812012340118175,34.029105259237625,23.603221702171112,2.9041281759078794,0.7610133607948447,0.37775759350891647,2.499196101676021,0.8945795523395854,0.7267581701525843,1,0,0,0,0.28401505152714435,0.7334910486801554,0.056964540222269607,0.41311734461739946,0.5391276203872137,0.4,0.34315932677559596,0.5910756531008546,0.5817742802483609,0.4341124788068855,0.31294944817492865
76.71756037794226,61.37404830235381,19.32897856775003,91.31565725312727,5.269771748253165,83.28231887810085,100.7837389536922,250.0918912529138,1.3560973413498125,38.35878018897113,92.06107245353071,1.224251295710301,0.9963920799376085,1.1120445899372893,0.9744643512455857,9.37482365718433,1.281689733846616,20.613686918290096,3.260844385282994,6.151065854610393,24.792515500895796,2.0297612499542987,32.84942914621713,20.83895924125581,2.7900556771073983,1.6261266726904837,0.33181865729062854,2.0914831557057374,0.6718208196410054,0.5139655734494463,1,0,0,0,0.5746687549518683,0.6089316759521971,0.12649501173119926,0.4378221403898492,0.7869313655122192,0.9,0.43112988595469337,0.5271711795799605,0.252917004528852,0.7741953238650436,0.4880032225322398
66.03012677190749,52.824101417525995,12.891880446655879,80.64028439871873,6.261005934865501,81.25695783564973,268.5000951380987,257.22022260364076,0.5817714629873663,33.015063385953745,79.23615212628899,1.087435949922074,1.18796120561703,0.9016116036584662,1.0880881371431215,5.5417776411328035,1.5746947234498756,16.48278171998104,4.978715239885004,6.436870516097054,28.93459036112793,2.106753831692358,39.95313180858059,22.91422113648314,4.615587809554654,0.8326864677158731,0.13892439169484586,3.364050157024674,0.6214702638371963,0.7776839406115523,1,0,0,0,0.2710727320007698,0.7543026379751305,0.06141908666720195,0.34528953136449814,0.2856995740756082,0.3,0.6443299472922208,0.8439398461862817,0.4622279081224877,0.6822234353807604,0.34449422291781373
63.906310344463364,51.12504827557069,15.16397737907322,92.93446871542537,5.813058816916361,131.17152640826365,249.90384203196038,328.74953496653325,1.395805226759098,31.953155172231682,76.68757241335604,1.3646491521219342,1.0990839729852087,0.9459748159940743,1.013591666790467,13.359955149136303,1.0839744214499167,19.188051524056046,2.819837716190457,7.786959389345573,29.615988064548812,2.1660981505720147,35.294545091347004,23.36152133383672,4.13196536849257,1.0185459326346926,0.45356939934483786,2.9777495676092434,0.7283203259650354,0.836091644264783,1,0,0,0,0.3597576916922877,0.26984058270968164,0.1630673954400699,0.3123384864164762,0.8319048853314382,0.5,0.7157723513326398,0.6876164173706464,0.3279806341491891,0.5446208103938113,0.4390583195704919
49.571261761687595,39.65700940935008,15.487091469554798,139.13862926025348,6.808821657894467,73.02905890126775,116.71539512137126,270.265191040062,0.5452975790433919,24.785630880843797,59.48551411402511,1.4611848500439581,1.292455558891178,0.9286354863656825,1.133719750046433,5.331860787665926,2.296750749731202,20.814344949015318,2.619540645850831,5.262888167318081,21.84050969797126,1.5497412293805541,36.52673056712628,24.535138267527405,3.9285806202135776,0.780858903202162,0.32837680428663935,3.202507905882176,0.49825336914784873,0.9785420102227863,1,0,0,0,0.5051008081287824,0.10632936180452396,0.0572857864820739,0.489766923551472,0.04411221986483371,0.6,0.6166301911851412,0.7806827883258589,0.37630344615330136,0.8421196009707156,0.5157901994030374
38.301991110268,30.6415928882144,14.641921221892996,109.22906996862973,13.283143527241881,144.98389540040654,273.770810275194,308.45096360319786,1.230718821071871,19.150995555134,45.9623893323216,1.4985536088353604,0.8190825135933161,0.9905695782924482,1.1991222497136018,12.147793610521397,1.4733678189769255,22.33710078300244,4.439238000139641,7.460281607792415,28.32407616187994,1.2032511410567175,31.71914889819382,22.33762756329056,4.697964303094876,0.7310486696076317,0.20182989444033123,2.2160395741622514,0.5032248578785113,0.5928547551046022,1,0,0,0,0.22539823994163122,0.24417111467844882,0.08664207500169648,0.47169679647920043,0.4207809086516514,0.8,0.720525493985704,0.8770095613357294,0.2623481918120376,0.6255418090698133,0.5209848796593947
55.02743280236947,44.02194624189558,16.640852512911007,93.57365611647572,5.874659905880588,91.9692439732153,260.11232342295386,382.63091551418916,0.5528316866548155,27.513716401184734,66.03291936284336,1.1705328545463105,0.9182448791439534,1.0754976485524648,1.0326081370098066,7.1817683706319135,1.45298288118073,17.8828702975872,2.8056029135362697,4.933417028632024,26.342162553642723,1.561665281987273,39.8685198665285,20.844789728379986,3.616290674021932,1.9948159162089525,0.3871920180841444,3.8128740817093645,0.8741722656307414,1.4003308268808576,1,0,0,0,0.07039912612315344,0.2673452065737839,0.18541915977845133,0.2940080314687079,0.9466907417353609,0.0,0.7697349875713253,0.8588230319479084,0.5750810023355082,0.6903419989439985,0.3137810925747254
47.60516839628249,38.08413471702599,16.04207926291355,101.88314978937684,13.332082763805229,63.82814821937194,247.16406505617778,247.34223842463902,0.7493817405249306,23.802584198141243,57.126202075538984,1.623659865502082,0.9575370175061708,0.9849787573860437,1.0628204375760897,8.442485208658345,2.192955826077954,23.23860175001877,2.0003550436398534,4.864554231693624,22.78244878406017,1.0049887648570448,30.101004061269776,22.379813228004018,3.421699376329822,0.5120954258976631,0.4220893659403996,2.9153413874430107,0.8070756438288327,1.2577391350167821,1,0,0,0,0.40522605217222285,0.6487249907547215,0.15568487300249995,0.3056140668639393,0.366447910734181,0.0,0.6431930056706971,0.5508884565622283,0.531175934243164,0.5216510354975479,0.3365614187022109
50.53293496607371,40.42634797285897,12.291898670473364,84.74576232083427,13.705089963092869,136.6196216658851,113.0489850655382,296.0300825679917,1.2439989291072462,25.266467483036855,60.63952195928845,1.3297673029044024,0.9915777468482294,1.1958432074455216,0.9291087358081108,11.214369362202,1.3963739764873428,20.032590621892243,2.103921341856116,5.8803117182325,20.77068922745875,2.8866675498921044,34.578710652171985,22.28198216678527,4.461638151993611,0.518426160924028,0.17558818758205566,3.6041970498161824,0.663151289947081,1.0722122829282865,1,0,0,0,0.7027796476096488,0.13709496125295903,0.2916654628361072,0.37737729256679087,0.731398709428097,0.7,0.7809627575620012,0.853147834958809,0.28811441182179276,0.48840467173032326,0.48854000567247763
37.91899439669748,30.335195517357985,19.870286324674883,92.88542936222105,13.978788883547105,117.38356522440216,114.73554472482891,233.1127231645006,1.3863727198824847,18.95949719834874,45.502793276036975,1.5336921830559938,1.4426383448711304,0.8903153294053202,1.0475775396222566,12.359170337721995,1.841294177146782,20.922651652822246,2.005133595768994,5.724933113977892,25.256858625551978,1.218071047755819,36.152267226177074,18.18779097189464,4.18373186958927,1.9272390379838045,0.13828709751779344,2.676533222631127,0.4625667084140548,1.3342733760332046,1,0,0,0,0.7352271231014711,0.5043746328246378,0.23322487897580632,0.35203262012720926,0.8693630955015854,0.1,0.72119074986655,0.6129900791400327,0.624955382465974,0.8044530586969003,0.5733896165854784
22.738682911857754,18.190946329486206,10.219666037881675,117.52286659617118,12.694647421761662,130.90922892514567,286.6015442657104,491.24457197529847,0.9621096818200218,11.369341455928877,27.286419494229303,1.721533477189285,1.0446557355088744,1.1731939903363653,1.0173538742018553,10.89293906891978,2.3475504843015016,17.493697267285015,2.6645264548273806,4.006263322194706,24.367104036609774,1.950817050378284,36.344861267519555,20.8126101598513,2.8858790212296244,1.6509575021399452,0.2041769403153516,3.2599605417453352,0.7901423935574834,0.9833284214625919,1,0,0,0,0.7253886170129367,0.5816094196314632,0.15615283267072397,0.39572923386959785,0.5727861069502408,0.6,0.7124971902892285,0.7228327061183455,0.22666481366475077,0.7623753943876029,0.41020929867860534
95.97243445149866,76.77794756119893,16.121599096832192,113.49785057238147,11.70857736979168,71.64683730175081,291.9963216639124,365.0583838890857,0.9424497821871064,47.98621722574933,115.16692134179839,1.998704338343258,1.4526348791952373,0.8757164693017446,0.9030769680830847,8.930411636428682,2.1127722006558676,22.758314956930263,3.3675416970729883,4.208770292815865,24.385369354393887,2.6312010212719867,31.25855441481311,18.304924453251804,3.790008844742852,1.3909262621166252,0.13876612026779017,3.700751618205657,0.9293707645530069,0.6354840780411695,1,0,0,0,0.32545978950773047,0.12607836561164043,0.1563500489884829,0.333599242264717,0.49055019145643414,0.7,0.42190791119987303,0.8771125684551193,0.2524185036179438,0.8720808232293178,0.5877621619956916
69.01115412434345,55.20892329947476,15.847856281921548,122.96367971252091,5.090201490117703,122.26341800894319,171.36709320045568,286.1158810384848,1.4177502571027718,34.505577062171724,82.81338494921214,1.9960587991189667,1.2073442622443933,0.9206092466306839,1.074779636258797,10.628063659393195,1.610491361780671,23.261824574782963,2.1266571165148007,3.5205882078075548,23.89588564932303,2.4606640737562704,32.42246285507018,21.48372618787826,3.197410998530858,0.5894460837268317,0.19584172848082565,3.4321273475479543,0.8914336754475809,0.9183258326791657,1,0,0,0,0.13978758582980394,0.10478945611145879,0.20396430818633404,0.4894039497903064,0.6917557590302704,0.5,0.35346235767391976,0.833962016450418,0.2682385855168781,0.4454162584586581,0.42505548522220893
66.0942878085177,52.87543024681417,13.959612671897352,97.41270404971681,10.734652321020675,140.301658038003,224.20342297692315,386.7447980107894,0.5164817725371503,33.04714390425885,79.31314537022125,1.6127115441167965,1.417821004714644,1.1030868327218337,1.1554270313997204,8.164989580885187,1.3247143964841168,19.59947070450564,3.1974418348277336,5.555807914864356,28.010947514895648,1.8300109777025269,31.068267359172815,20.09630169078906,3.644062880997423,1.7141102510448254,0.4817358642443662,3.787425298471945,0.771800901216416,0.9462261556015197,1,0,0,0,0.23861301535726276,0.5526814888524667,0.16503618717162208,0.43643952962498894,0.002977289770337066,0.4,0.31928864378364913,0.5546125251437867,0.6903693066176197,0.7093979183524719,0.5669047726847922
61.94618311026759,49.556946488214074,11.136092640924684,124.94892906087905,12.307418605123182,90.475716541692,288.7433275065614,496.4407338755798,0.7648282451309993,30.973091555133795,74.3354197323211,1.227551065191693,1.258801838061949,1.1785718248553483,1.1806838299009685,13.430635645731929,1.3752954830173119,23.26816993365448,2.2281410050878216,5.932365794593781,28.777434578807508,1.627476629686048,32.28018757849399,18.184944295738347,3.233709751020692,1.8645690928063676,0.31644915068786245,2.642054928328811,0.6301893154352143,1.1053864972372538,1,0,0,0,0.18992556202877403,0.7728721710790083,0.1717809925550023,0.40502183993095087,0.5755081169341462,0.6,0.38978818585011055,0.6436840664509653,0.34829476432844964,0.7503719859426473,0.5227420926593094
32.4373403500288,25.94987228002304,17.666561120125703,63.77755149354244,13.257741434284462,101.54165893195066,133.37263534468474,291.3566892525311,0.5778534249567702,16.2186701750144,38.92480842003456,1.411548518957265,1.0635661775368193,0.9752244369790823,0.8265316735162118,8.863632665551238,1.6429028630993523,24.847015566592898,2.5618528508794407,3.675188064086764,21.665132265871485,1.964012765864638,36.279460952690975,24.947221799557767,2.210354187324369,0.9211754994108587,0.19058600975059217,2.326765120635341,0.8816302130770644,0.619149751721291,1,0,0,0,0.7296694095028077,0.13219662262690784,0.2329387883184151,0.4033757206451362,0.028948772445082427,0.5,0.3684088679456324,0.5979740019302973,0.4178669607495541,0.6309088645879426,0.4052429716271435
42.890857038856964,34.31268563108557,13.250711746957236,139.9564317049468,10.043850762123629,50.97373760934983,174.08319394012318,290.1563990657623,1.2688613588734867,21.445428519428482,51.46902844662836,1.7279222413096973,0.8192551559208342,1.153384840767107,0.8831860059531104,12.769322422274616,1.906770516081725,23.527477761157712,3.2472595974018383,5.206472716504636,29.82982854893277,1.3498530696701845,37.5438725667716,20.133746371225666,3.930211106094246,0.8789332475536784,0.12010905683645318,3.6139291835431724,0.8551818329752732,1.1558411332786764,1,0,0,0,0.0788345830999325,0.1753443544782278,0.19509658847038566,0.2333616049876069,0.4543715800768575,0.9,0.7391291111365241,0.7848010339162814,0.5918932950510434,0.7773256336495791,0.2682361744766774
59.83871233229667,47.87096986583734,11.615424358180794,138.85101379635475,6.599189979770399,77.62108916713863,115.76190634218165,277.12363508067864,1.2135498897377175,29.919356166148336,71.80645479875601,1.3387960470121898,1.3174264196464036,0.9095392699034118,0.9264624190595324,9.58814594332687,1.1933937239676118,23.21273100472768,3.416712889934602,7.652991262420829,22.475714540954343,2.3656686971810554,37.34894406008083,23.958189207445614,4.4254954269575615,0.672513524729315,0.10907555277866719,2.8642109168101766,0.7865571094122696,0.9406020345415828,1,0,0,0,0.40989331922403205,0.38535491800103705,0.1406213781828499,0.41374348306927616,0.925969663961646,0.7,0.6300444317896734,0.6202972236776035,0.3040969540997745,0.4801915359837858,0.5541648923622704
35.26001208285233,28.208009666281864,16.59814436668618,77.83648616244751,8.557869398380888,93.22712043998177,135.30133077430062,426.5557832289969,0.7574795214242545,17.630006041426164,42.312014499422794,1.9722827248942425,0.9797154612464583,0.8645223331056133,1.0056815059935047,6.345914818763441,1.72829859993559,23.68399408655424,2.25982887972995,3.974807359819272,27.320133105558526,2.389855690563893,32.3500987286631,19.00984702827894,3.9152137816663126,1.7436890048581262,0.13846805944013074,3.7136599088120525,0.4861671607872884,0.8396865506497707,1,0,0,0,0.23850191178395103,0.7011649774215948,0.20826800706884868,0.42504426059523504,0.4409150581168674,0.7,0.7160943450197124,0.5274324455351119,0.20606216229494234,0.546756955747665,0.2824089927015836
43.7765785765061,35.02126286120488,19.164774975251795,134.38964132948527,9.04292609299021,64.35395038109289,229.50232704224436,398.42129459668934,0.7483595003948034,21.88828928825305,52.53189429180731,1.2716430047358833,1.3854050401951685,0.8354897333214654,1.0556929151911325,13.535076937693821,2.303960990251465,22.893072468923485,2.0628132942416584,5.390131156980966,29.370478567900413,1.9599255357099978,36.86000643879673,20.27866792210131,2.595141907614213,1.2426135085636276,0.4053410749615547,3.4524680345597036,0.5224571502703317,0.9727434033314072,1,0,0,0,0.6725749226854235,0.1138902380564382,0.07038194864295212,0.3213967782213248,0.9488435105389927,0.1,0.41381468836524815,0.5176768390666816,0.2314933151796082,0.5690572561761924,0.5567286282928237
47.183440543105085,37.74675243448407,17.707167327911606,105.25909429877633,12.797395245268177,103.37648743350087,119.96282956030873,301.2689647167673,1.139623670532318,23.591720271552543,56.6201286517261,1.6024224904350286,1.1525240182067393,1.1450403871361483,1.1517156075996926,10.048878058891228,1.660223559632233,16.938917188980664,2.9470336466842486,3.387447197888748,23.267349063719386,2.6384013459254145,35.80482026349874,22.189195973869882,4.306748506329082,1.0791725891731279,0.3994178976617083,2.3705520021080027,0.5428896478491692,0.9165194871639415,1,0,0,0,0.2042857041706614,0.22406357350500677,0.1889757312296994,0.2753731783437929,0.8425980360360463,0.5,0.5347820323533639,0.5731384547634725,0.3244670670070644,0.7640650389125364,0.25322831616340163
21.14502306152289,16.91601844921831,14.995917749663294,114.00731495026974,9.905636859205572,59.449327204924565,245.60291343365773,288.91942870656953,1.347670533017794,10.572511530761444,25.374027673827467,1.8529864896828767,1.1284575884764645,0.9887263083674567,0.9266187372074609,8.35072970507514,2.126210312600598,20.715026854531857,2.0964814349646965,4.254659919496284,28.552920574464416,2.541454469453633,33.3947346116693,22.60500187659299,4.760443151709551,1.7100708884549527,0.10679708876250947,2.186090694254906,0.4272174662950033,1.2251818230327742,1,0,0,0,0.6720121017304592,0.6847920758725239,0.11516746206921091,0.4431669343950492,0.4543087696503515,0.3,0.5372896667475469,0.7618300503800112,0.6948644951461389,0.7330174060135367,0.4527077408737435
43.67205203927825,34.9376416314226,13.461941388094608,113.99229691092593,5.6857330478640025,100.59067409965402,263.31343836208106,465.2763967262192,0.8400255620605384,21.836026019639124,52.4064624471339,1.492730880313796,1.2841704044999929,1.191015729441128,1.1161633574763377,13.200589032054767,1.274360212296333,16.960100086850677,3.4985942269922345,4.561606961707273,25.517700910274055,2.3672065371730033,33.81100426735559,24.38541149564842,3.9690652268141915,0.5432121014430162,0.44479391224482845,3.7174581916578067,0.9334936418509834,0.7122706023955343,1,0,0,0,0.38218000460604007,0.4014461095810342,0.05618866408774413,0.44001414243260883,0.2621056988796445,0.6,0.5548739353875598,0.5644565241400603,0.6412604886197104,0.6099831774548583,0.42986851459615094
38.63433389283252,30.90746711426602,10.73781398058882,73.22309438180145,6.823167403856237,109.08304552879554,150.5609190362288,216.130826131543,0.7679014293024276,19.31716694641626,46.361200671399025,1.2232039298763353,1.16300656390242,1.0907468471448263,0.9674027929420334,6.1820550859858745,1.5505631478179744,17.979943153613604,2.743185131775692,7.217468619488857,26.70778210142025,1.8441970256768958,38.08050745604247,19.180401201889488,2.500999982614265,1.9481927390783347,0.194626108595702,3.3249812467746596,0.5873712157053385,0.7575127845786284,1,0,0,0,0.18754748804188023,0.1761393431130416,0.2665556441224275,0.28655077362491943,0.43892716467506276,0.0,0.36044403134900166,0.8548437984389935,0.48811196720229283,0.7002917328119743,0.5129877092400729
47.20898715980998,37.767189727847985,12.044905868023527,89.36892085610494,9.019112394286203,140.69883830464738,107.47553954719653,419.84602237865477,1.4280798859959307,23.60449357990499,56.65078459177197,1.210781237251618,1.0575842661133619,1.1188233965568644,0.9702920073378019,11.1149153140064,2.350264507602154,23.79642034204055,4.847405636686332,5.403002490359416,26.050503614941913,2.433712838774901,34.48868401823856,21.537704743877924,3.420420913363766,0.8248394039744984,0.14593520010350647,2.5498106290045257,0.5994595546279744,1.2148442488958096,1,0,0,0,0.5053497900504043,0.5004117490675746,0.23645078933287977,0.33155288020006624,0.10889738876877196,0.4,0.6293731500493089,0.5949255808321037,0.5859232283200226,0.7997851456407707,0.2759013101425617
56.13526394389789,44.908211155118316,17.831394565171728,77.53420821846468,10.692731708817737,89.86009035959634,211.82801800323017,331.8564032685684,1.2597225745270955,28.067631971948945,67.36231673267747,1.8221145380927735,1.32924990743011,0.8279496083440039,0.8739450737429321,14.60611409663661,1.6881180846046981,22.92029153587331,4.184975216233661,4.8387078746396694,29.484119842456344,1.7339822944389254,32.01257275833364,22.717704780153234,2.512107238639224,1.9668370207663584,0.45856632532955366,2.2757457948859905,0.7047471435848839,1.2234681951063089,1,0,0,0,0.40320234330321103,0.3970050972326821,0.15492072085350428,0.48655549033406276,0.37215074028475004,0.2,0.3978163245827538,0.8656893382501889,0.28717662022307355,0.8090391089852564,0.4833015686253877
91.94571255195797,73.55657004156637,15.10523034960855,85.02776406666348,10.883582172068088,133.7104051025015,161.48293194325785,485.0102674752959,0.6466468402232398,45.972856275978984,110.33485506234956,1.7912910969253115,0.8484664887824698,1.198653113579786,1.1614868937345977,11.724629863178446,2.795392541237767,21.162418447258496,3.2451565010393417,3.5297185287296573,21.05489178732475,2.7291334784575705,37.30976826766489,18.073005792902052,2.903367310578278,0.5178783211883099,0.27671018291595173,3.514157900706331,0.6710101640318363,1.2941175427788678,1,0,0,0,0.49333162995094143,0.27018579342413734,0.21409850561414553,0.30373809835726007,0.4338794400299283,0.7,0.4468478637593694,0.5880315511138952,0.5249115603725563,0.5514171709280689,0.41996904758022313
44.12443574479894,35.29954859583915,17.409846953859475,121.31436557979755,13.204240947112321,82.062140544943,200.86659765236146,322.1455104828953,1.3549001491660402,22.06221787239947,52.949322893758726,1.234983951745439,1.2537147561187263,1.1258572015093635,1.023719932871433,13.302588543815618,1.7111349513756484,22.111331573795724,4.020312019847545,7.8111843921580215,21.444711102692835,1.9521450946153303,32.3299442387919,18.468529144536095,2.3278668077159597,1.0018647026119014,0.4426671445345156,2.5611485823303233,0.6537730063160269,1.1447684269489544,1,0,0,0,0.40821054291426384,0.39956148935167335,0.15317343426899688,0.42392265534571083,0.17410054998511393,0.1,0.6948813281913742,0.8553649838470325,0.29310692126721405,0.6309162602650837,0.43557914029285283
41.4794928212272,33.183594256981756,10.912939639231436,107.1828528146622,6.760605737083606,74.29769276713668,277.6051108596631,459.04565101995996,1.0102330384889338,20.7397464106136,49.77539138547264,1.739496913956229,1.3346984905641301,0.8567315166423073,0.8805736379097282,14.992287979892309,1.4914244971393567,20.215062835911176,2.3868062700658514,3.8131863699821062,28.27692967660849,1.5642633064990519,35.759208847551584,22.475834033111624,2.420800961231123,1.0338759685728647,0.1834877668605911,2.8384473084893695,0.8385671745230039,1.219476956462469,1,0,0,0,0.19915631871225256,0.30881924572459774,0.2632667298685713,0.29168119147367777,0.3419607152038342,0.8,0.45198997795610113,0.5927164415475825,0.6934627131076756,0.5074655085984107,0.36964849150829626
72.49107772483246,57.99286217986597,19.33473153126107,66.62244059090904,13.04654036698659,119.00598746783882,205.34417754310417,469.9008079060793,1.456891945963687,36.24553886241623,86.98929326979895,1.0530772395636467,1.477446124530413,1.1705250921075177,1.1690046625785246,11.65451400349058,2.553000671608001,21.899932412416685,2.204535739145079,5.5336031095041776,25.518753521665317,1.0394835497499797,36.14066062520124,19.676071135795887,4.150861320560378,1.2807268890282701,0.36990123542270514,3.0166382192962384,0.5643399588011804,1.1062573084310734,1,0,0,0,0.4002054856935858,0.3996709498053213,0.13926500699628933,0.433847511825239,0.6460184574298509,0.0,0.4285658187411026,0.570537559109819,0.673789802631942,0.47364828428674893,0.5212367477891269
62.36788634769343,49.89430907815475,18.29320860472405,101.84026316777006,8.184657967126897,103.71738810766483,109.88689920838036,383.5360025359794,1.0706047214855667,31.183943173846714,74.84146361723211,1.1184254556790334,0.984494539347642,1.0008016414081142,0.9353253841439415,7.89932809026037,2.6188452384722325,24.183281849146915,2.5059889221035805,4.329943268590839,28.473494382517604,2.000360126238191,30.505943920504855,18.97625449678326,2.6159012923241027,1.5948920245663158,0.19151902147255964,3.7507824714326414,0.6110164152552728,0.5169100748590143,1,0,0,0,0.48515881141576706,0.10443479654832069,0.21599055069762674,0.4754040926038153,0.9688170117420634,0.6,0.38353067760887133,0.6585299078201378,0.2719187662546381,0.6286061228715938,0.247006249199766
55.659799777487024,44.52783982198962,19.600990733500876,95.29384306749112,5.887400845043915,67.10338000550814,250.92747947385288,333.65287604996075,1.359592404971624,27.829899888743512,66.79175973298443,1.548598220010017,1.2450431932092325,0.8856073140849461,1.1543535124747606,7.743496227975772,1.3546757746006917,18.24747331913499,3.8648567717322875,3.111899472627581,24.365336995883062,2.948283282600186,35.02903114237294,23.335220841165196,3.733325132258019,0.5173417634273948,0.32846476935736346,2.726704225229848,0.6252118044283056,1.3486414915035558,1,0,0,0,0.10894696930519951,0.7286729788418748,0.15169337216483578,0.3467454191129818,0.7402866757811334,0.0,0.5843464416733103,0.7045904417688014,0.393838775224435,0.568427651764686,0.5076033201677492
54.82063747268689,43.85650997814952,13.368239283899678,113.11640989629021,14.075056136664289,119.85644510294647,216.1257632887689,364.59843896657696,1.2192104933393657,27.410318736343445,65.78476496722426,1.0489501864509991,0.8934547352379848,0.9574029470385168,0.8298547588499444,7.155970835804315,1.9785791696492787,23.57187218411321,3.744322818379504,4.865422140689834,22.5446687123001,2.9850986178450576,31.842243640211635,18.735837367453527,2.5430457385388054,1.9569395680651476,0.2967477076725844,2.826206021947466,0.3245412138628097,1.0039634184247366,1,0,0,0,0.21306629726935467,0.7035768519783488,0.09143579591843115,0.23425425939684125,0.2311479808962943,0.0,0.5959742046171542,0.789058980198647,0.28502891864104907,0.5794734760476148,0.3734401968501608
66.42835192672126,53.142681541377016,19.59745106530429,93.92340469560688,10.839457149150322,129.7446461877842,120.15832003757103,249.89473252533986,1.0412019836483148,33.21417596336063,79.71402231206551,1.5637923812637777,1.3334609528877268,0.8679137709888378,0.9881795410498851,8.650793386285976,2.8771126679218866,15.624223700455657,2.528190607577786,7.154026687908726,28.766997571129732,2.3809933146083115,32.397686753136455,23.636932804783513,2.058057454122226,1.1129601644902813,0.20768835695592955,3.283994346538,0.3009349559048411,0.7768955479059,1,0,0,0,0.49805684265200584,0.3279100631405414,0.24139805565280292,0.44237865765133466,0.9570783648340719,0.7,0.3478993989528877,0.6032290071761771,0.4990100450681302,0.5735131225561608,0.2529826985076802
38.13319703166584,30.506557625332672,17.130854274666525,105.53572182221366,11.964355822933275,50.44192790928553,217.0684970579446,390.019607037009,0.511025789376947,19.06659851583292,45.759836437999006,1.156204544651178,1.4078338592402297,0.9206791902840062,1.1740005440483952,6.425570818793002,2.0210783877420826,19.12847610275391,4.036586705410083,7.31759901639928,22.763757628055714,2.6935936828385225,37.44895852704218,20.00086028125053,3.305499725235581,1.6831436594205078,0.3504850040228512,2.5040332246777606,0.45091460665486727,1.1632724751598666,1,0,0,0,0.20508676250781618,0.2302825753095038,0.16745657332541147,0.27978339378396144,0.7948346559193177,0.7,0.45307635953374376,0.5229744518756022,0.6604826009050582,0.6697654277553984,0.4248599554598384
11.90225373035156,9.52180298428125,16.69076590876704,99.17077796447886,9.240873180752796,85.98547957144373,196.07223478961234,403.90127173203905,1.138867042376575,5.95112686517578,14.282704476421872,1.8927292550768442,0.9429804084112015,1.1389994620370567,1.0503988812511786,6.23260034402292,2.56226582643325,20.6607829938695,3.8366690550915368,6.00349829508807,27.349746186522182,2.47540749483445,30.620988998632562,21.792482130712774,2.53991932219911,0.9163790678663037,0.4270940420780944,3.4624348585706137,0.36372529471824955,0.8298131254629334,1,0,0,0,0.6368785301582741,0.1047968979775821,0.08521867420057165,0.27062963693793046,0.5521057168019925,0.0,0.569614595105193,0.6450658281028301,0.6075372907935774,0.6985444696748075,0.5539623033530663
66.53311511956704,53.22649209565364,19.39171378640483,108.86881993919826,13.708693998276376,72.56376874898442,151.03653398073934,374.95081802872164,1.179485927187108,33.26655755978352,79.83973814348045,1.4399278869427978,1.0588469199562154,0.946532413748703,0.8796417764996454,11.402400590877377,2.3479431789959095,20.562830240857686,2.5942367096127636,3.184283832024879,26.359900177074596,2.2689689657337646,30.678113339928895,21.46708580211103,3.0300278978707236,1.382670891202127,0.3558823246487328,2.1379353051451675,0.5263596553163006,0.5136046341472496,1,0,0,0,0.7481032638369199,0.5773201790321788,0.27603030132378814,0.47768622234533853,0.5208196317686817,0.4,0.48179581220138,0.8494247244213027,0.3074377987651784,0.46512627811477475,0.29118330691403516
34.272669017678744,27.418135214142996,10.897439051529771,83.46350149362438,8.766065164140528,148.5170315167033,281.2623520813196,254.36062381918737,1.2643997085749803,17.136334508839372,41.12720282121449,1.1232280694475476,1.1490710146472127,1.0709406303309803,1.1331239021711843,8.834657653004484,2.4864626706738546,18.46768521007565,4.057308583244528,5.221013963612336,23.383105379938872,2.3877997255004106,34.91659472548807,21.306384595402076,4.828760545702821,1.142257669584069,0.4269830467354908,2.2636729626170013,0.5297266357970819,1.2844801917119777,1,0,0,0,0.44187827287520526,0.4408363580883008,0.21402514014012378,0.4523152796394128,0.798443602778159,0.8,0.7622440884304398,0.8015585163633412,0.23020069053386089,0.7336311523047921,0.532070971004441
59.20215989371962,47.361727914975695,16.914000085401575,75.3593956711783,6.539964765044771,96.45426219410405,102.03665302336633,431.3359965100619,1.0505495668669966,29.60107994685981,71.04259187246353,1.2007233085113422,0.8602644720869327,1.06201166469042,1.052742991158666,13.698161370408277,2.7595591380161917,19.3360860580879,2.979120920633965,5.814558504608336,29.28817272470755,2.9877235116840906,39.51056519124768,21.671718671062035,4.386950249195712,1.3431475743961752,0.1381124854619784,3.3294596486806656,0.8521715831756191,1.2970099096275418,1,0,0,0,0.3281114283810091,0.1469449955517839,0.15987714902042177,0.3666484621395203,0.273145464826881,0.9,0.5796326923033985,0.5379401690460611,0.24217989851876964,0.7076983603945968,0.284012132836029
68.93959837119144,55.151678696953155,14.08749332451427,109.35493051549241,13.731151929449886,97.76081247139189,257.86526126030446,216.85765043593167,0.5876906520282886,34.46979918559572,82.72751804542972,1.7069410016688853,1.407142327329217,1.0982322969199108,0.8511972501917798,14.931458030569392,1.9757299188822224,20.61441424838827,3.0630768016420737,4.550307712322733,21.087819285381894,2.5902438107788073,35.75240669290886,19.66148907296492,3.5565939547917043,1.594912436299078,0.4467221084888412,2.3108606189661485,0.8559010262896354,0.838442431630818,1,0,0,0,0.05674127362848778,0.6039351301977735,0.1922969518780728,0.28350318468135194,0.6878735571235524,0.9,0.5102475300828353,0.6449569599575472,0.37902075859775053,0.7438394080120754,0.5192152866198143
50.147229269185225,40.117783415348185,11.906455511672796,132.92124207467296,12.45799569311596,71.53199930223178,196.98140786641693,354.99597878121347,0.5885663747944674,25.073614634592612,60.176675123022264,1.8965802436527002,1.1445593124904763,0.979729896397701,1.0521607778952007,5.901492764741518,2.5583883746092226,15.18353462402591,3.7404983077125378,6.686005805130932,21.15582570451771,2.57155471930939,37.20619011475024,24.531702889856582,4.70649222823468,1.4607547548383497,0.18486535464685475,2.686800758500849,0.6359337904140425,1.1048799376590197,1,0,0,0,0.7473370676105026,0.695805243163558,0.17184286750468045,0.4686705960450652,0.5409698711353975,0.9,0.5600837940408392,0.8837925225650343,0.28917420300217883,0.7573587977638572,0.33933565676224753
49.09648490984739,39.27718792787792,14.514445617957495,110.90189159129002,14.487804131807964,57.63442084138518,203.32886850284842,303.870332634769,0.9251315146461062,24.548242454923695,58.91578189181686,1.5731700024527289,1.2317902773215255,1.0962079346329001,1.0473479172308329,7.84481368810562,1.6550801877479175,23.173742855391367,4.933822576000458,4.495660562869324,26.05484314793164,2.504264876147418,30.44282977551214,22.010919147041257,3.4708664753240526,0.6439654739580223,0.1868438855695339,3.624398885268269,0.8007033134270924,1.1161599258022872,1,0,0,0,0.4909110712545295,0.17473519975494753,0.12802756672973792,0.47481321687796424,0.2417525938652868,0.7,0.30891722817870415,0.7189967679859885,0.6300802943654784,0.6679462602330912,0.5434434830323094
72.6501901572482,58.12015212579857,18.726478740402435,67.85045284586887,13.260068480512754,110.41019695178161,184.1291000773598,456.972507930481,0.7546071621388345,36.3250950786241,87.18022818869784,1.2830141369646721,1.1688450919329727,0.8869414983812601,0.9232780583013949,7.71859981117095,2.6648814995620937,15.974595550339533,2.260600177399597,6.531426910116924,23.88468545663573,1.007685229940016,36.924734318743496,23.62093449363133,4.5691868778951825,1.1996789851204286,0.4643875468440789,2.657702360057847,0.7607761439921749,0.5981557202356942,1,0,0,0,0.5938428054787742,0.7028854172566084,0.14340145042008026,0.43971821227740693,0.2777789479388971,0.0,0.3795495981453849,0.832183702639416,0.3553911441911245,0.6327043597053965,0.39218540617081543
71.46624522283827,57.172996178270616,15.033502479164133,65.2349144073905,10.74709137495552,125.03644711963821,205.29151086397246,351.8097994463915,1.1047986711903208,35.733122611419134,85.75949426740591,1.330799450849098,1.2104773027818707,1.065987183801346,0.8747469511910343,14.377354271721256,2.5374491573519364,20.795658210780854,2.7359996709169145,4.622101786002661,25.826631617887724,1.7113515083809627,33.943221997391575,20.598872810316728,4.125557150252945,1.032744189803899,0.3630477873517848,3.4784604827861765,0.3086373988869234,1.392541901143304,1,0,0,0,0.1593845576269427,0.6289055495503085,0.12210963666780876,0.2908585520585254,0.5090878104532787,0.9,0.5295576066374894,0.7565953049504714,0.5900064794457056,0.48600640846064497,0.3379865655673811
79.46268410626179,63.57014728500943,18.448327103384074,95.48518028266298,5.419497728878526,118.94104806706687,209.38844353173994,237.02673168137258,1.1772001662032978,39.731342053130895,95.35522092751414,1.8544384507620681,1.3602235142285002,1.189972304194344,0.8531816406510425,10.62355730484005,1.4756955646814112,15.068535530959462,4.977826769145059,6.851319476610977,27.980599281201467,1.5444554407615354,39.83212431341561,20.491660954726274,2.4523327709354747,1.2744035107774785,0.2725913333071992,3.737936367592339,0.4635756367881124,0.8483457450353115,1,0,0,0,0.6073834066085091,0.2131606754355005,0.2686266925707206,0.48049846681700387,0.4138818449498992,0.1,0.5793064941645505,0.8092980622897431,0.44198441707885583,0.46968509264322605,0.5664239919821961
57.12703469584574,45.701627756676594,14.165122682238314,104.8952395126998,5.151298478925267,121.05873761093406,242.30673494767774,208.1376976938866,0.6595456052042284,28.56351734792287,68.55244163501489,1.8140383719730928,1.2452098038957193,1.007887784366822,0.9532523997122314,12.909707153370322,2.2794040588945226,16.777992809310874,3.6781520841669932,7.79276102443831,27.418135311743548,1.0746955566196728,30.769790026714027,20.50502645705167,3.1295882274133415,1.4645794147275486,0.3741783091671954,2.805654881142604,0.7196207722921802,1.1672288664084183,1,0,0,0,0.2848872013779155,0.5038437628081623,0.24213388623352156,0.4840768763939664,0.8554179377880881,0.0,0.7910644234938731,0.5631850011613861,0.24661533950111414,0.506694155304471,0.40160777480499454
70.30897852227072,56.24718281781658,19.343998220334722,63.99976439981879,12.601827044259016,113.50024368900097,231.1976852204278,243.8338431911065,0.8241957309744287,35.15448926113536,84.37077422672486,1.9751917390150329,1.1554146040966486,0.9907197942369438,0.8211391678205175,7.779396843130005,1.7565563252930854,17.066525464843686,4.845459331455276,3.572435722960324,24.012376679314023,1.8205580556199312,34.73852877828796,22.153891212274953,2.1456147397357674,0.5609401310530409,0.22192328605384734,3.9811139810466667,0.8955247901782726,0.7536573123784306,1,0,0,0,0.5843011606742647,0.7913482550711596,0.12032884732204494,0.2932101243514194,0.6607941046880605,0.8,0.5152855618740426,0.5240955190573677,0.23744879717215783,0.5968292498289189,0.32305190689462837
69.49119200492368,55.592953603938945,12.278367063894477,111.20063555444412,11.006069108902192,96.64475959832109,275.9161423762755,257.4709621714587,0.6065419157529882,34.74559600246184,83.38943040590841,1.0050885575486803,1.4637892861495763,0.8614294461552509,0.9853891046025324,6.36763059114298,1.7555439598661078,23.659337101930177,3.484171073330406,7.934686837441684,27.313128378725672,2.921450574348926,33.63350260841977,23.509949827846583,2.8352322215553647,0.9600795231612811,0.23209171848113025,3.890518617404177,0.46030380455228964,0.5369738251140876,1,0,0,0,0.49404756518820925,0.5187051002263563,0.2515308341779402,0.3063102269679937,0.5725417539895976,0.5,0.4267454475376906,0.7970285143432181,0.2524356988267552,0.6079865778786335,0.2736173431511543
71.85351018405144,57.48280814724116,12.09022571100575,107.08854186539762,14.08199222108674,145.81760307458478,265.5074759682306,481.199313999609,0.8282086124444122,35.92675509202572,86.22421222086173,1.2582484976463648,1.1435370290742362,0.98058709550821,0.9522934385867464,9.630638113450303,2.5430739742853223,22.403955385923183,2.5459475135812313,7.1437051554588304,28.56693234078473,1.8048634763159481,34.08894431741814,21.233355933165996,4.196078250418637,1.1028396895995243,0.4989901851392796,3.6725327831071874,0.8267875717505297,0.6644380990607756,1,0,0,0,0.4969047961403586,0.5147322555073593,0.2158648678858449,0.4440556939256123,0.44293065553095645,0.0,0.30690257131137283,0.7124252106429788,0.48895178644050413,0.7779722338700634,0.4272123536035108
38.679804365360056,30.943843492288046,13.387196910673095,84.94664998062112,11.689320851966347,59.94240123535951,132.46234903502463,390.91141734010523,0.7053417261597182,19.339902182680028,46.415765238432066,1.9795348010110123,1.2224642741085736,0.8240279582972281,1.021197826085882,13.06136279475665,2.627293292854674,24.444899093985743,3.377530410285199,5.6507186895656325,23.587906469356593,1.9458275919341395,39.86839664135468,21.79435520515065,3.5275325489220224,0.830926581605382,0.37267467056252046,3.1620294370461366,0.4868209567077938,1.0256188897757423,1,0,0,0,0.44225595232868253,0.10515322348914614,0.27546623561884853,0.4194877106066006,0.6822440187137004,0.0,0.6327852644236989,0.639569071202199,0.3302320143120039,0.8578125026553829,0.40782668876632
22.486811833009565,17.989449466407653,17.57850075353472,100.71439101474527,13.38891782516539,132.15581682873477,218.48816646495166,436.2014519287931,1.2405831477122673,11.243405916504782,26.984174199611477,1.793331518937292,1.2639324026820469,0.8079068060175336,1.1340785526511727,9.460972456290225,2.150422343622581,16.166579149906447,2.981552082435827,5.033886813334855,26.386525859046603,1.4241614773802234,35.06878672841089,20.42180452493283,2.455274815304877,1.8583939139513326,0.48120806017495266,2.047228835815795,0.6616604704279097,0.9986723168532348,1,0,0,0,0.6163421163772381,0.7470021241493525,0.27825563647711166,0.2591172211029315,0.4233340861592655,0.6,0.31376135038870484,0.6870435897419571,0.610677554421257,0.6845002756257603,0.20065849960776205
45.78056311295359,36.62445049036287,13.336116225307832,95.56226453200406,5.9498011296079945,53.299243049667524,219.89642147954225,231.44733751120475,1.4841421381614197,22.890281556476793,54.936675735544306,1.108148021441344,1.086557173304483,1.1659843871868605,1.0809483280706127,14.083988563430381,1.9678333851454295,24.163328826285284,2.694765505702243,3.8070343145391687,20.599311156005324,1.0528825882118351,33.411058086782,23.365802299633646,2.219494855331891,1.0989998238090972,0.3413072558481026,2.425128480502435,0.8130782235427214,0.6679220376541211,1,0,0,0,0.5244708697162358,0.33278946919806285,0.2759979501511202,0.22933080289951938,0.8459949605409285,0.3,0.47752582052631204,0.6550660324380357,0.687103586409942,0.4452098651026345,0.3332836755531308
31.803360519434378,25.442688415547504,14.015786525557216,88.10076314781692,13.095831871228906,62.720069631218266,190.61347816924138,353.75816864425076,0.9408943278200735,15.901680259717189,38.164032623321255,1.071972792425679,0.9045190385378175,0.8295191999182063,0.813232470411669,10.531372657384665,1.7259809441827145,24.872872124090147,4.150437225726071,5.549801989394313,27.496453746188017,2.2172061487263774,35.13968145558936,19.922709429757923,3.4041348082486147,1.5744966519782349,0.15209878589357345,2.872829897600207,0.7393538695302957,0.9170810737633474,1,0,0,0,0.13682667124326592,0.6157299839369272,0.28387343282705696,0.20282143849927647,0.7583482988338647,0.4,0.7694594811861777,0.8471144756713964,0.4412391167497426,0.41290116400390875,0.3237523018983989
65.54361155834857,52.434889246678864,16.95282860727731,77.63335563635192,14.777853155107493,54.48384370056615,275.3983031531658,392.2824104510344,0.7056223789082804,32.77180577917429,78.65233387001828,1.3609969971220917,1.3566708417728186,1.152167002882893,1.1294152497640508,12.654340416293122,2.8073223576755817,15.80439307253611,2.1305233544574382,7.357024506767985,21.369180633389924,1.196010109437878,35.580275320063045,23.95362141188214,2.305074089362495,1.8119833722865455,0.3990463385762758,3.3487543273472937,0.7472478829650244,0.8027441258042035,1,0,0,0,0.2383349818520964,0.2964853007007061,0.2971401479395214,0.28420296504118786,0.5889654566060284,0.3,0.6789404136125559,0.8067344393933245,0.622024339494607,0.6372344437961783,0.30245042899019337
65.5609152052482,52.44873216419856,15.568867940560772,98.3397875970503,7.288871529588886,75.1081629510447,159.44452881893992,440.26990376820004,1.378599980313283,32.7804576026241,78.67309824629783,1.6880101341692653,1.3554564464594083,0.9268851736923774,0.8513531894237323,6.087904841941617,2.607012405831804,16.256486995004717,4.055062398084693,6.0149632301144145,20.12039476284371,1.2702571733134074,30.17624977387044,22.107706601273094,4.757688616659204,0.6483419445061069,0.29687471579105695,3.5398116622309166,0.5686426762003421,0.725368367045219,1,0,0,0,0.4767908436304741,0.21680541330617012,0.28375482179489564,0.264000313701357,0.314921912133028,0.4,0.31544160674038174,0.5315900869825041,0.22764067460018306,0.4999122955605594,0.4001919110302807
62.89861937125357,50.318895497002856,12.150481009177218,113.51161828449396,5.811109431441627,138.87373164820679,166.7821228843361,272.2996073781644,0.7821066838235206,31.449309685626783,75.47834324550428,1.6924270609319376,1.487130895701981,1.0233788801355679,0.9023270806623233,14.905396575867421,2.470910180630583,21.911982206027734,2.3760413980733115,7.181734873658783,22.963958267342484,1.158394771340734,32.61318013770952,21.72178200576512,2.690165410261388,1.736651709093192,0.25435081769285917,2.216884401668906,0.3491394290063966,0.5948602577306944,1,0,0,0,0.3570684985292815,0.1372556013707375,0.27848039921801104,0.20436330337767258,0.8535562594571561,0.2,0.6001836561472942,0.5020304864791539,0.44942368953413425,0.45754557846841015,0.3705622069110867
51.500539705366506,41.20043176429321,14.667415187087823,68.3684178680356,14.000397273341854,85.71776942194009,210.4888065219622,398.1318802112386,1.3436564178621162,25.750269852683253,61.800647646439806,1.796059803857371,1.0555402621072865,0.8970503992541907,0.8220019447654807,13.34954070358878,2.5748066536642407,19.307245789754784,4.789056667948847,5.261839804755349,21.074572482242917,2.34710788822586,38.23011635643856,22.625553634970025,4.388237713592167,0.9851466024805348,0.24203273527046562,2.2228962744629888,0.5594376898520095,1.0677354374558023,1,0,0,0,0.1976382158379255,0.33133111764038353,0.16748067966786004,0.29531594631356406,0.5506208783065542,0.3,0.5789181145669623,0.6962672582918948,0.4708197856349606,0.657189325063719,0.3148744713394108
67.62589020650705,54.10071216520564,11.573953935796801,81.25826557538015,9.217222621977024,128.82531968932958,261.00853248702083,276.7772691525339,0.7457943637098863,33.812945103253526,81.15106824780845,1.3729295658849627,1.3415905655119,0.9766424620200084,1.1174888499905904,6.231873049695435,2.4164498198832285,23.488765448325566,2.7930274553368553,6.391217980752963,27.880069806864544,2.6664357200310773,39.35608703629776,19.557358798285055,4.85567798300879,1.379979846144387,0.26637111003831504,3.9374190878459236,0.6846651257415848,1.4244647280818081,1,0,0,0,0.33631898898988644,0.724412391353047,0.17180758522812326,0.39986949390553583,0.7390780347449689,0.8,0.6980147224631624,0.7167722798297963,0.49601472729119844,0.5275031116772788,0.4346048464161376
65.62877059358236,52.50301647486589,10.241934236580432,93.41955680324376,13.558270171361341,102.1059016640979,187.9772670745455,368.73562507729076,0.844262787670147,32.81438529679118,78.75452471229883,1.1171968167247384,1.4440533095805546,0.9202045696899841,1.0932676625218285,8.42203340152553,2.862921053910346,18.121074638757662,3.2299335912507314,3.401558605007705,21.75409413399061,2.49962838322137,36.650720982880586,24.998990415856724,4.4101895106062905,1.5194018414176502,0.32146579080460025,2.4125036556459842,0.48856307343703015,1.3153364261133234,1,0,0,0,0.14232495817006044,0.7049253452853523,0.19007208162484446,0.3661254245536618,0.6687173004237779,0.5,0.5474869903183076,0.6078351544145927,0.5056203090953524,0.7424711640953121,0.556360835115844
58.700865058777715,46.96069204702218,19.166337396468656,106.69481132323052,12.805070568182956,57.20455049045555,254.86294015380182,306.8922089709381,1.4333126788425175,29.350432529388858,70.44103807053325,1.3816288035300759,1.4646781976552075,1.093611148867823,1.088822970369089,7.125804335510729,2.4299861505413247,19.38355733875975,3.3855465419177135,3.999288081885265,26.427334705772843,2.186218469260804,30.34632451248295,18.570895483842534,4.029180369672597,0.8510185758363142,0.30140912152550137,3.969561292190551,0.4472640028418867,0.8432776600243079,1,0,0,0,0.6977305354633987,0.5266135040448107,0.17264791516319392,0.4055331702231479,0.765145796123175,0.2,0.5605163497750004,0.644381218106945,0.6721249530215698,0.8798950936378466,0.25234270567978534
51.37616033410592,41.100928267284736,13.650553540673144,131.27806448668633,10.660885968157178,123.65709454971422,277.5059885872555,387.3261387293004,1.0952818483943523,25.68808016705296,61.6513924009271,1.4491351524731138,1.065000627157531,1.0202690460527541,0.9305247734313465,9.014778366140108,1.2770530490782692,20.04988744682526,3.6706757599911053,6.3874867368366655,22.333229707736873,2.9242252967850875,37.395765502914124,24.731724770797555,2.661505822749768,1.3921498777828214,0.4054550194134532,2.2939159662384907,0.7543894689502622,1.4712908134841616,1,0,0,0,0.6043237649678226,0.3740928375151482,0.16299995548608304,0.2532157069716277,0.5675670803221399,0.6,0.7171060691532276,0.8325892051432722,0.45538044122123617,0.8344181784718876,0.5247851659827507
56.70333067993772,45.36266454395018,10.038995079658598,69.21863737478927,7.6099314960617885,95.43996924794843,114.71839929368184,310.9278793528016,0.6205387522318491,28.35166533996886,68.04399681592527,1.8293741436287245,1.3474418232167307,1.019964098533429,0.8447652959889089,11.258981191509536,1.7393955166552977,19.42271082013507,2.553646853535743,5.773756308546341,27.783928961783026,2.6639274999331954,31.47136481930833,18.213341539104018,2.5551386949268773,1.9351913845453348,0.3028887750569874,3.788231937508602,0.750662067999845,0.926984973851539,1,0,0,0,0.08299281306086767,0.38827014410466665,0.12664584651091482,0.3272360971666469,0.6570197192000646,0.5,0.5514149014307359,0.8113007078167241,0.5671985438672028,0.7452113539677228,0.33437154033755656
59.81180510626727,47.84944408501382,12.537893734919756,83.15555290457216,10.09098092408514,79.17501517186116,189.96642003960523,487.3955239300983,0.8283106397786921,29.905902553133636,71.77416612752073,1.514064414945318,1.4173290427858904,1.1711041754819997,0.9733684107222236,5.176114008627193,2.7940214199951505,20.466916383251252,2.3628289191499143,4.388835737631585,23.29553329413025,1.3463214436448014,37.44174305179818,19.83372658237551,2.096655078832102,0.7034176709177602,0.2766332414916223,3.7774542733667875,0.9496335985876325,1.3776672000896835,1,0,0,0,0.15455399678159218,0.7687003446676971,0.27076337944488327,0.25420604246551687,0.11648947919198381,0.2,0.6277504256672273,0.8094227428958393,0.3665041793949002,0.6583082592601733,0.543074899398496
57.01696100649211,45.613568805193694,14.59952843825336,84.32444100530293,7.185775477213098,106.36219613857014,287.54937696090303,444.3030112735598,0.6293824302841019,28.508480503246055,68.42035320779053,1.1989102588515634,1.042817857772008,1.1355196519792217,0.827558647775975,5.340678988684097,2.077631169548721,19.575043577050014,4.019227158862098,5.762951664807476,22.417968022622357,2.9209138579306786,34.009080560319546,22.265876454094442,2.0933952391388235,1.1419105608255327,0.11667024454481344,2.0710541411234304,0.7368863931013173,1.2438711997383978,1,0,0,0,0.7228643078484706,0.4935702803585765,0.11482287016755066,0.2848822291359981,0.15610411775778632,0.1,0.7259293076863296,0.7524944148197465,0.677458425645081,0.5681837233213478,0.4679812944111928
38.83494536107192,31.067956288857534,11.924373659458604,144.07017902473234,8.804944554025292,106.82361678133967,270.33363509686103,498.24677436560313,0.9333680822182535,19.41747268053596,46.601934433286296,1.948389037559821,1.1894067959717989,1.0816871405037276,1.0140065634551263,14.268390466687393,2.8703371550678085,24.654421170859507,3.3713259070780808,7.1457200148288305,24.04883144336199,2.300340433969635,32.42525137272007,24.822504283384113,2.963966638408185,1.09881704391778,0.48013271515122913,2.4698601402457867,0.9302982606450658,1.2083852938201827,1,0,0,0,0.4068953568892316,0.4882262890879213,0.29209011493651954,0.43627009526977467,0.6285609231820536,0.6,0.49593200836473117,0.5433159412530484,0.23104065917157274,0.7029131684416832,0.2012173017159838
50.90783110785809,40.72626488628647,10.160380831548553,62.45209335221397,9.53512929580788,56.4456131119268,128.68933392657763,276.5660361869467,1.0218516084457463,25.453915553929043,61.0893973294297,1.129632275237073,1.1191588725168464,0.8793415577040242,1.0631366632207149,9.023012172043773,2.5152487871491562,17.8401291867307,3.6075150287599387,5.703083104329334,29.990756995731697,2.0469600031658537,33.4433251151214,19.02381476872934,4.358630422580012,1.3385057897058292,0.17631314321877772,3.6205628532697474,0.9570447880831328,0.6308970918342007,1,0,0,0,0.31501339093755504,0.4736088743908215,0.07080740533462053,0.28847646124233967,0.9725157852674445,0.9,0.49088650486034585,0.6912444722943911,0.6271185743618716,0.4737455670721032,0.3405350413162585
57.94827760673345,46.35862208538676,15.955413336506908,85.07406221687147,13.782919022992418,79.42786760369091,163.5163518313331,461.6499505738727,0.5435101273219092,28.974138803366724,69.53793312808014,1.2980575281460398,1.4052936764323596,1.1097491789633476,0.9833038053491618,12.259577338684139,1.5337321949880156,19.33524573267239,3.544718432118755,6.9693583742562675,25.19850884172138,2.5290921199405902,39.560412857247,19.168836334393564,2.855049446784354,0.5795395167758044,0.14752155734261346,3.2508278970862268,0.794909636674393,1.3911837671203546,1,0,0,0,0.5537794000506071,0.21730897061738547,0.09684181586556352,0.41943937537254333,0.6832357960435629,0.0,0.590715423609635,0.6032649646344026,0.5113585591532014,0.848357975866308,0.5561772388443135
46.448605600759606,37.15888448060769,19.331496924852857,95.18337358220704,13.28767541160384,115.54154108774202,276.86350937791235,435.38680088938304,1.2971973073971075,23.224302800379803,55.73832672091152,1.0161321595686,0.9882246320823258,1.0292561770101503,1.07723069216811,6.438465205326903,1.2894531067245967,18.71694021984373,2.769676926959993,7.054817162282676,24.881277790272872,1.8285291834919306,31.557372157167052,19.159952476036484,4.992956145107262,1.1011206295825058,0.27468230266949223,3.1848267573456157,0.9088383140838392,0.993102427881451,1,0,0,0,0.09655249513202822,0.773921041673437,0.2977492012660404,0.4680779428736159,0.9520311720844047,0.0,0.38817273922309703,0.7158234407611895,0.6624043090883525,0.45177751627793716,0.5858785236855366
47.027504190790786,37.62200335263263,19.93200245644197,99.36513457410372,12.689552387553977,99.06770894665549,204.51165718456758,417.0936901488669,0.8821081687488648,23.513752095395393,56.43300502894894,1.0930828466872198,0.9292615089160756,0.9671601229903315,0.9032317416427381,5.938459637443415,2.2415691608501387,20.032418596889613,4.384331905736875,5.927479165231929,28.00512706075771,2.8017561478531947,30.375423373510145,19.701726534660015,2.957649401366799,0.8960689345878365,0.1564167876307684,2.964695405451991,0.4886700371614665,1.1754376104680624,1,0,0,0,0.09109241920012454,0.6478247571003953,0.2523410746797488,0.35528955941284807,0.01601568618897964,0.5,0.4783736296281348,0.5351430745682548,0.618009712591145,0.423784133404221,0.4011711841166954
25.734038012342875,20.5872304098743,14.87290996534131,104.4762269277151,5.787615649658193,140.02024103580544,286.36602133619135,397.51698920163966,1.2107140114999404,12.867019006171438,30.88084561481145,1.2527679020449098,1.4237685448587953,1.170732847825434,1.1160350739838485,5.621462546463265,1.5091022494135664,15.888801101981809,3.670433989878209,5.4762857343377105,22.736666410759064,2.9609439558527697,39.286555314635415,21.809235612190204,2.741729878845547,0.8200654076565179,0.4347540863304261,2.904997483993701,0.7992978071546248,1.4919177851689476,1,0,0,0,0.5010663732324241,0.25915377811448304,0.1467467322945422,0.458861921057005,0.6617653220760699,0.9,0.662051051377048,0.7700318177312223,0.6240152863193602,0.5122451055259061,0.43143726751734623
53.003159382940225,42.402527506352186,17.559101304103137,70.43203782562215,13.135710183365713,97.31421761958444,172.16348532198674,234.92871211981384,0.5890277818644393,26.501579691470113,63.603791259528265,1.5068228128834462,0.8715820153388049,0.8364186530434751,0.8169986539087283,12.80534103181199,2.5568056318074026,20.146514098646602,4.8850773900921265,3.2020222904333018,21.48554570194872,1.4087932350272925,34.59291703110836,20.847672451619346,3.708993060506426,1.8383135130792578,0.4628652361058141,2.0943521808866956,0.3552249052883397,0.5386768825612546,1,0,0,0,0.25004717136446936,0.5734334183660468,0.14541134511304057,0.3004129123738377,0.7141840909493423,0.5,0.4234334948244703,0.6422901360315728,0.45720868557511213,0.5249981937122643,0.5503706045536937
34.05941812858334,27.24753450286667,18.804852433463815,121.51174268994217,14.577538996300722,134.87325884404527,193.18402033707287,409.7467105611445,1.0669506188685478,17.02970906429167,40.871301754300006,1.5747974585189897,1.4947853078783917,1.1067997499674807,1.020132507207529,11.354802054207532,2.783510977123071,20.313939961839623,4.477367762700563,4.130483411681739,27.41384143891696,2.8568947220663117,36.630728208441006,23.434270762735167,2.406118003112482,1.1451741580280241,0.38020647876186275,2.634586869489941,0.7375341485425437,0.5350669607706783,1,0,0,0,0.566755353815971,0.1010979008146261,0.1267830215469066,0.4235478582681055,0.37024413389326083,0.1,0.6780486839949743,0.5926004612436594,0.34421827640421654,0.5393983031910345,0.5994845174548286
77.51533140446156,62.01226512356925,10.64147195438539,126.89975919992678,10.692467985756153,68.21913712849258,200.69470457504244,357.4347677539964,0.6507580303046606,38.75766570223078,93.01839768535388,1.9029945016391525,0.9576968191394137,1.1257008161641544,1.0019839158513784,5.838636117631411,1.4099791754703754,15.973312417742918,2.132307505945983,3.3162600267556313,27.213386091375675,2.1846543337826763,36.259972985434835,24.314898820345007,3.089069892316502,1.2565550656238555,0.20733976236451182,2.517502889944506,0.8538235962518788,1.2096877163988502,1,0,0,0,0.7102212879867505,0.6078322581854398,0.2527613572679518,0.32725624944491577,0.5023033967393301,0.1,0.6468342005430687,0.7632505854030838,0.6571311529111572,0.48504530466722534,0.36989648300602507
62.418854128558785,49.93508330284703,10.317170485149909,115.99929289175722,8.965221503564978,93.21493880585237,287.3145025956336,458.0833899099697,1.2823174526116614,31.209427064279392,74.90262495427054,1.4443024398373199,1.1087916371411963,0.8677361566221765,0.8661334219291835,5.327091562865674,1.1048977065095396,21.550171918159798,3.335296786818383,6.495529652900083,22.623463218324858,1.4935326479779296,30.985994059112237,20.09577925268203,2.9162996950669604,0.5041124014852912,0.3592423793465692,2.918892473109961,0.3857113332405728,1.075020725938076,1,0,0,0,0.6669433448041551,0.40265127054890704,0.12972893542685615,0.30021686684155713,0.03111824134073815,0.4,0.6823328543542577,0.7191870249405671,0.3467079637339995,0.7131779429586657,0.4414037287928446
10.190719812577733,8.152575850062187,11.16777938250965,104.62862587970923,13.050034841757785,54.489679388897095,286.1611777374401,220.36643670571036,1.028675766890845,5.095359906288866,12.228863775093279,1.3652031512029907,0.9965390838098412,1.1790771399408322,0.9280894485507163,5.03525312816632,2.4264383509638714,21.725265302773117,3.8195097382530228,6.356741158514395,27.564616496074663,2.989395769538334,31.49406668464561,20.854782231870388,3.1664051865459646,0.6542471722830356,0.41999433684650944,3.185491373831616,0.6214355354508477,1.3402702397724484,1,0,0,0,0.2948645782025553,0.7647504463660372,0.09331583006418082,0.4163786058008445,0.4725639144004864,0.1,0.7683930713287473,0.6810395681393793,0.5486135049904692,0.6119895634961454,0.49609098484038405
32.32137870373091,25.857102962984726,18.08711330835037,88.65441330085065,14.003845352155988,55.96312928073415,200.23522692387724,456.1277553092193,0.964264007934657,16.160689351865454,38.78565444447709,1.9411697116869804,1.4853073205645182,0.9925290997459836,0.9377526550095361,5.422846443729389,1.2695438878938043,21.832480580272495,2.8832771091441183,6.99424913202204,27.109377320131664,2.096226508805352,36.486662792067754,22.479832965910163,3.999906411544583,0.5746722648368754,0.10243585385673436,2.9608642468163495,0.8136987022819195,1.322328568625081,1,0,0,0,0.5865298154867752,0.49901286573921605,0.22843486124479892,0.3109177108024723,0.012313890779286019,0.0,0.4130819405659399,0.837000641454474,0.49037850682977624,0.6004059668262766,0.3594275964153877
94.12272079535518,75.29817663628414,17.104590745361804,91.26953894274253,10.662547516112177,81.8814429135781,245.2280401290104,267.3244260353505,0.8200472417290956,47.06136039767759,112.94726495442622,1.031089047095198,0.851543036054379,0.9341144188027346,0.9313800167557837,12.001095954154046,1.6317673288814813,22.663086437116956,2.058517234011411,6.1448196008716485,20.329457071801855,1.9684478015270896,35.216355585796904,20.094817473360173,2.400963311866433,1.6268538220865816,0.23771043332804284,3.6290145767359894,0.48719563394062454,1.2899012127535374,1,0,0,0,0.3938961709520346,0.39727293113181217,0.2553832331615489,0.2797789982541027,0.4072478854484656,0.0,0.36270193202089834,0.5538206806952216,0.4044535928467522,0.7111885434824721,0.41058043605144884
43.49252761709822,34.79402209367858,10.512997735333595,92.13830848966441,12.48719286978188,76.89610811151424,236.84570739870952,439.97627159566736,0.7321627623841968,21.74626380854911,52.19103314051786,1.4898979102760803,1.2697037272991725,1.0611681162343303,0.9910436461530562,14.15100634708387,1.534132979083885,23.905767713476827,4.6534439248904365,7.072132366349594,21.90648791412411,2.6761254524236593,37.6606352950994,24.27969162496693,2.4637629394939826,0.740674774875594,0.28764931030392926,3.599967592649756,0.7669938912738447,0.7525850071203919,1,0,0,0,0.3532707545696822,0.3367279617495389,0.280302323944173,0.23740442281071097,0.44343458332941466,0.0,0.4432795985738592,0.862146474407653,0.3316458329070492,0.4925506070268159,0.4337407047504428
45.19721152607698,36.15776922086158,18.613056357994736,124.46494139367573,11.324282846867224,72.41563956455127,106.73621042926145,321.39448941622766,0.6135872797987388,22.59860576303849,54.23665383129237,1.4300590307018084,1.068118785690206,0.8729843544368977,1.0844892016563425,5.357004979617178,2.298559368249527,18.683978421639363,3.353506145057011,6.485190943974783,23.528058128585666,2.752052281584046,34.269155629238156,18.284699772293568,2.44409331543626,1.457291991383987,0.4856313236550611,2.1236756882841448,0.6008604352054046,1.3469568402538572,1,0,0,0,0.08698029105449975,0.32612493288261435,0.2595696965445558,0.2863736241338677,0.17814602102504085,0.7,0.518862220080734,0.756618237735422,0.3687111392741589,0.8146728589517257,0.44493440830949293
75.51259698631256,60.41007758905005,19.39472680998547,68.19220818103258,6.236427746412755,51.82893623185817,231.73936819675137,228.28542352814745,0.9980510822285503,37.75629849315628,90.61511638357507,1.7268200473108504,0.9890284219727942,0.9015966929856696,0.8614929694167672,13.737414664988348,1.371983500503726,20.18225690840113,2.202790798533399,3.1442229796421763,21.89313502368443,2.228779443209258,37.337140113512845,18.901275955855837,2.0565904332691676,1.5596350599773026,0.28910490456966387,2.931132979867219,0.9240284810218411,1.3197902526338976,1,0,0,0,0.15264241111450264,0.4272525997993497,0.06418963483411008,0.48745967527648704,0.17415730507819102,0.8,0.5251350350869024,0.6267131055512523,0.5657990062546588,0.8820859863398036,0.20034791106135597
60.72002276195094,48.57601820956076,19.412051365751353,89.97121734702877,8.526816200880283,122.89195020053151,123.89975220241398,434.77869322438175,1.2023828548363644,30.36001138097547,72.86402731434113,1.4491139183114248,1.032677285038849,0.8957273244316467,0.841008826810056,6.526585268959398,2.7949938146121003,16.61225472539239,3.841426383082063,3.893351609308067,24.491277564304816,1.9446192953520018,30.15264552741954,19.39150872586584,3.149212872422373,1.5276791527826499,0.17067402622730798,2.696782643666232,0.5300480805751324,0.9023458128640004,1,0,0,0,0.257691354893847,0.6954965184812621,0.2046728586524523,0.32190166703600903,0.6895859668192705,0.9,0.3345785539394882,0.7851473303209144,0.49798224183148176,0.5781475805961075,0.5472442401230688
46.07673467499909,36.86138773999927,10.444278176912626,99.21911274292259,8.846936866988486,116.0878058498468,238.88227366866363,340.59040901535525,0.5992675774181966,23.038367337499544,55.2920816099989,1.3322843063153806,1.1585531647552842,1.1922615522163627,1.0364608152853154,11.59809501217512,2.1919664043098104,23.890726004560143,4.950331882268812,4.18603971669228,20.24229307213448,2.307924628366724,37.90999869715339,21.097176884806288,2.2353768005159576,0.6095633806982013,0.31643616472506786,3.102073849629863,0.4196289749278136,1.2026505481532253,1,0,0,0,0.6376470477448338,0.1569552786849062,0.24692960978255019,0.3544250420967352,0.6079106652279318,0.0,0.3325399661086637,0.5552858716151563,0.28229418390599154,0.5166779192856475,0.489607395794332
49.177562612070865,39.342050089656695,11.615765466039266,105.65739238240147,9.18508755844352,98.68174048963783,293.5742360715255,260.8415066879485,1.295347116538863,24.588781306035433,59.013075134485035,1.4195135807136174,1.120524159584074,1.0799157506020454,1.1291470306048899,14.767428313377687,2.446377204579483,20.383156204012817,4.428370912743927,4.908895334137343,23.844799631852084,2.5277533509186547,33.83523821730969,21.012116527249987,4.775087365950965,1.3649427983299494,0.14061063436386836,3.0377566056037857,0.6109387517553619,1.1147458894361757,1,0,0,0,0.6572996322588186,0.7667558357401403,0.1603356860593087,0.29837475100408484,0.30130628616741667,0.0,0.457640698056934,0.6877878350491963,0.2673448353630759,0.6729378426533617,0.20967597647709352
50.161903172344864,40.12952253787589,10.072511738516956,126.017412479395,12.43771235650045,91.99028530985727,249.89350719619006,410.1928027759583,1.204268661899909,25.080951586172432,60.194283806813836,1.9378503250660435,1.3383191997052628,0.9012815873416996,0.8402312122034229,14.425301392716127,2.3627965936183104,19.610019396771158,2.6169896345052472,7.90903296696597,20.233292079638016,1.7078803376029401,30.45243278018101,19.183454665356763,3.2787266232458996,1.626394132808564,0.168077345179446,2.591846716846276,0.878625272129629,0.781633909179214,1,0,0,0,0.4959163886790276,0.22192584923682468,0.1826365733470936,0.26745721981042364,0.91463510257895,0.7,0.5312786206627105,0.5938122626280031,0.32983555748212157,0.6332110049595672,0.56103511860111
50.44061878536018,40.352495028288146,19.558582439119508,127.49337857839365,7.02584114089465,52.22407333197393,141.98365433847187,254.76948745990373,0.5763697683994984,25.22030939268009,60.52874254243221,1.7981917767877933,1.3146703158480193,1.1389637237716708,0.8992358052978265,6.6538814946762495,2.48949992941367,19.706753576763614,3.9572688738934696,7.2342559881969395,23.28113759587228,2.8824208357384613,37.2337054165535,19.424972640602803,2.9742073355460903,1.9879862803413144,0.3992681380522827,3.0330199267650584,0.8245735851501284,0.6835378237195476,1,0,0,0,0.47631798603509107,0.15289532415166257,0.21804002750190926,0.4852017213967321,0.6693729940242712,0.0,0.6673302841261461,0.6825925577414547,0.4455961118901597,0.5275842814665195,0.3000900439646329
29.858685062962596,23.88694805037008,10.43365820173628,73.49491916065995,11.573557766190397,146.77243268146523,258.53460466346127,238.98469760274702,0.6445097466615153,14.929342531481298,35.83042207555511,1.2002852455883803,0.9551580238407837,0.9564708170538716,1.0463658267194509,12.227485755753374,1.8345649344125505,19.389210901284407,4.278523064071537,3.4254518601636215,25.52249503533745,1.9691914931615375,33.7199720868806,23.89728926002998,4.8984577738652675,1.9835215648962476,0.2275096958026623,3.163417618474628,0.8709642360888812,0.7441488093794697,1,0,0,0,0.6362033002657803,0.657396835977212,0.16140212629863968,0.33995097934941926,0.252760136886623,0.2,0.5367165449290745,0.6631786669673853,0.2869519768827531,0.8078159951738487,0.27368033712268086
61.652138989139964,49.32171119131198,11.80216179138393,109.04706972326916,13.054855960019582,122.06967518552652,114.29325823514,493.6292856979053,1.1215575041407067,30.826069494569982,73.98256678696795,1.4847175464305622,1.3616794651294561,1.1311514983824646,1.0428500186362408,5.319809973221639,1.706052869936074,18.139315720528707,3.809274425779505,3.327322462321842,27.854145164723086,1.1002770218545543,38.49191463004683,24.95789054617537,3.7060528359845084,0.9869583216535606,0.42772781122239,2.350634891939766,0.4233963170339449,0.6461344570795021,1,0,0,0,0.20815902705249348,0.5723563322246443,0.13696186115579606,0.2747731137291162,0.3750434178653833,0.0,0.5928349768031425,0.882635512238058,0.29217225690126575,0.5293707287013418,0.3788104995279317
71.84665509798901,57.47732407839121,18.68919045037869,110.84151849250352,9.790923627578056,103.1730126627004,176.35510677909696,446.1560423295294,0.8681879430732325,35.92332754899451,86.21598611758681,1.9561781541438192,0.8652476972079242,1.192623055843498,1.1803156173252864,10.966924846033155,1.2934678960665567,19.583636755328005,3.8100968631373773,6.346464395695551,25.525022569532176,2.2337938976375273,39.620653844789544,18.66509368864259,2.881205568836041,0.7207488376385982,0.3919391394761035,3.6345184024122994,0.7206439773630164,0.5818403842524609,1,0,0,0,0.6385373667567563,0.5408541636151717,0.21674182492006433,0.2643184462571405,0.6852299713735407,0.9,0.5020127935341453,0.6179708321766368,0.5714625650937518,0.7724764591369422,0.427785143526652
64.19323796049945,51.354590368399556,11.611301981743352,101.61421279234867,10.631712472897707,59.55035366379483,168.22288919254345,284.76558465118904,1.2683181306446059,32.09661898024972,77.03188555259933,1.0311619208640868,1.1234444524662386,1.1928479828497727,0.9429571216160033,7.117151183334346,1.1109672842843656,24.7643265835489,3.6951982561980667,3.92761939682291,25.958677645592253,1.1373492960507028,35.99067819459771,24.955895216190182,2.9807889057571053,0.5136124565279161,0.1918311653685271,3.1796444888502844,0.8580328921367848,1.1176406615251437,1,0,0,0,0.31637846542864745,0.7084626998830049,0.07488254401422641,0.41410998629148027,0.569559200135907,0.6,0.5176202113500993,0.8800268267160645,0.6053881706245011,0.6644872357230613,0.23001961017951264
47.103728717942786,37.68298297435423,17.420623306364384,76.10238294415132,8.590566914452305,135.32110237973424,251.92570687004655,227.70367797706123,0.7868680238745788,23.551864358971393,56.52447446153134,1.3458589930761693,1.2606719198424474,0.9971650093428266,1.0930116000896775,13.64821266502084,2.1233193341311423,19.703873541820272,2.5196209562957885,7.477106483715003,27.650853660883357,2.5723911406906304,34.33780123285097,19.859183958770597,2.95095940068955,0.8528464848091664,0.4934861435317238,3.4374786488285656,0.39595459734016947,1.3407343538454266,1,0,0,0,0.27587413503855995,0.38181180604343423,0.29632046464947737,0.23197899175494124,0.2477119174772999,0.2,0.5526535233636525,0.8486841751489114,0.2085949551277746,0.5543249447111339,0.49552009984324813
31.58405679556755,25.267245436454044,17.3917159548967,94.6036802512265,8.563686099936636,147.82276091591046,235.21009124770075,330.92476283760135,1.0790788744147446,15.792028397783776,37.90086815468106,1.3840458992026523,0.9468675940687189,1.1142840113324273,1.1248768176408068,13.315676810057761,2.7648074674415515,20.992536880656363,2.6830565706754994,4.323911762233805,21.471069979004504,1.0978529714916134,37.01343003645493,21.124418623446633,4.718057194658055,1.0660803368611105,0.2676946543581203,2.256212590774032,0.32108986071353146,0.6295062996258258,1,0,0,0,0.42611079058784346,0.7051390162073292,0.16614214013294018,0.3179682568317869,0.9468171640461782,0.2,0.6742819001177441,0.8528795155736002,0.56744237547522,0.7885781494596728,0.5608654803395057
40.3403756306714,32.27230050453712,19.986693652516596,98.43087551993943,5.106025049938748,92.87780794286647,233.6452644166022,263.7127303996159,0.9252247454140531,20.1701878153357,48.408450756805685,1.3407331513915537,1.3463399835669878,0.8758596102388261,0.8806910672852212,12.791227878261145,1.906238226933772,24.475503262574037,4.838872081935701,6.021230312132005,28.760679689272592,1.7690043829681554,30.207547135605857,22.277941914673804,2.6786811543483737,0.6960081527275719,0.43029135884707315,3.0255670026334798,0.5901746707666197,0.803311466638048,1,0,0,0,0.5457733788631479,0.4162682984116468,0.10819009042972265,0.3654635332496292,0.9919640925505291,0.5,0.5884410790353338,0.642382347661519,0.5180533171324687,0.8562813616535403,0.36356070744206165
34.60657984271826,27.68526387417461,13.548937669993322,122.39534198315373,12.026893833528655,53.83678187725115,140.01333561973226,472.62681422344184,1.4628573009115247,17.30328992135913,41.527895811261914,1.7671247504885768,1.4012316022253977,1.1764910303814329,0.8802040813420342,12.190123331011868,2.055009523818003,24.124789042971244,4.879275778251326,6.069008065119467,29.88267059266476,2.1532484702351162,35.591716605199565,24.446967587046046,3.5016253065758596,1.5967919486886062,0.3255433486906705,3.7738958506439153,0.6926422353618595,1.1289496342046914,1,0,0,0,0.6419604042468456,0.5594231949325367,0.22014483478644015,0.2541186537989946,0.9016792923900496,0.1,0.4023682842500335,0.6163641531949076,0.2445559307684756,0.7677593976090753,0.564454399574115
64.86702221206474,51.8936177696518,13.295298603520767,110.77395627269993,6.12806292596057,112.50022167435142,166.10503627680367,454.01400728364274,1.423327393410593,32.43351110603237,77.84042665447768,1.447764445734884,0.9356911435135777,0.8281875340650688,1.156973839514527,14.377589846395205,1.056146044747826,19.98310042640437,4.549988695656965,5.926181916652213,28.954058987858485,2.6957441771474606,36.0892124476923,24.400808845565358,4.150302676409609,1.6392789960085794,0.4987079814698806,2.329094737994599,0.3796519454388014,1.3556030366068323,1,0,0,0,0.49727036664814994,0.46084024921896627,0.154697559728163,0.45346077333179124,0.9158363305646319,0.0,0.4111141390404714,0.5417953848310334,0.2857875483338636,0.6227500372204846,0.5014498606973298
70.06558906271397,56.05247125017118,12.894916317208985,107.3198776971257,11.504314254859889,127.0900344827665,196.55338761371019,419.9507586350779,0.5610596764146084,35.032794531356984,84.07870687525676,1.3853910144778387,1.2994034266405416,0.8183907681120961,1.0239236029305867,12.493495269400022,2.1864981780542943,18.840670114746654,3.3222452059036,5.235972207152946,28.456294321734717,2.5150018415291138,30.158746203470447,19.177631382561927,2.9386898610690575,1.9409377643237058,0.4488192786600752,3.5459064669997895,0.38633012230824226,1.2605704337562935,1,0,0,0,0.381064311647625,0.7865786076886656,0.2555585151359287,0.3340055439083001,0.6786752256551043,0.5,0.7111948300476821,0.652379348622411,0.590388017279746,0.8933101077367138,0.2722547269405601
71.44430422051137,57.155443376409096,19.7162749315763,93.23835484670978,14.219507374646735,107.76269051688251,281.8812747737959,260.25023142568654,1.1772412575362274,35.722152110255685,85.73316506461364,1.8197735193781641,1.2849043101382271,1.0202285382437888,0.8863679659494486,12.713146023810687,1.0182721634382463,22.52322038022549,2.6822105027556002,7.829002022253751,22.812574854356406,2.631503614334577,35.03521100589618,23.270531689725352,3.0404241916251844,0.8073401232950663,0.289140440789917,3.6757878061926643,0.5218572331966437,1.1569251962776312,1,0,0,0,0.6049440375262048,0.7906426177658581,0.19236673777849903,0.34825643192490724,0.19685650184965608,0.6,0.5281108627491518,0.8976555447884309,0.4743518906313719,0.5904915668909434,0.28836943299541956
42.40017420148721,33.92013936118977,15.120421988058268,106.09692953723096,14.79765220137262,135.57987712982577,179.97616828413516,230.81283796500807,0.6718268785140693,21.200087100743605,50.88020904178465,1.7136092115645094,0.8436592804442524,1.003635918514642,1.1976912416882644,11.265059532679457,2.0520680407131957,17.80507408607455,4.760506321320866,7.403309970941647,23.86424719758128,1.2095694948736602,34.15647753674609,21.324506896313345,4.047491209465006,0.8695358963782593,0.3115337196603794,2.3981856506078856,0.6329499295557919,0.6383663811198449,1,0,0,0,0.35407018915033583,0.14896146551003614,0.1433493846773445,0.38110555314549915,0.6762646397189714,0.3,0.5873449017521546,0.5059136528376895,0.5322059619789334,0.4844139861951938,0.317140908421266
39.19944202122369,31.359553616978953,18.697906384061106,84.14290627420564,5.927100960955729,113.61373940970967,157.669582393019,473.4283157878146,0.9260906211421077,19.599721010611844,47.03933042546843,1.6575673332189738,1.2455311129045956,1.0672589303127036,1.1319566601730693,10.39377438995352,2.273854543076056,21.313185983950632,4.007738197736666,5.47920392713641,20.744063380049155,2.7796837553531635,36.64374478983971,19.883694641619773,2.941966761639736,0.5921008871164593,0.322099445055528,2.106551210962748,0.38507582033407456,1.1110264662155764,1,0,0,0,0.15818351375442868,0.5150670801690799,0.17225044813060073,0.337162963953772,0.5588530482795123,0.1,0.7940892433861122,0.5502424710899035,0.32651282970135664,0.5391008180946781,0.5954071006526914
57.3796660811332,45.903732864906566,11.088785041186453,56.55446523596205,5.00020309926581,116.07918926354483,282.32841174288427,418.5743063767619,0.8181480033446046,28.6898330405666,68.85559929735984,1.3145148360776897,1.358397669801982,0.8613335333157619,0.8879795629685955,5.501644813119851,2.2643518904873123,19.83771947079523,2.316617959306103,4.171134423842712,29.16571900047368,1.1036050071752763,38.7540590821243,20.253714582992878,4.735497777823332,1.0054008542281025,0.41998528196555185,2.4798580555894496,0.8623925004452875,0.8328241693818424,1,0,0,0,0.5351418603048427,0.31814308363750127,0.13884693070906676,0.2931130625169621,0.5229090521468657,0.6,0.5347587615203,0.5797832471649159,0.4428414629518972,0.7420646285692403,0.2540518350607619
55.360003597755615,44.288002878204495,11.520683651250286,97.70818410341997,12.110743373630774,59.398095653178174,240.65104339428655,229.36764659544932,0.6388298983493446,27.680001798877807,66.43200431730673,1.9695730475834736,0.8819039840361828,0.9413567454013,0.8779032088649305,14.679855053721184,2.257939808155494,23.40679110233393,4.424848208840952,7.159791144529683,23.515370469085756,2.119796540010171,37.50833436096512,23.98682822306821,2.2618732494863654,0.5715419953699215,0.21050983959955452,2.2261299647560144,0.6980533111809357,1.0395616610364762,1,0,0,0,0.7277770893861237,0.3432742195979438,0.1226669712632963,0.2716528916799695,0.5581216511612793,0.0,0.42951526818056857,0.7409180316804514,0.6362055293767095,0.829633021901393,0.5355915271732713
52.59205013536763,42.07364010829411,19.901718188011586,111.63658927406776,9.004393704253182,93.34104305215898,297.31489745955423,248.11482677311045,1.2924780150089639,26.296025067683814,63.11046016244115,1.6689012849278704,0.9330967343272133,1.193972690632291,1.0060177889675874,7.2325062483122835,1.7399081596342647,23.2951859274689,4.899571515409164,6.149640739153388,24.680985756134426,1.5604821114550773,34.73315099203054,21.30367162277757,3.5477060744860136,0.6691147103404778,0.18154531368029617,2.9033493976567195,0.8811575124701867,1.093099102581522,1,0,0,0,0.718336518576871,0.3033365130298746,0.06060140532700762,0.2909570972492027,0.9208956771198499,0.9,0.3847992607210487,0.5954099470406385,0.5058504185773509,0.8109907221833018,0.2203969304485638
42.92695098237093,34.341560785896746,16.04613042978707,123.37463330703014,14.543178106456136,142.764797166113,151.30849330285264,249.52572707515642,1.0532671146671668,21.463475491185466,51.51234117884512,1.0491133927415452,1.4184922400962718,0.8087729467070253,0.976617105979013,13.90217507648746,2.5252773858319695,23.415061254357944,4.407295138874248,5.63195861656203,28.551000839093636,1.2813035275375895,36.65864481638954,21.87363730854796,4.261026371522961,0.8985010680857202,0.3960564219273355,3.203814712733598,0.5692881903242579,1.0418504530551425,1,0,0,0,0.3094320421147028,0.3368578074184409,0.10906739191524341,0.4053468236447826,0.2008884925105292,0.2,0.49986532251567883,0.6519099411202192,0.5859039771865903,0.5945967778383461,0.22782623927939058
35.03242869965597,28.02594295972478,18.935379849296528,121.75499446595614,6.186062112697303,134.12953855838987,172.61596945463663,410.52370000380347,1.0460791263518565,17.516214349827987,42.03891443958717,1.293555658292218,1.3177863152746383,0.8769765290825917,1.171916250914054,6.0958245671367015,1.7723021345226235,20.243675391663615,2.786485433363919,7.363990356717547,24.071416961932123,2.4700501835109967,35.38967525044938,20.137457951072797,4.679268443412061,1.1066813636484811,0.4620757653307461,3.5804298958591376,0.9549640266865136,1.0462170064705827,1,0,0,0,0.15355351973834894,0.20488235003989805,0.26462138161762566,0.46068194204026514,0.4479934238673614,0.5,0.4012248637767386,0.5262385330315604,0.6400352532162372,0.43821635978106893,0.20780723781271038
65.45496212183507,52.36396969746806,10.794636889601506,52.58024342576633,13.166986130026453,84.83254106265785,263.5428739029676,339.8962710433504,1.1749007452542235,32.72748106091753,78.54595454620208,1.5877117048653422,1.2966046382730503,1.076032376486343,1.1664093758397147,7.902834786145663,1.9003517201732727,23.68343233006679,4.236617187658167,6.745584449040406,27.70975032787666,1.2970828897871316,34.3468735756724,21.537655105357445,3.551152497686552,1.2527942563002776,0.34941772451150876,2.594794440590392,0.6483513827136898,0.9827690693488866,1,0,0,0,0.707952975135635,0.20914577464177822,0.22456259124872635,0.20891816946374742,0.20591624430576239,0.6,0.3511448575816734,0.8348831794236979,0.2554208033456041,0.7797638350621683,0.20828802414845385
52.44402939117445,41.95522351293957,10.893362775925594,44.75926201530886,7.273894636174444,99.06621984675502,191.71342487631665,472.66048537277555,0.5513640136517163,26.222014695587227,62.93283526940934,1.7590242621927636,1.2476417943311011,1.0151463483218521,1.141643126561867,14.407112155510704,2.6947377076663823,21.669533039734723,3.321542344942637,3.190549802519742,29.03446803136684,1.0568251445964214,35.29023500257079,21.141562435262983,4.996752652108821,1.4286852240343888,0.23734861467527965,2.6490275231912292,0.7849062297600244,1.179325890681365,1,0,0,0,0.6159988655396218,0.16556462148581502,0.27169959496143414,0.45803410251941046,0.9132896191377716,0.9,0.3628315415879254,0.6821452590485271,0.4579239000129743,0.816808807678812,0.5410471695154149
26.33235472926587,21.065883783412698,19.631291181032886,147.29769313440516,14.60682388080276,127.47680650489006,164.75615995038262,413.710150295984,0.5085066712689368,13.166177364632935,31.59882567511904,1.297097670444523,1.3019186000643659,1.0052264490865155,1.0906236555402922,8.645586946677922,2.094311273133602,17.764478356860437,3.4133163670883153,4.586170430868743,22.354215005647646,1.8027316521981278,34.974930658106466,24.492447716748643,2.168361890080509,0.6078340904885553,0.3777229846235314,2.24969606841538,0.6168917153658855,1.1437108540276366,0,1,0,0,0.23141943932598769,0.11195563563190113,0.18910414525654345,0.23303649193346118,0.34249019044238604,0.6,0.7458032256317624,0.7757941163582953,0.3008267386891676,0.5796135824248796,0.2931316656766868
29.59648328789499,23.677186630315994,12.61163043513196,176.39267460851366,12.794278131816153,142.5494819781309,145.1363194888662,380.1113816058981,1.158022859153781,14.798241643947495,35.51577994547399,1.6719365518473794,1.4059602425258078,0.8142982005117019,0.9757487049782518,14.832423751698547,1.7472731478572694,19.748184796573263,2.2578380840901104,3.127891974636063,27.701808204268314,1.6857768693432058,31.350257703342116,18.62184382168026,4.96488564804123,1.4376431769797968,0.44982812854832877,2.722238118289373,0.35673149799496023,0.9381116194074434,0,1,0,0,0.28923624279749194,0.05445040343862452,0.12309118737107978,0.33360531993370385,0.7019494635689544,0.6,0.4217090688994702,0.7074143931444645,0.6595311056447206,0.620848574028893,0.38238669864440955
31.684307231147095,25.347445784917678,18.341838666024927,185.49279708742318,9.714648519032343,82.358325595793,283.3369515863538,228.06198497682686,1.0792997334290702,15.842153615573547,38.021168677376515,1.9480543657372609,0.9264822404196638,1.123313294433024,1.146765078085932,13.64022529258481,1.6683549274172864,17.65209054390892,3.5302306192504704,7.9478459536409884,23.804290359329713,2.312667069956252,32.735457338922096,22.914325106509544,3.331026025734038,1.5119283724026202,0.15074052953864203,3.949235151718172,0.8300732062028848,1.2287908499126536,0,1,0,0,0.6924763845007103,0.09273590476124273,0.1543122429443436,0.27044443242979027,0.505765173057174,0.5,0.32999748555507735,0.5414062285630497,0.5702042218557024,0.8103967478504213,0.5735822981262064
14.394198217018715,11.515358573614973,13.863454436926082,104.12778495395852,10.605895556143103,138.20302742346414,220.43403793655582,276.78442349696576,0.6560069487379198,7.197099108509358,17.27303786042246,1.0513573720589768,1.3902587553965002,0.8985275960709879,0.9799524907204175,6.208784771778505,2.8501000082167325,17.869018950585186,3.2874228425192538,7.982701705953028,26.020511498375175,2.940267525779106,32.74135618582799,22.33154048734361,3.2446385606398103,0.6657366676457408,0.10545781937965032,2.1549112174775615,0.6526833201944353,1.2612976119081978,0,1,0,0,0.7388019536334866,0.1260741307109955,0.1490316328773705,0.33608286591718595,0.99989876819294,0.9,0.7885674813272701,0.5743795696781252,0.302381217866351,0.7128035911093769,0.3119482669841103
41.06939573158658,32.855516585269264,14.225148341514876,193.43636271458675,11.997667596542039,91.7409251521503,136.77750291560213,394.10696313657,0.8565784656082291,20.53469786579329,49.2832748779039,1.1027880406031603,1.3554019460364488,0.9798732732553622,0.9682215632503683,12.800546669565517,2.8307909457209814,18.71337504702946,2.764523368191549,4.6081251722817065,25.622791300289244,1.4801852015308858,33.989886714691906,18.146133299242695,3.9517618510089227,1.7198539183962582,0.38890243522522827,3.457371899308865,0.8571871171344236,0.8480532920282802,0,1,0,0,0.09852765498787654,0.1058524405448545,0.22600829877001413,0.3299470489038309,0.4640038721980666,0.8,0.3616299894259378,0.5927442622088495,0.2710920597650354,0.7080204230732181,0.4491040415262658
22.20072587826493,17.760580702611943,14.321241449877023,157.99345520120545,5.568096154660807,121.83254293332459,112.48987846871321,363.8510302326215,1.0684862023890251,11.100362939132465,26.640871053917916,1.6838030036872065,1.4972315176707864,0.9690296688297667,0.9787416957633639,10.470037172682193,1.4988219946470158,18.680155406975455,4.238306857989086,5.008158699205684,23.416173757561136,1.3803438731959758,39.3579922569501,18.195843966137662,2.6136411255902496,1.5700500589447492,0.32091706340488757,2.969462283507665,0.7193067506275659,0.916026269364119,0,1,0,0,0.6411831463694956,0.0779629875074116,0.2596505827469608,0.49947987653720943,0.7936607600976939,0.9,0.6759336563109168,0.5387372490967471,0.35351357416115625,0.5932754990964326,0.5512011822135607
42.08706201400223,33.669649611201784,15.179466286621864,162.80867060837667,5.364060790838084,135.03719884041806,136.81855807711204,494.05409576867976,1.3256482890969852,21.043531007001114,50.50447441680267,1.9538253792005822,1.0411653520590645,0.835011548012311,1.115058097264818,12.216608068893997,1.0533540636397354,15.75244646207164,3.24078912426424,5.961718538236638,25.479894117425196,1.4421108319206277,33.38653387252135,22.8497680015201,3.9006551738743585,1.7263616328050155,0.43050842531088307,3.0759610824231647,0.62381214403157,0.6424333469427994,0,1,0,0,0.6448418565245293,0.09107666408429971,0.08040924685729069,0.3006145747247867,0.8785933724486946,0.8,0.5335823341023791,0.6829097939997816,0.47986185050068647,0.8081418148385506,0.5773962979270728
30.170392063274097,24.13631365061928,10.176530954057373,177.93381642031437,13.126112324984248,118.17018081049837,157.0927739778551,247.43613770362384,1.2522265151219156,15.085196031637048,36.204470475928915,1.8333160826800683,0.9105533972506643,1.121782957813919,1.1060755629177912,8.363565055511488,2.784014184383258,22.58996120488942,2.5343865051131402,6.935072605065386,27.865270043403072,1.9932099294658585,34.84536301922062,20.217736393361818,2.0253539943633627,1.199469039743791,0.27869438354917864,3.6162062702663107,0.855412680893699,0.7215342435653962,0,1,0,0,0.7273077996919117,0.07859301762387032,0.24280423842718424,0.45314810872267874,0.9602866990162039,0.6,0.31550484248554406,0.8975776948728769,0.572065468071945,0.42473910020164884,0.4512046085834789
14.35731229262871,11.485849834102968,17.608101233016924,160.6691348291032,6.586200025022835,66.84880990537124,200.69380106132093,492.74176476042555,0.5352915765605044,7.178656146314355,17.22877475115445,1.7751657499360443,1.344676938296081,1.089809788259031,0.9816073366729977,7.6923492390179025,1.2917545594188777,17.55351568507459,3.1080419408149647,3.431293156450194,28.86698960968011,1.3950065053087173,32.9623126759692,22.735009562114705,3.308783802435461,1.2109923840801264,0.33776758848427324,2.8553439721496883,0.6968878737697723,1.3833172308264974,0,1,0,0,0.7041030768959746,0.13065959289934162,0.17114169730830026,0.2980386858427064,0.7210380118617442,0.2,0.4013817955440227,0.5228713171697721,0.21154098713605396,0.4737239747780846,0.4074224724861293
32.48455339647236,25.987642717177888,19.933278525363853,134.82706665343548,9.597706875379878,52.16129455160448,165.92322452428505,223.14779577193175,0.6093929566403378,16.24227669823618,38.98146407576683,1.6283700945015858,0.9072643974485475,0.8388995209255725,1.1705839083984848,13.213900397010674,2.4786533884994144,20.742408515431013,3.247037319147668,7.558450724226501,27.421322546020548,1.1429551109556284,38.926224725876324,18.318905500532914,3.783805571327789,1.4893917342137954,0.32393787350641473,2.2441163559119772,0.8126244871213255,1.4961318444105172,0,1,0,0,0.3607256805552516,0.06220045784608431,0.0728863740494853,0.4583468780459404,0.9508114175164499,0.5,0.4981853233916725,0.6933981482546073,0.4639608549141431,0.6198195929123682,0.23837652855781083
18.73273049918575,14.9861843993486,16.789732183649676,161.70452015679263,6.7648991219222125,96.36774984966532,290.0983037510757,314.9694171693619,0.5658964642583089,9.366365249592874,22.4792765990229,1.009456982190021,1.3420727149923866,0.9478393617593784,0.9032645690572477,9.842483695700999,1.712008245005171,22.380263866354944,3.1704935734028368,7.273578600967184,26.88624971659918,1.1180327484678285,36.44459546936109,22.114706258031987,4.420080545618847,0.5333930752705375,0.27681482360996734,3.507960550665133,0.8212595167811441,0.7385105747830792,0,1,0,0,0.12399722332317933,0.06479405242139696,0.15656105578142898,0.24872830927487158,0.037651745469727826,0.3,0.6031368021604828,0.6792455020768223,0.6508921997064949,0.5220914548550537,0.5149341114114137
37.95587920917937,30.3647033673435,14.741106078055275,148.31190706712715,12.58832590407649,87.62463316826599,172.97818520954195,294.33999563791053,1.3909131398681835,18.977939604589686,45.54705505101524,1.2263592507593126,0.9627212644391456,1.101800452898644,1.053619291194934,11.778448875770813,1.2477408764546112,24.119281746737457,2.9290896708304195,7.774469874158365,25.357617601571775,1.0562420521801505,39.44518999514703,19.25391024403252,2.414882593133385,0.6274536517112367,0.3160590972714042,3.7920757813793777,0.5400744511757923,1.3939087758267272,0,1,0,0,0.28063980468599037,0.1268425605265605,0.06285575980938395,0.3347217500725186,0.09145378424495197,0.8,0.5104623536221794,0.7810228645747049,0.45977013931246385,0.7409966562669655,0.28040434596019115
39.217177562779646,31.37374205022372,18.409569094375307,172.00549513770525,12.336427755389998,145.60293953252793,243.3471015887128,256.4724882817375,0.6543653574097112,19.608588781389823,47.060613075335574,1.82251223281808,0.9949265285201419,1.1385059358936025,0.9875892205361275,10.90160942256916,1.0195639136961456,21.45301378860961,3.102508177041301,7.92097534431884,29.285817522875952,1.2340296445076706,33.49545090148137,22.87705010697541,4.082572659021431,0.7083718119168185,0.17393520611713503,3.536165729951762,0.43624843304245564,1.052651728155206,0,1,0,0,0.6215175079993681,0.053079950163550965,0.198326423735293,0.4574335879451699,0.1813727244625314,0.7,0.710843299592673,0.576939130027947,0.45449308317337384,0.7832522416472468,0.2620836579361231
37.56342001247169,30.050736009977353,10.190797034427806,155.5451389352118,5.93547725005482,120.78904092626922,122.22728099658423,430.92881480921426,1.4264548961931944,18.781710006235844,45.07610401496603,1.9011402120834107,1.410877626331712,1.0586499269253618,1.0782469685359584,9.158428693231862,1.9686614576562573,24.108545051587296,2.895290744586706,7.747646692012993,25.64390500048239,1.9866569903927684,36.82848903268323,21.922615950197248,2.46626569518231,1.3791514664788351,0.3631564642651869,3.559151927403983,0.9616981103424511,1.4261964389173236,0,1,0,0,0.7109633520650378,0.09855449697150127,0.26238719135838356,0.4107473631331857,0.660977586750906,0.1,0.524600198438278,0.5896023006870085,0.6188998931607189,0.7850974076151971,0.31276425218379594
22.991677697382386,18.39334215790591,17.793807588155488,170.63747286042891,6.343925856077954,148.68077586116198,249.56193840083995,399.1455327880602,1.1737704247448004,11.495838848691193,27.590013236858862,1.059524677275808,1.4719499086050707,0.9990113884731093,1.0362320813985566,12.99066493381774,2.1667800486908995,15.347262456663142,2.2261211422187848,7.514709379101474,20.48014946275606,1.3129050219428076,33.131950235281344,18.161277529075406,4.4760722295151965,0.7843882621773022,0.2484060570669463,3.2171458981869767,0.840707812970451,1.0859412897972291,0,1,0,0,0.6209844756199693,0.05409674129308135,0.1167176783687132,0.391350226241371,0.7620449412591956,0.9,0.4235892658300775,0.8131347719717592,0.6509400994594277,0.5529284482010028,0.46041149931366315
19.768847201039485,15.815077760831588,13.24153271869284,135.0095703939582,9.428477269085167,133.96749458783137,289.9324256660582,218.23609765356076,1.2751587355175142,9.884423600519742,23.72261664124738,1.204290802167238,1.4908967678487086,0.9141272498780465,0.866388128444368,9.687501903701454,2.0037594769686806,15.328509280245424,4.304595540474202,7.622653285672852,21.857017519075804,1.2202884917400276,37.04060191515908,22.232875379110986,3.390785599492374,1.3206946780800037,0.24727548932300727,3.553054858158593,0.9048025049055279,1.3963427476270052,0,1,0,0,0.3098324783024005,0.07938950440657401,0.08577034406613178,0.2523684923821725,0.43686354869821575,0.3,0.5475114135721253,0.8178550690056039,0.20718929176142192,0.8800238049725156,0.4157623915003578
24.178560793715317,19.342848634972256,10.08958809667277,214.16080817342407,8.007026255760728,69.45076690091247,141.95332729160017,278.83876284336355,1.2435123319861052,12.089280396857658,29.014272952458377,1.39746993459064,0.9351879633074214,0.8124145185908677,0.9118375585435189,6.40300436732729,2.114603983079645,22.29871373172322,4.423460583942454,4.260562721859528,29.471380078990975,2.6805919174522295,33.00182113365253,23.114739081750038,3.692096077202688,1.4067691586074162,0.1341805725142914,2.0063985525852877,0.6520707464632612,1.4703920781650464,0,1,0,0,0.5996999530116639,0.1152829724678718,0.1260065905333789,0.3074564314462196,0.8078696198758829,0.0,0.7872859232483469,0.685714323085044,0.6246323839873185,0.6715208095709209,0.20372454225785686
38.982994007317984,31.18639520585439,12.496336033546877,219.28357767251381,9.95852868589359,140.48770835959323,233.86300321186246,451.42366481553154,1.1163772055528063,19.491497003658992,46.77959280878158,1.6333768140021765,1.4040253913307739,1.1521441543371558,0.8710321997000303,12.317250693674378,1.2532537756034223,23.20953670763537,3.67889949311594,3.496874561141813,23.78653719967219,1.8785296581341022,30.775752573813936,18.543708639409417,3.5108782838029517,1.0780648800113155,0.39450173493408514,3.242270424850406,0.8567591638829015,1.0711320772001667,0,1,0,0,0.5420204807645688,0.06967002381364684,0.19391388213383323,0.34514632886579577,0.1121405836379251,0.6,0.6983384028593854,0.746265618660976,0.49881068848324683,0.5975163986582928,0.31639892926280544
30.993918709930657,24.795134967944527,15.33656001866893,188.9407088956922,13.50030695286303,146.94506916457027,107.45241962774857,243.17181995772881,1.1565695154054314,15.496959354965329,37.19270245191679,1.3127915271753792,1.152945276752332,0.9471156878154307,0.9099809615542719,10.331188095531255,2.7817642508033904,17.767855498530047,4.359769842131451,3.980347442636591,21.272067146842858,1.940270617784175,36.28927025309006,18.99450080304116,4.550476483001713,1.2854767165482013,0.18035951106208784,3.316269585146274,0.6819046382352902,1.056979428588366,0,1,0,0,0.1606829036617899,0.06042008191560695,0.2609811582754807,0.4974488336637803,0.490029142749712,0.9,0.6441298822596329,0.5516254929450777,0.48866531404099867,0.5738484062662341,0.4052845541093191
15.942980986962521,12.754384789570018,14.695473408151617,154.23872105603272,6.5032820364193515,72.70674732701599,235.61048385479273,319.11263271427333,1.117728563516787,7.9714904934812605,19.131577184355024,1.4401526575187518,1.2175743807213537,1.1215569887064722,1.0415227965112992,6.833358413671679,2.3432804128569122,18.480985766679268,3.816389903212184,4.0451114942335185,20.34207551381482,1.7439181438265519,39.90869144074901,19.38471081261857,3.0761406575714076,1.0060642226757832,0.2043090615413674,2.516192056290775,0.4396768827069549,0.651408171549569,0,1,0,0,0.20466327250617816,0.1071503728184337,0.21365626035452287,0.2847027873916177,0.5989404903164542,0.3,0.520141943874789,0.6111936214819904,0.31328897756152524,0.6611479217036345,0.4602083736557912
31.72503568982076,25.38002855185661,13.95961405324113,194.2827009804189,14.901337417256112,71.18673393032475,130.66308984689502,421.9812165132572,1.440435211120135,15.86251784491038,38.07004282778491,1.8664273274939875,1.0104117059447522,1.0336539534798357,0.9413688858355397,11.720718702093606,1.1526165261048489,19.422042256287646,4.522228313488979,6.781335011662277,22.997335685552837,1.3452542216572225,38.056908364375616,24.56990271670545,3.0561378603679294,1.0241508622720152,0.269877698071325,2.079341777533925,0.4924600585540578,0.8949138784325473,0,1,0,0,0.2236942644041772,0.13873184878556968,0.13065050572219364,0.35752392452255194,0.04917822938459682,0.8,0.3789745725831451,0.7530167788542745,0.35374133862451873,0.5641242939810236,0.3104287291703901
29.811514238352572,23.849211390682058,11.511921626025606,159.4134299726008,9.242432338471238,138.48250045584507,112.38464641930462,318.4706372120075,1.399871478080809,14.905757119176286,35.77381708602309,1.907668005387713,0.9402839132062749,1.1117400185497774,0.8494821842466189,8.956708418000218,1.3914074268108276,23.941321449905917,2.107536203433826,4.837239428848456,24.005196468100436,1.0846508205564485,35.45117972585106,20.28620331947291,3.632229203714458,1.1999643884128295,0.2878570411239849,3.2797217926841116,0.7929723077625228,0.5669216339004933,0,1,0,0,0.06847462640297435,0.05238754421272075,0.07761087305783047,0.46098128290328005,0.024437824255474805,0.8,0.4262499885940188,0.6238854790162267,0.2410008731738455,0.8428894714655772,0.4440089172553484
26.805306588166374,21.444245270533102,15.118653800707149,164.86328437579039,11.825026978429248,90.13491335281299,264.4066908770883,309.89940378160804,1.1064352151110706,13.402653294083187,32.166367905799646,1.5066089491378638,0.9581547389380598,1.074104011650547,0.9421138224832751,13.727618453559991,2.1534165544011943,18.724423517582103,3.8146941231233193,5.123420107450128,22.459176021185076,1.4272577635299315,35.15350691528388,20.22920470479531,2.1847584973863627,1.787898382165827,0.4617514109973958,3.008036875030222,0.4876261336345264,0.5812912645087849,0,1,0,0,0.44539347639837346,0.1336330213145499,0.2861717453078224,0.33813090336897544,0.0030562092510593164,0.5,0.6174051550446161,0.6599716037475207,0.5372599782888059,0.8018414999821643,0.2614906264207632
30.66173209368379,24.529385674947033,15.962114506387225,150.36889255585632,10.864214516839185,89.34852419877805,153.9324636578195,268.3862135262854,0.6038947811142199,15.330866046841894,36.79407851242055,1.1377064231077947,1.0908248662172308,0.8781136582898288,0.9880509070949974,9.772064151380947,2.402191063722496,23.87933351197823,3.228287691711798,7.882250799894346,29.325414624001596,2.8295466479561053,33.46899289377198,20.132504040755645,4.493790492758901,0.9021151708367752,0.4652369630490305,2.790587680574813,0.7246888935941764,0.8094258149894277,0,1,0,0,0.11848211723005568,0.11903556564290774,0.10783275701180522,0.22777250994814102,0.6680808926476434,0.0,0.7852080362165217,0.511912998777083,0.5511110904525157,0.6810496094022704,0.24460593423033916
31.318726283468198,25.05498102677456,14.047936811497907,178.3621462059736,12.620840743563564,128.72222281666467,116.8294782475806,469.84347587491084,1.2579161407972896,15.659363141734099,37.58247154016183,1.6024672711673298,0.9706170436685482,1.072056642983904,0.896559163961826,6.254222169455033,2.0271258339758025,19.966596914042185,3.5395597495328324,5.482748822686964,29.33055497495198,2.5551260348675866,35.83551488458508,24.672578247393666,2.144576367892628,1.9504080677860058,0.38252852744659716,3.7348104681873946,0.9522787817320395,0.739341408798637,0,1,0,0,0.07246630404948225,0.05420272206790692,0.18502694907138495,0.43114410012059173,0.5555680643547604,0.3,0.5660720549526926,0.5692306162683222,0.33877050111927454,0.43775812907673645,0.3998157805171429
37.36362388077414,29.890899104619315,15.127028448293885,167.49865062047235,12.927714902664395,146.34779401758715,105.09701135964056,277.45712791624493,0.6562797008597387,18.68181194038707,44.83634865692897,1.4628719797414904,0.9543487407789584,0.8527553428606814,0.8811089381432774,12.623919342051275,1.3977147643712495,20.87382736270033,2.6479503285468167,5.918516656041016,22.400826785471935,1.9858851917621476,35.61792942952249,24.740994686908728,4.0488998205423545,1.4344914225702088,0.18594416753494813,2.330096877917102,0.4068579348843807,0.6343566886597836,0,1,0,0,0.08638587920090081,0.07428867707386877,0.21496647751689488,0.4500825986016047,0.23533861722190785,0.1,0.4318721140873642,0.7297345340360957,0.4058506502936694,0.8988804654650245,0.4051395725982033
21.655441155049232,17.324352924039385,17.58214548237534,169.23776655647572,7.15512978347823,87.11036871883242,279.78646854171905,424.24226690906875,1.2194450228833835,10.827720577524616,25.98652938605908,1.278038997001469,1.4686939294210888,1.13085464831586,0.9433210495601327,11.703054690867457,1.2189053395036356,23.29638619985979,2.5395668323314413,4.794232790154741,22.44351770058724,2.951551320424784,32.97961170368727,19.86428426822906,4.606264500712666,1.3544492239998687,0.47921465804723806,2.50230211823377,0.9856016788706206,1.2241030402778423,0,1,0,0,0.5406148410496642,0.06711489186355726,0.09868010319258264,0.35482906498628436,0.24440926920967154,0.6,0.7762464610251201,0.8128815913625804,0.46672833965150784,0.8486759821457803,0.27571170105248854
40.842921638006175,32.674337310404944,10.858047156835319,206.9697772720341,14.670745550370812,76.51758815254462,255.01515203928332,215.86709811480662,1.189047156674523,20.421460819003087,49.011505965607405,1.415417902995662,0.8284991450693975,1.0374950019587819,0.8359735063403224,13.936141618550357,2.333344282254939,21.355071101270855,2.783306899860558,6.185245265561464,28.034662829916318,1.1133089724549015,39.867524143832256,19.428500682365737,2.7446175342867702,1.60468229481137,0.34923850155622876,3.0846357801590765,0.8447305131163889,1.3406989034767762,0,1,0,0,0.2828918299789517,0.15865919194892728,0.20888238011787233,0.2560317753696136,0.893891921335875,0.4,0.3264265707118221,0.8581178779687401,0.5513195013109252,0.6542641263000621,0.21063269704276208
8.32696439639603,6.6615715171168235,11.064254234401783,148.34938086844426,8.100677776472148,128.10481027656326,144.69806088177782,476.4260057228746,0.5390430090278321,4.163482198198015,9.992357275675234,1.4073397338012776,0.8608405595465678,1.0435208720403517,1.0968157447378577,6.25968616888414,1.3183695753779714,19.391497687932056,3.056457258535802,4.701948646475304,25.010219440884253,1.3226565327640074,31.2175347939926,24.322653535223104,3.3993524250610436,1.629284229206844,0.3215652575605922,2.985015410280254,0.8978702076154554,0.630838600852782,0,1,0,0,0.3993560537849817,0.10303971583751698,0.17406635792293174,0.31235984532655003,0.5877192903887977,0.9,0.4758610099858225,0.603837849085711,0.2439131188985083,0.6816373998185977,0.21972964028676364
20.257930521241448,16.206344416993158,14.22521669736254,125.80886744523633,6.505895874482745,87.9999123497617,138.90320065767685,458.19540379132013,0.5739986358843252,10.128965260620724,24.30951662548974,1.3703883722274264,1.488243242028711,1.107655408375844,1.0271630661787545,9.522591817557503,1.220903632396906,19.628863110090812,4.000871935637164,5.885963233163802,29.551380406569557,2.9250189239941378,36.0967733279136,24.25113623873641,2.384427581960482,0.7228067433457448,0.2932531865817214,3.111512033949796,0.9652607713281269,0.6716615791443783,0,1,0,0,0.5929553328605057,0.08336553987171762,0.15056892090325358,0.43146783276033573,0.7030455769214617,0.2,0.5875121440122506,0.714163633906597,0.5894255601691487,0.46226448188729047,0.5722605929098303
21.623118981740035,17.298495185392028,15.76361799993509,150.59682707309688,11.098493407970176,141.24696385337268,219.27624092305285,257.918941219629,0.594245028610736,10.811559490870017,25.947742778088042,1.2869404279605838,1.4632182619008618,0.8806166569741155,0.8154714286995024,9.271812080592209,1.557394494539306,22.177222541453055,3.1341529425516215,3.962940902967998,21.127530770017994,1.0548113136368849,30.408405748788027,24.83286274074629,3.4662713457040573,1.3778493420489695,0.1752176400692793,3.778653697715417,0.7501213447113892,0.6229210100187452,0,1,0,0,0.6041976408602507,0.11125813862417414,0.15180533181318245,0.2882121092168056,0.6113703921413184,0.1,0.454738041054921,0.8275386769583439,0.20517503560673445,0.8941827498180648,0.38248502347867297
29.593488606707066,23.674790885365653,10.783637215949492,180.71910076903123,13.033056414512055,63.40083623531662,139.7531896787816,457.9588007009628,1.476144238180987,14.796744303353533,35.51218632804848,1.6396785379462857,1.4949409398034268,0.8239343292572219,1.0944051697360746,7.310521445203636,2.647943462552773,15.673356783620642,2.2319149315898925,7.783300790159398,23.24104312936384,1.5772095113565936,39.92090164900274,20.73711426297004,2.039244811535754,0.5689374794022639,0.25887110987276146,2.6038550510183707,0.5174378728788925,0.730003647815684,0,1,0,0,0.07009400931060582,0.14135996763082312,0.19204275494293913,0.3099810034078522,0.7724034515656315,0.8,0.4658695130383552,0.7046112190195429,0.5820703539193689,0.45197870777284244,0.2623151240311004
26.581887425225588,21.265509940180472,18.376511136669016,157.68222335249143,13.989039153439832,71.99262833800549,216.20025115155772,399.9572145952293,1.1973304721765856,13.290943712612794,31.898264910270704,1.6831421181983828,1.1831183542609174,0.9743404274326939,1.0992690016748503,13.595859436784735,1.970984615582842,18.52115050761904,4.43327367025851,3.278353618647274,22.106783297558835,2.9965486759848954,36.20087981511758,19.041640688904607,4.61104522033069,1.7105783304926276,0.2611313835550234,2.2581215701913893,0.38169129278816377,1.4940666798839655,0,1,0,0,0.18981678949664876,0.1502680699774473,0.20994012205447,0.3875752001485857,0.12101780563965216,0.8,0.43942115133995796,0.6154500371722043,0.38740491496487195,0.6750299771190993,0.31091352440986875
32.41410056642003,25.931280453136026,10.72157296711394,183.7046625853986,13.892881336575703,79.29740858782856,267.4915995864677,246.39803629814799,0.5699709997358301,16.207050283210016,38.89692067970404,1.688440048415996,1.1625384562566823,1.1676160758892389,1.0141227785334288,5.438883880418698,2.0433177022618123,19.601870549050624,3.2631707565357555,3.659459364016482,24.615472080502173,1.8441804000756596,36.38299322813457,23.343475783078546,3.523427986899145,1.8692784590755274,0.3418687454946199,2.7938491123746836,0.7991253429674533,1.1397928781999642,0,1,0,0,0.4915902091969883,0.10516321551380774,0.15259680393628483,0.2028086139164628,0.4783317687423494,0.4,0.48208168422494513,0.5518079997172326,0.3713659123179126,0.7769063922788066,0.21055872126899106
15.146817840304305,12.117454272243444,16.441075191337923,176.73612991005243,12.043169156294322,87.01407806414063,190.87526069561915,289.3853095091104,1.484014774039613,7.573408920152152,18.176181408365164,1.4631446451885646,1.0301435442230824,0.9439609139288831,0.8569859086519873,10.197692001824272,2.6062393602805227,16.265004620594,2.40760105050999,7.888965293720936,20.2812783423104,1.3283283362285092,30.135244169802966,20.4994531614771,4.379250862728376,1.4858071856241555,0.255160677054336,3.938676145653904,0.40283797516557535,1.164868160984595,0,1,0,0,0.3332765371923089,0.1510081127087583,0.23885445064136146,0.22012240250716364,0.1565739485313581,0.9,0.5402026312514303,0.7768445718730395,0.4063299344329715,0.7179832904319675,0.5501377502851983
39.315987289859876,31.452789831887902,15.40826462528015,171.82333872009042,14.66268378143605,143.776773417808,220.7322682470851,404.1331976132217,0.8954443521284654,19.657993644929938,47.17918474783185,1.672728186295224,1.1877628431586946,0.8042355604887068,1.1694993172791754,8.227471601383911,1.3364022431897762,18.932034526864726,4.061376105217731,7.771376154104895,27.150685072343013,1.7788669290727048,31.134437977612297,20.924443009420344,2.282869930861103,1.4115827308784783,0.4321881381350734,2.572593560549944,0.9017939078622541,0.5355054732701258,0,1,0,0,0.288307170182785,0.05666644730665679,0.07975133375057625,0.33823420906139817,0.016816524660444365,0.2,0.44184972938656514,0.6697458720519828,0.39641690513523276,0.6336535711115423,0.4121857540609447
38.92585023156792,31.14068018525434,19.05451870659455,195.27535487264177,8.48822717041923,75.21723173811473,280.90107295506755,248.55876977758874,0.8278218000498536,19.46292511578396,46.7110202778815,1.3065102462285927,1.0398794252983177,0.8950771859374453,1.0051101866544883,6.679461477944128,2.673984148865474,16.27517034228964,2.608860784631343,6.427286704964495,26.68022445368276,1.030237033132393,37.65408886521024,20.12735354261391,2.780062724347793,1.8769298087924149,0.22159593538919822,2.849951150625284,0.6553373797695319,0.541211549871242,0,1,0,0,0.46555038049697917,0.0821161032868823,0.2572501951951416,0.44229381218322855,0.8734125486627264,0.7,0.563634873417032,0.7783495115407653,0.40835747239911835,0.5302002993801753,0.25569373363819964
32.92418782430024,26.339350259440195,11.189345127475816,162.64599483604204,6.877214512011697,116.37759687688961,269.2228501081513,372.02282122579066,1.4485099109174846,16.46209391215012,39.509025389160286,1.9128263129238556,1.046015319756834,0.976157697543731,1.0736440852484885,9.075738908146977,1.8093465636248336,19.67557164661187,4.459826611776622,3.7272615540921996,29.82204874983603,1.3658646253906959,30.99920180148732,23.340876031448808,4.747565100477909,1.9349824807695604,0.2967049155787457,3.281909766808421,0.7811695004553324,0.9810933841302195,0,1,0,0,0.2793687612456398,0.06885599403950321,0.06340091584865021,0.35061117625153815,0.5602895993196076,0.7,0.5108502439528697,0.8360295240685214,0.31004651825262414,0.7375049711159471,0.30483805630561867
30.547326760605397,24.43786140848432,16.242315431047096,197.38193043243697,11.360607371221132,83.64003189571062,218.4846774649663,417.4559288381397,1.4588059960381206,15.273663380302699,36.65679211272648,1.6482054499994505,0.8521028236547853,0.8835161335719174,1.0967063220757471,12.014891489019806,2.9875491172523945,17.177365591892027,4.548194252805326,7.356874840488557,20.39766074601274,2.472541435998795,31.68016354469464,23.81368375928,2.055662289829474,1.5596256944410571,0.28870840600624503,2.362957879676121,0.5771471670320634,1.0281281992279112,0,1,0,0,0.6164832995345612,0.13943265764052587,0.25120512771719766,0.3215224471501725,0.70911024454375,0.0,0.6367795197613513,0.5840575948090382,0.29469378481724895,0.8043682036593112,0.5315176220994967
50.908285997687415,40.72662879814993,14.297684056197054,144.6371096094618,10.423882478002717,92.56987624508943,225.55881402884683,218.3446660214531,1.3443744827427277,25.454142998843707,61.0899431972249,1.4488611033269643,1.1609938919637868,1.054292855104375,0.809256370365035,13.743467640972964,2.337495724154742,17.809270634517,3.318982241784189,6.807010050227872,29.896568943377318,2.4207633412572367,34.94496140321427,24.244969252672686,4.400870159867307,1.752966521976019,0.3309916976457646,3.875795462553548,0.3552263156812574,1.0702062150002765,0,1,0,0,0.3604685900740714,0.11416789674851519,0.11769111181396436,0.2661213859334421,0.5150090334178243,0.3,0.6945626308118238,0.613531232693161,0.3291398686606649,0.5021892634815864,0.3217019769059094
52.41485959412715,41.931887675301724,15.424490746834817,216.08175670062056,11.638472553783824,147.19071544898318,266.37280359188895,252.44336153205666,1.3069537559364672,26.207429797063575,62.89783151295258,1.224356340110115,1.1658623998728852,1.0651455474293614,0.992635432686241,9.35114475147287,1.6000536742432108,19.837868600142727,2.2267706581354307,4.538443795535374,20.053047321746153,2.7427443777889424,32.92837715808228,20.839129955223235,3.687432986523224,0.5777098075994463,0.48471192655566275,2.8150753925792618,0.9114063717852967,0.849197488159773,0,1,0,0,0.4533613691589563,0.07018447652714961,0.17003746289775684,0.23353311936595555,0.26653276202992127,0.7,0.4518932200510566,0.7196714639660823,0.4616421221682924,0.49768439215267307,0.3875129363247928
29.32902190355829,23.463217522846634,19.49013320936215,167.419175903709,11.651641200149253,123.72466019214605,105.0277519894522,234.11589713519805,0.6093124086480713,14.664510951779144,35.19482628426994,1.996414436104179,0.9600829624632894,1.0469390705694834,1.1300247158311214,5.413782095428092,2.108607012593611,19.81287704129772,3.775376544505692,7.5767393731869515,21.615376986078594,1.5658646522747421,31.68976092415407,19.829841436556386,3.6688680940810485,0.5366305871365331,0.3935449741702157,2.72511364099672,0.31868849305134617,0.693460087471294,0,1,0,0,0.0628481547415812,0.12305562754487628,0.2687416614094117,0.20231380717761818,0.3874976954392172,0.4,0.3575394213640248,0.6796730498187167,0.6172396119254626,0.7420993675331966,0.5637472104373118
33.052536542000624,26.4420292336005,17.478319493030156,180.14915370424322,12.743806850014408,88.75584860192822,246.02311089398964,262.8794058945134,1.426443739548567,16.526268271000312,39.66304385040075,1.0845583079645003,1.1869719938647196,0.8486868195321075,1.0677248849357677,9.512910818771608,1.7103642516720594,21.903620433133195,4.148565264319265,5.222630366849458,26.49999441052131,2.0764540070013275,32.42964695591525,23.067496678856138,4.144824450777059,1.8117050915917141,0.19630092087523876,3.4151892291089867,0.7969968954855886,0.9896123437778148,0,1,0,0,0.6983544561314485,0.14235018458328305,0.2808856308905678,0.21952813263814222,0.09692494025866938,0.2,0.6633411384495402,0.6070452974730989,0.5837718340163244,0.6797632783582054,0.28744238457002513
24.68802639143478,19.750421113147823,16.7110423752516,142.9714512879118,14.277719112300153,73.64766080401839,177.5901757479047,394.8172038221396,1.2174911909394963,12.34401319571739,29.625631669721734,1.8915177548133593,1.0686842433917525,1.1563964321358813,0.8155764377568369,6.5263588708145654,2.327128888255152,18.263353307429472,3.003999309340759,5.757909129632407,23.380231879844743,1.6813227944071203,38.214255251714626,20.713191719906476,4.683046752751773,1.7149226253727776,0.3766372683675844,2.5776157979057257,0.7999058135531585,0.579061753533207,0,1,0,0,0.24853960501575867,0.07888765646199493,0.13011058415360385,0.43263482446586293,0.6919500930384603,0.1,0.46398866080244255,0.8267384477743118,0.5562770982604132,0.5910373733550967,0.40858386730621266
29.537279662900808,23.62982373032065,16.218342594748293,196.72839252724162,11.339343384197333,102.88960318845598,241.4208227363753,229.7349581514841,1.113499637937476,14.768639831450404,35.44473559548097,1.9679653163487307,1.1275794355418023,1.0200708208001679,1.1865065853134518,5.45025507650236,1.2872842445062322,22.378986853244587,3.0020372975003555,4.2049419731648765,29.27014805609053,2.0458638148038313,32.54568432859827,23.953698940053854,4.356656878698827,1.5137860096115925,0.4001979591908399,3.006972117543121,0.7288614005651699,1.2745463126044605,0,1,0,0,0.693553138755858,0.12955430916624455,0.2543850082898676,0.38936558247520586,0.41466879668222034,0.0,0.5598218781749686,0.8803227048879312,0.5365972969767268,0.4686307495683105,0.3454786227874361
33.6502951830758,26.92023614646064,17.549470456149585,135.82457484238037,13.788732374546157,133.0666704762072,175.059372348658,440.89204156121747,1.337129072986126,16.8251475915379,40.38035421969096,1.4840627114769682,1.4101154146286559,1.1655478212698254,0.8867896426790843,10.458843074217445,2.0567187121980144,22.523701716126396,4.8956838311861866,7.777558542108041,22.033978853160995,1.2955489603606778,38.62826193317996,22.912796256719748,3.947029227976931,1.9132594227100919,0.2943140628677413,2.4259812470028796,0.5114611120667621,0.975847546661494,0,1,0,0,0.3554527669399035,0.11809428504203622,0.29035630609184093,0.2570339603020564,0.747711856323624,0.1,0.693133659662208,0.6442189767979732,0.23922579724960585,0.8120113808193015,0.24212213508658886
25.398758680178727,20.319006944142984,16.115995310095258,162.92153801183392,9.80450513830542,118.96615819599809,295.58993435128264,352.57308210818803,1.325203255654206,12.699379340089363,30.47851041621447,1.1681356275777424,0.9074417669612261,0.8484049921128793,1.0089434641064756,10.074339714182646,1.0952230978656798,18.546586944363945,2.0927973628080725,6.10007003449907,22.413929273846218,2.3932193942651603,34.64444865393384,21.5285767678093,3.673651941470734,1.6802717757466588,0.4650409814995403,3.128334110757373,0.6331516752950264,1.1522961216803598,0,1,0,0,0.5151596175376996,0.04749508877743321,0.2553373616720564,0.25854937524721405,0.02053806142509862,0.3,0.4033274848654528,0.8174494149645934,0.2209776934327785,0.6218690364421994,0.3808155247273156
39.69534354728447,31.75627483782758,15.249589839695611,166.23806533672163,6.93771987311314,93.03497465289773,206.75361655029596,425.320162117344,1.3719200690571967,19.847671773642237,47.63441225674136,1.952710310162606,0.8416514569745943,0.8479271372251007,1.19298835681452,10.383445409815089,2.2552893421339704,18.898178683377537,2.188147713481055,3.2279708477908047,28.372200008762906,1.867718674894627,37.964287304752325,23.969915116316166,2.9522340543953858,0.7185100295071836,0.14195409495506858,2.790023912208931,0.8379093251781209,1.308080482985488,0,1,0,0,0.5903999992563037,0.049528930739908654,0.2963944914876943,0.31573303551055626,0.2816597757941516,0.8,0.4182640399440781,0.5014478157052119,0.2005896997239544,0.5996095996179323,0.5165501204328373
29.07483198750192,23.25986559000154,15.556176352202275,164.8247580948386,9.616787223765265,100.93632416974765,281.30341959365114,484.4456142413575,0.7706702751365758,14.53741599375096,34.8897983850023,1.7453130654291749,0.8387245923838071,1.0737665360421427,0.9096213195909755,10.127465030409741,1.8107830667198344,17.812387257145126,2.7140769191129666,6.589772206088627,24.024624806104804,2.6387058366628606,30.80773729990535,20.490324619618086,2.3557155334760624,0.5718406009516298,0.14235713963980726,3.734425999318769,0.8300514034725768,0.8765616438651799,0,1,0,0,0.6719238748950112,0.12878355628362187,0.2561730141791842,0.4943594229470022,0.4380540189282506,0.6,0.596579341184472,0.771818449076416,0.24842160876909009,0.5775479189319974,0.595369589271362
18.68106792903721,14.944854343229768,11.825336827289592,185.16101729896872,14.560402028555842,98.02902742788544,152.2954429323111,342.69445372628985,1.3516449724803032,9.340533964518604,22.41728151484465,1.0192174598904806,1.039346186744912,0.8252230284419325,0.8395591055863095,13.718946491589778,1.2323417386107047,21.55515340051969,3.6158677492768776,5.08289941586451,27.216814024269933,1.131496576130272,33.784438099423454,23.205277867485282,3.8444906385440305,0.7026218495828498,0.2388263252474254,2.2319836095492356,0.8094959206795243,0.730764134534183,0,1,0,0,0.1740094224448846,0.12188203416763083,0.19656399489513685,0.20972191911812263,0.8283042037132603,0.0,0.7425908406030786,0.649755169011078,0.5839141239590498,0.4269793432791603,0.3659595304615416
28.91951034025723,23.135608272205786,15.194099120325308,144.60755683056382,5.45170470219098,102.12085196467007,230.34042392355317,407.6152713955156,1.2209133952045925,14.459755170128615,34.70341240830867,1.015517419752794,0.9382797612167124,0.9435193590373202,1.048608975836713,5.808568723501293,2.199256581089794,17.49257704475501,3.2355817438157812,3.6443792788757676,23.98426677637987,2.1100206218985775,37.461704551129024,24.103647671313315,2.2081821521239617,0.9304071422452914,0.109672665270192,3.2590293635564915,0.31274233959376174,0.7482971478217216,0,1,0,0,0.45955678688333623,0.08984347388176339,0.13917062042591874,0.24584639368160374,0.2742764060488922,0.1,0.696055200206202,0.8673274795054254,0.39589661659235365,0.5584662260082813,0.26975135936258343
18.455785295513337,14.76462823641067,11.001337806824822,154.94923730013116,13.441553923648431,144.62747213199935,174.76331125587518,245.81413828834314,1.0217958336719004,9.227892647756669,22.146942354616005,1.9537797137914372,0.9297861608831114,1.1274185966906403,0.9818229749606158,5.688098804586824,1.6981308195685227,23.22635531585992,2.550807576626352,7.623078176309895,20.32645391052261,1.175371422307699,37.34453420958826,23.62572367734504,3.8110701041255055,1.9516107989420375,0.13011972222379092,3.238210686744793,0.6492136506994144,0.865268111863064,0,1,0,0,0.5320497865652181,0.053274627974650296,0.19634049116153116,0.23940514291332218,0.6062865934723928,0.2,0.6817475579731287,0.8509883558096365,0.49796511628012396,0.539406289510209,0.3336196633514762
40.281614817564176,32.22529185405134,10.138378179090639,217.85564530255184,8.354057553275819,79.08715292472824,218.79564153699118,462.58779625961796,0.5385763557085184,20.140807408782088,48.33793778107701,1.3423868594534576,1.4806356984970033,0.9029487368576545,1.0991483112048608,8.342890385746944,1.9303589309168416,24.40588806180419,2.587741094444886,3.13825426785336,20.59290850122223,1.9703129619890212,30.059337819920067,21.504320053903502,2.778042640951552,0.5101810773438459,0.1615628937703365,3.209708057684293,0.8026674877636288,0.8165619988868,0,1,0,0,0.2948098489658664,0.0695468507373817,0.122130290732479,0.4822126404583718,0.6102658909038845,0.1,0.6509099791070195,0.7052485811081953,0.48017721969238497,0.7388472123550285,0.3099363014481266
19.312120996454983,15.449696797163988,10.404538950221307,158.73796658112474,6.615263734724211,133.799661725053,125.40354647714165,249.4883116566479,1.4487167331967046,9.656060498227491,23.174545195745978,1.9727239503467313,1.2559150146682696,1.1594985367979003,0.8563072215994368,10.884788870109343,1.450722705534058,23.661314001520907,3.7405637953578648,4.417549174671132,20.539280413272188,2.2658735119647204,33.09215088051519,19.99343820464377,3.502554101775543,1.4422732014511683,0.16111514032017463,3.704522363755606,0.8504018284853676,0.6495947941571057,0,1,0,0,0.6860993212768155,0.07338991681955785,0.0630443919141654,0.20563360474937192,0.3582502105877865,0.3,0.3215871565971109,0.6851586939536902,0.36125280064210274,0.5669528653282192,0.41153585235979395
54.024119610488796,43.21929568839104,15.960899000521183,120.81489634885374,7.975589612911374,146.90384886393954,109.2332773367205,460.22112828300016,1.2303292627876843,27.012059805244398,64.82894353258655,1.7115397934720442,1.0650604887719015,1.161513952412301,1.130134099348532,6.873233197880429,2.754307692530403,23.04803595025445,4.001079417348179,5.414106692663063,28.022443659758217,2.211708704430973,31.516697323176864,18.4429880627042,4.454766134464571,0.5044369663955743,0.14526422242073883,3.9061062646420126,0.79737168555152,0.7721945787349956,0,1,0,0,0.6878140315802511,0.08933429036384616,0.15261673212906357,0.38837961642029484,0.518116158297219,0.7,0.5713590223258191,0.5970930761945186,0.6767376442224328,0.6019286522552938,0.3144331102396548
26.80738461467092,21.445907691736736,11.335100437652587,130.58804745356935,10.456958237563729,81.71998245363956,135.7339924877305,487.9519489003726,0.633395284838735,13.40369230733546,32.1688615376051,1.8796114457713387,1.1053843703641912,0.8237017115233377,1.0581277798257984,9.020725282526605,2.5298485924857914,21.702692843115173,3.817322550934117,5.956795545085167,26.666870284003345,2.8084034947980383,32.62805276695883,22.2062814488876,3.416928755512363,1.6291493175705118,0.21314766357544454,2.461805919576853,0.35038423285498016,1.3648093145247673,0,1,0,0,0.2511924887364481,0.14744526382214113,0.11197291794093439,0.21002579883404976,0.47129580504650737,0.2,0.6801340056993428,0.8478989250904234,0.6180570624907706,0.8677622782027992,0.5373539310602227
31.86572836329391,25.492582690635132,12.594499063237459,190.3966128543921,6.455196636956768,59.76565399433342,169.12513552880984,415.32227850179714,1.4036386845216335,15.932864181646956,38.23887403595269,1.5066484229406285,1.4396360375375052,0.9850602761496795,0.9680607213328255,6.2626222486255205,2.3828118316727087,20.646108894263847,4.78599094215106,3.627535456670461,29.15221532566258,1.2530266000501533,35.067967203256075,24.12071203176243,4.167015704645552,1.0755875142910691,0.3295971981315271,2.8928658333407524,0.772249863028057,1.2270802185779184,0,1,0,0,0.6571000611319754,0.12156445362173741,0.2917606601287086,0.29366420739795546,0.5498510673611796,0.3,0.7399100378750145,0.500232177856228,0.41765197211592453,0.4272114520031796,0.598177139210659
33.538802853893834,26.831042283115067,14.55709927530707,222.95338186145327,9.778552038639571,55.020013601765704,272.94609260569166,378.81609987699505,0.5870241631878345,16.769401426946917,40.2465634246726,1.1777999158215287,1.2018760403702238,0.8225800200479202,0.8543795619730468,11.420542692587048,1.73196307105987,18.23535864313669,2.3024429532162047,3.1695295318465866,27.675024216224323,2.073838734515656,38.12252438255502,22.106585945652903,4.670431492045058,1.2993283527833626,0.17064912491484902,3.0746189734898404,0.8137415118082294,0.7269913584005121,0,1,0,0,0.6748561099232028,0.07815679886690416,0.2534043778848018,0.36916189816383976,0.02883431462206254,0.1,0.6967602869924028,0.8483980055838853,0.4662791856333678,0.8134639216097703,0.44738011044107573
38.74828556440919,30.998628451527352,19.20815609928295,164.8684258185024,14.447524751729283,55.24372114625407,282.6782400442685,234.09288061901995,0.6414808863565791,19.374142782204594,46.49794267729102,1.4860429130100692,0.9487244164441782,0.9689421336769186,1.172729292121764,13.283909377827205,1.7201230293852816,18.792958680047256,4.086388711410281,5.768536423577685,25.78720043945013,2.6226209657435033,36.67979595107896,20.709895308495238,4.740992800541388,1.6195716460493956,0.22440955800451057,2.9856155371826647,0.31284523357549043,1.1391795103471807,0,1,0,0,0.6339472342341221,0.14627389026385543,0.24841708899707332,0.31946490163629254,0.6418886622375937,0.7,0.7139306226927238,0.8060358031958135,0.5651180147920365,0.6767180077170747,0.3951445639682265
20.1237120172528,16.09896961380224,13.571056578312163,158.06301607541025,7.164886414998297,81.77110210244251,190.06328385011986,466.91785269974906,0.8781957277486644,10.0618560086264,24.14845442070336,1.8063743599607816,1.0999180286981662,0.9395136014689746,1.1532953817708582,5.7692628957663,2.0107700542546714,18.782594468678692,3.367908543343251,6.087897835009944,25.03848678785201,2.2691524647688714,38.767693094564905,20.919717032938035,2.346887180549321,1.9241097184357043,0.4676282119977081,2.1709411121608135,0.7304128394659433,1.39396130602875,0,1,0,0,0.3907597280958668,0.040115651510553844,0.09922558457378346,0.4003562671965007,0.42790621389389594,0.9,0.6095509160712773,0.8480075549495352,0.4647325521633152,0.40185507851598024,0.36055717247992125
27.882294707907644,22.305835766326116,19.076626742410642,143.32035760990976,12.283507794521398,92.28848753229673,267.188505954541,402.16904543262024,1.3023760876232022,13.941147353953822,33.45875364948917,1.6927033174529258,0.9969299389184146,1.1372211800035315,0.9625186370487415,9.579547298263165,1.1400324800221109,15.324823914881918,2.4779629169119484,4.893939558128084,28.70313686182179,2.5630476362369805,36.12335397998152,20.70997271310368,2.277245641104378,1.9442828844403461,0.17743721234254567,2.1372034576412005,0.7233693980924372,0.8578001532167229,0,1,0,0,0.14566412986527885,0.13764882782008667,0.1542351387399955,0.49131690149569834,0.4312482403662744,0.9,0.7026129391964842,0.8598574451593846,0.6251105910667698,0.6072254974019397,0.2327636679194896
32.82698932635345,26.26159146108276,12.775883183779836,164.8965658550677,8.648633179837727,124.64329639462308,138.76889415067447,309.176360840048,1.118320243900835,16.413494663176724,39.39238719162414,1.9665030152172802,1.1885863155311815,0.8781982965001517,0.9690692576533856,7.265779139824197,1.7228813294676306,16.21727555798177,2.972010360882474,5.547973887169134,20.619624047455865,1.0438781237613413,34.20248196676796,22.533768148915247,2.6534834798670355,1.1832169995939148,0.22342377205774958,2.4879431735304776,0.7669690626232212,1.0412957788281565,0,1,0,0,0.6208967427005654,0.09657983923693247,0.244899323087698,0.20810556907632838,0.40412540273359326,0.9,0.7174591141133869,0.7959933231803655,0.3202352894430183,0.6604188224983855,0.4798918567906573
16.046341724061627,12.837073379249302,12.04425795832127,162.81817923699765,12.276444004459272,81.52984438216846,293.4340362192502,343.03563740020604,0.9743765151689272,8.023170862030813,19.255610068873953,1.387096199998263,0.8474270901274111,1.0251373551835334,1.147744342274324,10.085044209117207,2.859282863328535,15.659642401334317,4.706476295917202,5.413254369457723,25.323033673438914,2.7129117408884538,34.82942195849059,20.128926161364344,3.689094401766787,0.9317717452599771,0.47011764309659565,3.171526691386515,0.734747733755674,1.4707314948061936,0,1,0,0,0.38632674985275445,0.1498422401755409,0.10768297848244987,0.4201568105136226,0.597701374579103,0.4,0.4807977908540042,0.8458397102865451,0.47990224270631304,0.7652358955163181,0.4137440332509026
40.30967191113805,32.24773752891044,18.820664365667408,168.23036845588285,6.555948692676326,83.19204915056227,260.8488984600582,248.69813729983537,0.853758303830681,20.154835955569023,48.37160629336565,1.3441648074639188,1.0937680029670822,0.9857705384152989,0.8352656855477902,14.453049473565313,1.4894715008918045,24.341455421920365,4.585711111369489,6.645477019110768,27.46675583983742,2.580525332856091,38.57789742528449,24.496106678174854,2.080156700843938,1.680783043636127,0.3252580163371258,3.749530613533498,0.6885292758594458,0.747150470319303,0,1,0,0,0.5121919311338833,0.06312191987737138,0.09809010317411804,0.3701284779576631,0.5685714041379798,0.0,0.6284498501314048,0.5036989980041162,0.5510366958158806,0.757606648704862,0.2857788664095676
28.363951304123507,22.691161043298806,14.37021976957428,130.97437083571197,9.296813961316536,77.28269086959295,238.10121327918395,370.8574902436672,0.6331934251567534,14.181975652061753,34.03674156494821,1.980363128574414,1.209942328485715,0.9292981270398695,0.8322930660302129,12.60510364843163,2.8550659594917365,17.55299510275006,4.6958097094516535,4.918692720367194,23.864925010137174,2.3193210617105713,31.931614390803457,19.49833236828344,2.826062855321636,1.5056036947104314,0.4242254589493676,2.115647034406395,0.9682525360074292,1.3250221717103228,0,1,0,0,0.7092429473042413,0.13915146470334883,0.24020600064853784,0.3423252446363076,0.07411754325138066,0.4,0.48200834065071196,0.669208415826658,0.6307044254006877,0.7314785377128619,0.4701470434828713
39.52512139092812,31.6200971127425,12.495254653656545,166.2354220422516,12.489984813378385,85.74031845631816,229.93162212062458,460.0787779156333,1.0321545338864329,19.76256069546406,47.43014566911374,1.1493496531567575,1.2221493745043892,1.017052971991424,0.9118269835409089,10.521350538682368,1.0117240024146092,21.792249057975383,4.949560263665557,3.163211108401455,24.235646240169004,2.3064813139241136,35.44083632388553,20.26144336117614,3.335363163847381,1.5880393874397278,0.2098660598873993,3.954862066358028,0.34082969780097316,0.7946975313428137,0,1,0,0,0.3524230563374142,0.11126442279025812,0.18431877666549606,0.23471799149242323,0.8896229261249456,0.7,0.3594437436381676,0.5066871540074616,0.3980025581175768,0.8840714126656568,0.3142347940285949
35.913993621191665,28.731194896953333,19.736862832153943,166.20639815871627,7.641488332784404,78.67188574569593,130.14727315788298,295.1172133034982,0.835929503804515,17.956996810595832,43.096792345429996,1.8842421289545686,0.8899000950799489,0.8649433960599886,1.128064996444068,10.48939453035288,1.1420899652904397,17.83590516282546,4.660549584830266,6.348181489227967,22.36027641711133,2.049577239834221,38.26105652597734,18.298791453977554,2.753395031337795,1.7634611966202485,0.44902151348346064,3.7968787465563825,0.8074550034146095,1.0445366685053006,0,1,0,0,0.31208838733046224,0.15241312349911976,0.29202416682625487,0.26087848360601085,0.03606130786485673,0.7,0.3835763341653368,0.7548354554663437,0.6814745749280536,0.7608155503729582,0.32077804613884864
13.597201782187955,10.877761425750364,12.408659455397402,168.13013612212237,14.833741615103953,125.3174900425915,298.0238217986868,242.21115736615891,1.4355801387334102,6.798600891093978,16.316642138625546,1.427812083399986,1.2090877446901298,1.1200739772927386,1.1573022742849857,12.177249410782132,2.073810623984798,16.606113639307665,2.600227340908156,6.230571609145572,25.559461570377955,1.2625195632467028,33.74316929455388,18.358432030428872,3.416104371461122,1.5720824288885926,0.4662131443405315,2.615150477329018,0.6668925270455762,1.4053640105102103,0,1,0,0,0.1823135229558593,0.057183355773595075,0.10067610958802302,0.4595339335871496,0.125899333823152,0.6,0.7607859325771317,0.5493108171775669,0.6305310421163848,0.5618526198344461,0.4694130799892497
12.580321301716086,10.06425704137287,12.808782822446078,126.46175273120085,9.094214848136087,142.93747128879312,287.5476358597374,471.29598596702726,1.480869482033499,6.290160650858043,15.096385562059304,1.6148446158358316,1.1198067136994094,0.8322548186621205,1.1228881080220632,14.563310037490655,1.2835280188276676,19.468709751839963,3.234401715627835,6.876772920781379,23.568174337005566,2.658732197541575,35.89101526738457,20.875058604534686,3.850589013488746,1.5588055011801183,0.24979791160218243,2.236169377894706,0.940659422035331,1.1760379347828833,0,1,0,0,0.17544762034010075,0.13599641209826538,0.21476610469080917,0.4957127510792986,0.9116492725389818,0.4,0.4347703451586309,0.644029344687597,0.4084852842669159,0.5398777877339562,0.5686679999232085
16.02948337539754,12.823586700318032,10.455218346442303,162.54196337286493,7.94480681522065,75.64672918140644,207.50566248685948,448.3952555428765,0.9347018775778082,8.01474168769877,19.235380050477048,1.656169994370679,1.2289142557383983,0.9998902765213874,0.8477678024029605,13.70521958774921,2.988775147672393,19.549996010837553,4.597811850355034,3.1741707898229583,29.889911310485246,1.0342588101662813,31.39649111089816,24.002701141449517,3.6716548545595273,1.672613115164786,0.2640550570762895,2.365740064293229,0.7182209368822878,1.0022121282109069,0,1,0,0,0.19269739422369542,0.14672817170921693,0.26839178328144747,0.47903719620097024,0.9499497297890926,0.1,0.5003085302051414,0.6631837735573107,0.5317644711314466,0.7375630171399717,0.35046462411594614
51.99344299648031,41.59475439718425,17.55544781964146,160.1822878327201,11.493280286560072,57.731941668901364,147.73758898265095,331.61956050119994,0.5901174321188478,25.996721498240156,62.39213159577637,1.44978565491453,1.4934605144994424,0.8424444452883625,1.1468859116689991,6.535526151449769,2.2625103453328412,23.78989419893196,4.650187723397794,7.946854123712401,29.742720835900762,2.9653488971418973,34.27100127168356,22.111826943491447,4.79821239344483,0.7086324822029174,0.4979721375046219,3.0675651865488183,0.8900857742364028,0.8925929445285611,0,1,0,0,0.2742714515180952,0.08697028185171156,0.2688246361456689,0.4324308347420008,0.1467690483067522,0.9,0.38388550222099427,0.8752865554815742,0.3771932634709737,0.5478808379229136,0.573230400879722
42.913003726802934,34.33040298144235,17.995403084216463,197.11419959657738,11.689973585745225,91.11643020400476,101.20965301459344,358.6983811619755,1.125910091908907,21.456501863401467,51.49560447216352,1.7586373348586324,1.0034341828156026,1.1707377304831605,0.9572928250124146,11.643408119118387,1.9272315757363045,16.406775888152275,2.9627359336250527,7.882288672384133,21.21446422893285,2.6178915997836762,38.52894226111867,22.65214685910272,3.344831810526175,0.9984520937222874,0.30622257612800474,2.08580583829134,0.547981462176916,0.5025636580880836,0,1,0,0,0.2631760975484673,0.12297186788122608,0.29521888034503563,0.319245652410306,0.05762740867974048,0.4,0.7479117854275941,0.695752730991612,0.3190512326407381,0.5806302413400569,0.5113510052155767
21.293098637433243,17.034478909946596,12.685181306922509,169.04399928702435,5.915709497806238,108.0080793470515,160.96924642653414,355.42080402867407,1.1113546890461357,10.646549318716621,25.55171836491989,1.1732502638386617,0.8602212080047883,1.0957281293581214,1.1084150341669596,7.69226722475535,2.476021934838873,23.896108873011574,2.0189474775275356,4.017077163597295,29.80244233343573,1.9359747801313067,38.729983878428186,20.72443375687774,3.8420579399300676,1.3813343190144687,0.18188208319946997,3.080754525031246,0.33151082495699347,1.0750558409484272,0,1,0,0,0.7106718094103173,0.0649648279490308,0.19443384035361164,0.3831869620089529,0.6572986135197939,0.3,0.646057769508244,0.5951986682597119,0.6787317720905139,0.7673633186869024,0.2610188694071382
32.608833590393246,26.087066872314598,13.840503265355864,137.677256899754,13.159603096176532,50.32386229374125,245.3619402431881,365.9375090489457,0.544272063216578,16.304416795196623,39.13060030847189,1.2209735945738738,1.1002082533908655,0.9002631321146073,1.1303414908783853,8.7183508098162,2.9590667013877145,15.845841948675751,4.576011126474512,5.242006540752701,25.919763522668433,1.6704652850058097,38.96764603589395,21.976425701780155,3.784739653663184,1.022782086708156,0.353848584878932,2.5760437242298657,0.5636572575720319,0.6246740462936917,0,1,0,0,0.5436437677337043,0.11546117906087,0.18189842920196386,0.2988904411687994,0.2587237229422208,0.9,0.7983952053130738,0.745368343895211,0.41247932414439015,0.6289874820236221,0.26667116839235694
36.620831832726736,29.29666546618139,17.713070203680644,145.6193667308524,5.267992277896,85.27885493146943,151.2611643741149,255.44192294450988,1.0105172667676499,18.310415916363368,43.944998199272085,1.7743531764195786,1.4714088294217735,0.9082773569821042,1.0754814844971243,8.05241896764659,1.8213439595259795,22.343494587373943,3.78039427765026,5.086894735132539,27.14139309821924,1.7472090535903597,38.719600639538015,18.93799906885384,4.539754253483238,1.2704377105115672,0.2241705266672523,3.3071412212557547,0.33042169926938225,0.6429261779519964,0,1,0,0,0.6525240495724186,0.04515976812171397,0.1587345921712275,0.4080621141562348,0.625713284077723,0.8,0.7227273014730512,0.840825423949977,0.699186245419099,0.8486476547241483,0.4069647230724657
35.625229624585685,28.50018369966855,11.157274600578756,149.6432212873707,11.779403051038901,95.96494952395369,254.8474839124381,256.55455642229686,1.429001814851389,17.812614812292843,42.750275549502824,1.0719107674823412,1.1971363030487425,1.1384808613837571,0.880078263725774,12.372587961542843,2.192055463617888,19.372237075103698,4.298516363813208,7.636432594827838,21.607147082032764,1.4634308045344788,32.25785345330372,19.83964782310923,3.4399024536626213,1.1115482728048902,0.4031577102327599,2.920843963409699,0.5599162316000877,1.15317303579303,0,1,0,0,0.2096023931308407,0.04823725153941718,0.27145528719208945,0.43129555473977205,0.999128469547341,0.7,0.7321782237583982,0.7081732241479181,0.30919646842116466,0.6239882847608512,0.3095206273090637
35.30570298182551,28.244562385460412,19.803669682090682,135.84854575962513,5.501660831245045,102.18903389652382,120.44679750180842,207.76363688017406,1.1723691431018561,17.652851490912756,42.36684357819061,1.1246858732890272,1.1013692319005977,1.1405610039149097,1.0367457138178469,13.08472492866789,2.2593455419263373,24.802015407774597,4.3291915775053305,4.621655074509331,28.537650781203666,1.795244171497681,34.17507613673628,20.076393983212835,3.1526796195881284,0.5924271239369733,0.37260415777862965,2.486985857048106,0.612023897922793,1.4047323185966016,0,1,0,0,0.3023610753147975,0.0710507346384031,0.27957721188022067,0.3887312808216622,0.07358017999708087,0.1,0.47642960348567887,0.6038799117720703,0.22910452241406132,0.7460657343188197,0.3728444183008891
45.06230068677672,36.04984054942138,15.79178090018529,172.31173151157455,9.246941611255465,63.45405392990453,224.6654767744148,247.33761828006797,0.6662837480679007,22.53115034338836,54.07476082413206,1.0142299467768765,1.4211537976390918,0.9684559192286875,1.1345099414543165,9.3280446901819,2.907579617285639,18.700631354404848,4.5095041218485115,7.666736880388106,20.03582340058194,1.1221713685396175,31.671434881089713,22.259899994967174,3.868216319078138,1.4749370810845086,0.28063790071500244,2.79075212965995,0.7148200400157455,0.6261827062796392,0,1,0,0,0.7439302988121825,0.14510946747780185,0.1390463005675432,0.48388249493683866,0.43786191127690155,0.6,0.7659361658006223,0.6595354361482818,0.5209433045983893,0.5412126931073967,0.5525942840948855
20.565005180740407,16.452004144592326,10.098653875394298,163.25640073475756,9.405264712596567,50.88941615626543,217.21291138546172,262.9213213675912,0.6883307591576961,10.282502590370203,24.678006216888488,1.6127302455269497,1.45192377710242,1.0760256307314258,0.9041791428931424,10.61713330212551,1.508497013050844,19.99821510808543,4.591621712506601,4.664410895616095,29.852221798737546,1.7026820987903268,37.51284935022027,19.78350198525044,3.068848856191466,0.7870503413213089,0.3766650831739783,3.679558789325951,0.636785702766407,1.364032952162491,0,1,0,0,0.4057591564536841,0.08683069667736719,0.19730375736607111,0.4452536081711355,0.09376918642555632,0.3,0.6438656314736999,0.8598676023648432,0.546842491489918,0.8276325274510741,0.30048693726102105
48.36434401436537,38.6914752114923,19.451251918108383,157.95946163524127,6.84694751722203,76.8228064146578,183.2564739711862,422.9197288968763,1.3253467262001806,24.182172007182686,58.03721281723844,1.4701058864712828,0.8729217621050145,0.8619709433793687,1.0536442029970214,7.59444675846383,2.242329836433564,20.649794029998304,2.1277802938585504,7.540929199295846,20.03792847405007,1.7629057282546003,37.078870974872586,24.49725673113247,4.4616536490994605,1.2794333711500223,0.10721877853895984,2.843116345394453,0.33210078053688796,1.1818933310714161,0,1,0,0,0.5699670181953863,0.10292896871343661,0.19414820639473163,0.36195632795872285,0.08260114399916306,0.7,0.603450023639249,0.5357250529329572,0.2301250292409971,0.6766387364176307,0.2262153959477393
24.04965980989958,19.239727847919667,18.522635002064188,178.49049312807924,6.916686730795992,78.24069785047756,256.7463415099468,288.08257513235765,1.1906194079027612,12.02482990494979,28.859591771879494,1.886871079760082,1.1173386491000845,1.1311219306028095,0.9695346778173629,11.068449056544772,2.1454603094327567,23.006852861299862,2.8234201836657165,3.6766007644145744,22.65531094595462,2.978372371525321,34.1311310511944,23.38413796458423,4.932880929468018,0.8042568107517609,0.42442082920684754,3.400724463579131,0.44161723031670636,1.0124638075229688,0,1,0,0,0.3501098751699011,0.07720587978702269,0.10391721127924085,0.4845800236860071,0.7859150384315107,0.7,0.4905631602831608,0.7124731523087606,0.33218113027538376,0.6623561241933156,0.2497625366097235
16.707114175868384,13.365691340694708,15.300817390011538,154.75974359518963,9.162412685114436,124.03310634933594,218.20706801650948,468.00383003067617,1.3466166211907873,8.353557087934192,20.04853701104206,1.5403429358942953,1.0301047235464773,0.8271759701717576,1.184275413924348,13.757429744853658,1.4637565689651308,17.23076489318711,4.9590589291114,5.008022575799128,27.008071383429726,1.7925704271678082,34.92419990252682,23.00372006289519,2.3557386054508926,1.6759371595493957,0.248846780814386,2.6623132808686716,0.7571994780648276,1.3646908318872435,0,1,0,0,0.6246548709117945,0.12857051638377567,0.24593353041981791,0.34617562564477383,0.1122752999217993,0.2,0.5249299480711864,0.7390365329139622,0.30803536026310363,0.622621152704022,0.5964847605796743
36.772294929137644,29.417835943310116,14.843697764805922,214.59706124245633,14.45700733995244,115.2362371509988,245.48606432244748,292.7864242715349,1.4515970357463086,18.386147464568822,44.12675391496517,1.5206662766478862,1.1005344371520827,1.0630300801081773,1.0632089846456432,13.18110455999176,2.960642772638485,17.59325355747249,2.424625980767612,4.101763346990824,26.962029208785843,1.4224681375730923,31.99801962317257,24.005192640154434,4.245187997306719,0.7771886091726531,0.292317656432579,3.37806445278713,0.7593178613396372,1.043149743384766,0,1,0,0,0.18442031470210793,0.14939848868867955,0.1566604585092821,0.4471588876324383,0.27939711557672,0.3,0.3069140830203914,0.6257550568965571,0.21964548473250667,0.8616628296584312,0.2447140505511133
26.439498105438464,21.15159848435077,16.029719170591655,188.19685361968322,7.933985270346874,132.46740780121718,193.7745585348329,484.94636266612105,0.5410342614135651,13.219749052719232,31.727397726526156,1.4984240029405802,1.1896845027940208,0.8031588621066822,0.9614473002124475,7.198620512763677,2.730767133390949,23.631894893807882,2.8781967599689384,4.331463630382235,27.952862218887773,1.4198884003438292,31.387840016639764,20.33175873105321,3.6182891382598035,1.355789397102605,0.3021917013988823,2.821190226663135,0.3420452148730718,0.6822108697522009,0,1,0,0,0.4012332941202349,0.09788428911794478,0.21811264262112381,0.25501685782915023,0.5391918339501686,0.1,0.6747086749726522,0.8292229141336614,0.69518716179542,0.7926976803373003,0.49776891337921564
14.352667801979162,11.482134241583331,13.48893676740661,213.25153415017024,8.805188922789718,107.81343858063042,193.09319646746465,471.8290674681217,1.0245047249589407,7.176333900989581,17.223201362374994,1.4099043314226,1.1764241463489256,0.9971951416330656,0.8850976272104244,10.79694293711393,2.5230665623576183,24.067919782759922,3.4342806013029064,6.556599110817505,20.752675743196836,2.635902171928449,39.02218106882115,21.31623625415348,4.981258759610164,1.1833003502284143,0.11229076775764511,3.4003118932841767,0.6620692486808459,1.283874890148104,0,1,0,0,0.5913286824541254,0.08200663707120041,0.20130040343855135,0.3465457125889212,0.9679980941910917,0.7,0.3265166515194614,0.5046002054869455,0.5436011649665458,0.8979085111518359,0.4847837268376718
44.180317075436406,35.344253660349125,15.75792229454579,185.06964998217214,14.011319270841247,55.95739477319395,167.02991224491763,336.21360760666596,1.1888275601898086,22.090158537718203,53.01638049052369,1.8341951771141365,1.0688023624858978,0.9829849898703559,0.8509349248729524,11.545446367351104,1.8036644436402038,19.45918748681075,4.705126747101349,7.759242259985644,24.33093731301413,2.4889720387106333,32.059108501657484,21.762873448023093,3.041571353261747,1.313050982340721,0.3234298003800454,3.077209132876944,0.5155575227636924,0.7254078923102859,0,1,0,0,0.1915054443474274,0.08639823041858903,0.251149472667061,0.21829160213666451,0.3472761837033874,0.8,0.7075820444418701,0.6662841558239718,0.4948705888527178,0.7232195744712334,0.2696716040807087
36.58021659854968,29.26417327883975,14.473665617825306,204.60974673647007,12.164338363308048,51.02953350487412,248.5056868617323,425.9265652027106,1.1505150968496212,18.29010829927484,43.89625991825962,1.9656217690369275,1.0915710033638149,1.1959857691097568,0.9263220270014182,7.261294837614044,2.0265835962385896,22.07022998292252,4.905248507869912,5.500866238160427,20.101697560542494,1.9438725471636285,34.15312160082451,18.513045016627004,3.574443360357154,1.9312573910956248,0.34015776956573474,3.8735736388182893,0.5718248469700333,1.3448838043870237,0,1,0,0,0.6110660123116087,0.09838868439627671,0.298638609454429,0.38141249829216095,0.3514957156640245,0.5,0.5831241048236331,0.5905183714160187,0.442734604700425,0.787090516035408,0.5330229946236775
25.142211910302265,20.113769528241814,16.7420155751863,176.3687949719505,7.993001221611802,70.57665654407671,216.67662778044496,404.086588933871,1.2382419950285426,12.571105955151133,30.170654292362716,1.9406134302455142,0.8776496549543376,0.9838876442858391,1.1512840560394209,5.853498989597158,2.347208326929616,21.73676921280691,3.5530645532885625,3.536877675560636,21.786671105994785,2.5318850184242114,37.05716010468617,23.94611242299064,4.702310777876432,0.806288677135831,0.21838173688380752,3.686753907719087,0.8941063087502403,1.2643977581988066,0,1,0,0,0.3882341884024264,0.1288858821279102,0.17588949237742696,0.2365436614450767,0.7933433554911703,0.2,0.7133360031253109,0.8469009203558073,0.36148630697104545,0.5119659065593478,0.5826666791359214
39.8040068232941,31.843205458635282,10.423262957167426,190.97470281966113,12.69344111281032,142.6968889983555,201.74754163157573,255.45564077510033,0.9493543650706958,19.90200341164705,47.76480818795292,1.281818962796193,0.9705939837210111,1.0669177127908973,1.0434466721566267,9.250571317992714,1.0035606971471849,24.219374196820205,3.392138170554272,5.237876677406891,22.304260923907844,2.0647765576693122,34.01616879198765,20.285624300641473,2.8531908993463135,1.898863717241905,0.28682015932742766,3.4712361122100015,0.7524511500558013,1.3094114591478694,0,1,0,0,0.5581860493072035,0.07275798887580709,0.1656630377601929,0.49669071865164655,0.21535312870900125,0.3,0.3410291426371076,0.5540150531834824,0.25886725760393736,0.7436816765686247,0.3938666640379995
39.38236555830932,31.505892446647454,18.67688357492952,189.6152652883067,8.169042842879936,78.62777693783374,109.54224071238042,395.5875496499632,1.3918458248321746,19.69118277915466,47.258838669971176,1.4647671158665903,1.4659081702490948,0.9694840518738611,0.9959507059394869,9.8971536477307,2.663098904696604,24.832190808742496,4.59570747266563,7.303968138172641,24.438185763031353,2.335056518529372,32.818117067447595,21.791082093159545,2.6349254617717675,1.5758029754812277,0.3338182597495871,3.091258186040908,0.4524234885919019,0.6345288977802155,0,1,0,0,0.6389017045799219,0.07752271319312694,0.23259080871086915,0.21818034715561105,0.05387291119574544,0.0,0.45648913313181255,0.6366615574864453,0.3952918772693854,0.7988321246320107,0.2947821405617728
32.07602188077597,25.660817504620777,10.450719692197744,182.67276468782057,5.616070780456931,115.3307306578032,111.42645231874897,244.6447680724939,1.0346484161324945,16.038010940387984,38.491226256931164,1.696301574713955,0.8847047890052512,1.1968290622401199,0.9759872152119087,5.276372076681507,2.3809483863946976,19.092450867060446,3.1626392655065816,3.0179671607735825,21.35027430371061,2.5685702740332825,32.06335975236846,20.981506976553213,3.90069188216388,0.9075798295856099,0.3689813119958113,2.875813492193748,0.4282826995427245,1.1496311654323743,0,1,0,0,0.3081530379622291,0.05644550062571892,0.2710645359380198,0.4890751305315932,0.569478044787732,0.5,0.6231142381441702,0.7616321226635845,0.35394090712963755,0.5229519656104507,0.4738053935489753
32.40389059774641,25.92311247819713,16.466099411937748,205.47550883637837,8.102558863780937,61.15954752891264,164.09271925370751,308.06892127213416,1.434129889951251,16.201945298873206,38.88466871729569,1.410933539247318,1.3524364656643288,1.1290632827823945,0.9109569642949968,9.358016143218375,1.7594701934867585,19.773017351582688,2.533806894079081,7.163629933952827,27.94220744560509,2.669913240601347,33.074567914175404,24.855939860741486,3.007305508175984,1.7907991449317704,0.12429340512953764,3.4333346249940604,0.3791534845815337,0.9255091493716955,0,1,0,0,0.13618990370429662,0.0570686023005965,0.11859008627173447,0.4080675785570817,0.4545715357333686,0.3,0.6581019813225978,0.8773507976297277,0.5084633908196313,0.4688637773579111,0.4921736522122538
18.862606312886477,15.090085050309183,10.87520212026067,168.42833062635592,5.642806185358102,109.40016282274112,277.07786191392074,326.3275294525527,0.9490068768842119,9.431303156443239,22.635127575463773,1.9703247565739974,0.8784194893428474,0.9527797614336007,0.8707222968118435,5.718157096521629,2.979260299784816,16.615168169031133,2.2502018944635522,5.355602734501186,21.93441464913233,1.5913650622738909,34.86148465541594,23.100528512686022,3.6669107459944237,1.2204915778133136,0.43045684845148724,2.2586713697141585,0.47197618035857236,0.5229806119707463,0,1,0,0,0.6322386686832716,0.15987202440309797,0.0905328085158143,0.2220856369108787,0.3181385440835799,0.4,0.34781160014804274,0.6869409781673432,0.3113107937945824,0.6724052259170286,0.42043169802807395
40.105205917001314,32.08416473360105,18.221526959561416,188.908849604481,11.987854696117118,52.71499442800908,145.17463490766156,491.2376549733191,0.635922395527408,20.052602958500657,48.12624710040158,1.2055830221929327,0.997209332862713,0.8149165193407414,0.8985538617606185,12.11295242317036,1.7507428007962498,19.711442155033385,4.48056968420446,4.424935141745335,25.00564209729651,1.2546322578666436,39.119674424426655,22.971660772619444,4.232617101459594,1.8427889913435247,0.47200424537749863,3.265166006578899,0.7991029700972587,0.5019843892470911,0,1,0,0,0.3786740568629548,0.15145826740328938,0.1566544097229549,0.34286051447053706,0.7570826454157217,0.8,0.3326265135725149,0.5457772722997868,0.4673015855359638,0.8911962443437462,0.4196123664712873
6.77269682306536,5.4181574584522885,11.370042316596246,187.77454614626566,14.18825461308037,69.3078527470865,114.13107766629436,418.5671697882961,1.3313026357459636,3.38634841153268,8.127236187678431,1.966293129980461,1.366277144286198,0.9432460199926067,1.0365019881487183,5.227845574108738,2.116214842705928,15.991043141176405,4.941016242942833,3.044490718798583,28.61619909774044,1.4464300354260307,38.76983881265559,18.619113202759277,2.5251947653287035,0.8120144125034794,0.319711030204476,3.001196773092971,0.9933762651243105,0.9785660158856656,0,1,0,0,0.7259757625361042,0.1475999424159139,0.16827685960854807,0.44064415051226274,0.5039054458833804,0.6,0.6053524300716304,0.6825136397753643,0.32664563059249796,0.6653168818951201,0.5215909861301951
28.27374936730418,22.618999493843347,19.234108403079595,176.08279202789262,7.405006915181618,98.90450914613922,122.98429229903806,491.04442236228164,1.178734761446894,14.13687468365209,33.928499240765014,1.0882249892500786,1.1451010886314539,0.8291867495694489,0.9116776206571016,12.812270543780526,2.1852903953654086,16.4540512762367,3.6506754534831645,4.733300313218385,24.170151313917323,1.6377106820392928,35.442848340988895,19.646970063041824,4.631134161327881,0.6109961395625898,0.31114105348825555,2.8651492456513603,0.9367885241166094,1.3368449808151892,0,1,0,0,0.4312663864125625,0.15619806940569148,0.17947145415860613,0.22822520753289005,0.9223577082122374,0.2,0.5571782791294735,0.5357100133315025,0.6360222882136026,0.7379045720612925,0.3131841723993124
25.660045941171852,20.52803675293748,11.047356605391883,151.34543915251493,13.686514499693592,122.6737867519198,284.4208449573227,365.28287395134635,0.9566590854401728,12.830022970585926,30.792055129406222,1.622271834383993,1.1577288939350694,0.8112045906087273,1.0431790140350643,9.113851230352665,1.5392033390819966,18.233008541059778,2.058205441117514,5.553698938096754,27.588338307366577,2.840588075087244,36.888878457013654,24.68395823982454,4.624633621629577,1.8673726028656759,0.1432861936780511,2.095727830179142,0.5158837622203011,0.6205613033200993,0,1,0,0,0.1457351888060487,0.04735410182965717,0.255388798456594,0.4510336607425345,0.5057097026426155,0.7,0.33998854494917863,0.7528783113992474,0.5256356256712782,0.694887663021251,0.40338319727890654
22.877824964668974,18.30225997173518,10.489327225657178,169.18237543590874,10.184103274064253,114.82513236905726,258.83301487839145,453.4540241266675,0.9380109427907052,11.438912482334487,27.45338995760277,1.5785686066880948,1.0652176668352196,1.1855085986130907,1.0191309138137221,11.581141790694158,2.0694693950864567,16.939444165063286,2.8263871719866476,3.5747127379405716,25.05263126463481,1.2255532916294896,33.02414898314031,23.298039021963103,3.0732063991269545,0.735604941691156,0.4948060177345355,2.714275302078037,0.7399257123374965,0.5358503972384571,0,1,0,0,0.34759906774998534,0.055987047555793146,0.23010301722879173,0.35181546379695194,0.8274854133717826,0.3,0.7662187222281713,0.7228308736762972,0.46902542148330706,0.402233456141326,0.5489832135851962
35.69622473614944,28.556979788919552,17.665886149124894,192.51132413102079,13.996601262096725,84.1893821815408,221.2580428147726,308.1312614419981,1.3893723691507827,17.84811236807472,42.83546968337932,1.6240455845223962,1.0415565303424474,1.1219029146396,1.122632673272167,11.566863044034204,1.1585874097038977,16.00183199325495,3.3128373773698905,7.552487046383319,20.140483688617632,1.7657901922373038,39.68696684750451,20.706923446914956,3.7761844654833236,0.7777885310465724,0.42250287142247567,2.0729775815905294,0.5404896062813792,0.7542882701603374,0,1,0,0,0.6666867829267774,0.04070625302563347,0.08369346956099662,0.27526338500560005,0.3993570940969581,0.5,0.6110373889414634,0.6018574242909949,0.20020999981049536,0.864837386774995,0.4552537043603279
36.21729012633085,28.973832101064684,15.540012169858077,155.9590642608695,13.094946749631832,60.24684396227745,217.74805001696052,372.2849397467338,0.7288686769236968,18.108645063165426,43.46074815159702,1.0287824572767594,1.2637663212569406,1.0637691105829568,1.1380281115341195,6.7786506436440375,1.1341205623613326,18.212655449044433,4.427194888831402,5.59479519794845,23.830056308980218,2.384126627166462,35.113605246466975,22.146066066332743,3.4689643980608342,1.4192013380748665,0.26998279275634196,2.047479229648671,0.5672366160631928,0.7832144174231226,0,1,0,0,0.24020394589190372,0.14687778900071835,0.2907378736003415,0.3193387589752066,0.05363665900341019,0.0,0.37581648383286337,0.522626495662762,0.4431853263479879,0.7745268132378977,0.23286271358692195
28.24027210483052,22.59221768386442,14.251741462959156,142.78987682169287,7.870950202689339,56.3382294427488,101.27808626244776,499.78247471194607,1.112531789602264,14.12013605241526,33.88832652579662,1.4357803827339046,0.9531272857201841,0.9835369154844356,0.931940166323436,10.892823451631855,2.065022523951443,21.469836098827653,4.990925710387653,6.2628205437991635,26.446810331503016,1.3510046801297686,32.39531147011593,24.053275320425925,3.01097139066632,1.3560285589370185,0.1588131481072743,2.136678378238871,0.440541821285149,1.1284544375927332,0,1,0,0,0.42564404755637375,0.1018003839820458,0.28836288687972894,0.2660997134934549,0.5373048737554252,0.8,0.3498520692740554,0.8361086059077952,0.2589980197497439,0.6707957243066291,0.5115385193815749
21.729412278706803,17.383529822965443,18.221621372036182,135.79398736756724,12.574490115091292,93.31500580473968,144.0360633407536,307.26340554743746,0.9664314720864706,10.864706139353402,26.075294734448164,1.6714727561521134,0.9056626930563771,1.0258382864794118,1.1604782273396674,9.984700666330063,2.3958837004516687,22.557931707907684,2.032850341250096,6.384636638316434,26.67564533642797,1.5342220196566203,36.40426771602599,21.3445755425159,3.6069117837366735,1.4959743402172891,0.4354559555150498,2.577997860215566,0.4728926889888517,1.0798010621820475,0,1,0,0,0.6539383259000596,0.05865335716299462,0.23373157901115044,0.45721751380260467,0.5978433124375295,0.1,0.6209438888186996,0.6598607243671424,0.376766616159807,0.8559890922449441,0.27526246531809445
25.887326975517087,20.709861580413673,12.669897327990778,175.05427509826566,8.692530938158587,145.62755710307664,194.74771275041738,476.2239698445133,1.316484128427482,12.943663487758544,31.064792370620502,1.537795834675038,1.237259611514288,1.0434193283728492,0.8995698639306667,14.274360321291011,2.3806279321410306,18.05328565994452,2.9976144074081095,4.74122769019351,20.277900682501354,2.8433749096188263,32.95921934987426,18.637033918640995,2.5444315577512007,1.294885250177146,0.370416589702773,2.477909623914039,0.9822513789316576,1.1756767766440037,0,1,0,0,0.6019611335545209,0.10220866426848466,0.28975047911255075,0.49546398933237057,0.10389388862708682,0.5,0.745386884143564,0.7873558689302214,0.5720231791968242,0.7417127864022481,0.5003356674134947
13.286647349181308,10.629317879345047,13.391181417469435,151.49569109514235,10.354109013823498,124.88750600731963,288.6020184437705,217.82028118988939,1.3981550255832704,6.643323674590654,15.94397681901757,1.9432505765006136,1.1150941600858422,1.1945981317270467,0.9773124699656786,14.757690955671016,2.6561612665433545,18.236090049096397,3.35249779775934,4.730935798647645,29.671993944310582,1.3653928696457573,33.20906646361765,18.730184577725346,4.461018032281265,1.427077057351862,0.32008355657207127,2.293050599843686,0.43398830257407095,1.0808108615690353,0,1,0,0,0.3314981057975911,0.15196129150035978,0.14534771204331512,0.3034570080103102,0.29034460612625346,0.7,0.4276230409474804,0.758730813114685,0.5529924977970493,0.431203502063323,0.3546861485022997
22.389393085101055,17.911514468080846,18.858989628887898,149.9387581220782,6.709721933161942,98.3659439780468,175.67771180915196,381.6813677727359,1.2348308022865553,11.194696542550528,26.867271702121265,1.150667612552665,1.1108347220079973,0.9620052822894724,1.0686296611744595,10.967895702794827,1.0372307407832126,19.387928900162187,3.5113497801129063,5.371170275016082,26.183252989713047,2.2472881279315047,31.38091523527934,24.39646764948451,2.5382605808672634,1.6976788021960287,0.3034584656620185,3.704852759822625,0.9220320779480418,1.296812725759007,0,1,0,0,0.28683618615625206,0.15587154541174794,0.19543090446933037,0.43332447332990376,0.3197712228908442,0.5,0.30800915761503095,0.8967576234423229,0.27561922569498887,0.7166670003528892,0.4972081908093389
31.895932412597276,25.51674593007782,12.13317321713231,171.44976893290448,7.477184994376725,112.8010359243598,150.64054464616058,361.6839531582346,0.7723337324826718,15.947966206298638,38.27511889511673,1.2031369464571058,1.2528678334336592,1.1915506743380055,1.0562947347566332,9.450322242856604,2.743736714212127,19.917361017021605,4.339728209398252,4.8458257891101635,25.487223249009094,1.0005346761461673,35.5434229264655,22.511756102874436,2.526571926833047,1.3719554891790398,0.33280664909672875,2.004754405987433,0.7090054833293065,0.9110221105144933,0,1,0,0,0.5111144668843517,0.1075085253860939,0.12281745774563164,0.2067870040928395,0.097255875918956,0.7,0.7517237895153523,0.5864878203258514,0.6815917995552276,0.8918714886728136,0.5535011339370595
46.424343388504,37.1394747108032,11.77744465796643,124.68883565012325,12.932506541021551,99.27696260803353,129.708381180409,405.8084779658095,1.082461763564619,23.212171694252,55.7092120662048,1.8817320338655692,1.4635839757226827,0.8804608893730652,0.8183531485023137,14.804383148061506,1.523421722723648,18.46311683229239,3.8776422243685627,7.377722808592649,27.47609855361187,1.6393795271101832,31.500490784875492,24.687642528433692,4.43814815578994,1.8216695992629868,0.3022054056514418,2.1460681186241914,0.9662472146899037,1.3419020270132869,0,1,0,0,0.7228815907629761,0.12826919342242926,0.11077670181161624,0.24479043146419438,0.7993570608564291,0.0,0.746941283981544,0.7117266591680135,0.41807571929180776,0.8551491684811896,0.5728164758755386
22.834513144194187,18.26761051535535,19.930663144032415,205.59615114882246,8.985872054189528,90.02343254903127,259.40097862926825,298.5028408817197,1.3203820972442544,11.417256572097093,27.401415773033023,1.6694121030756013,1.0124792866291084,1.1567239150984296,1.1969940826665542,7.473529436388031,1.8208174622493534,18.861244245019513,2.66225158186514,5.9601126198071,21.362209518061196,2.355988639581682,33.253155178165585,20.869465640921018,2.168107701674586,1.4447448342045066,0.17259184239215863,2.8825856547736244,0.7962845487283552,0.6905255904277001,0,1,0,0,0.16112120511291378,0.06759738413934503,0.27676187364121463,0.4369775659574542,0.5610146909703151,0.0,0.7983591870838915,0.6985696142615292,0.5308391835786466,0.860826278609579,0.4231262080109325
28.194894980122356,22.555915984097886,17.30889838415702,139.21049663160505,10.197803641507715,122.41938786559,255.53389248875453,274.4236590818394,1.0350520435854387,14.097447490061178,33.833873976146826,1.595686616216455,1.1991243932526,0.9111013114599005,1.0840372075820708,5.148590906147969,1.6760289301745777,21.439847215459316,3.382466677962255,3.5776148538842274,25.899078987096576,2.8690668812162134,38.08434499780572,22.30717683122579,4.912282622581532,0.8164646000811573,0.3465415554610255,2.8098785105641184,0.7125814376939162,1.1794087075937374,0,1,0,0,0.06976911655407593,0.05219357254504235,0.07071282077471103,0.2011282215248753,0.6934079302496117,0.3,0.7493986760088867,0.6433768491702491,0.24243707442292528,0.5228931819361572,0.41861685226662815
43.565666373289964,34.85253309863197,17.314409467792444,165.918910535354,9.195585760997231,146.95072715543776,153.33219261275474,467.8068859544875,1.1188670139552488,21.782833186644982,52.278799647947956,1.6584131344730242,0.8364400731025026,1.0850125712117489,1.1738321069835864,7.974657259956661,2.8733273627742073,19.194786408343997,2.61408475864316,5.087077406465303,22.897263169043136,2.9585524696297334,35.863614516692785,21.31458025412154,3.964883254729633,1.5311654350715516,0.458213932216193,3.7531904302134143,0.7859597473312336,1.1771893006774774,0,1,0,0,0.0652150011064336,0.11789283219828973,0.15489112367542598,0.2679180753402198,0.3376153414555628,0.7,0.6823074750043134,0.8715406772415979,0.37858601528399594,0.7986316366958751,0.36489129172415286
19.61297394887996,15.69037915910397,10.752960800890888,147.6942711983608,8.314866026320992,83.64850286638206,274.0914900598191,348.14937691164283,0.8179244299271482,9.80648697443998,23.535568738655954,1.8980459807096361,0.9232094958550839,0.8488939614622153,0.9386416009692595,11.448283489752605,2.173117027998469,17.622625024940618,3.7990707528092007,4.501033840894264,24.31892457825467,2.837530797649223,35.497991297580604,24.890914448875286,3.8761960529077593,1.7168974977585476,0.48648615894633973,2.588357947693112,0.6094189221002488,0.5405874472536415,0,1,0,0,0.5358517097516303,0.13492699004737577,0.13029309728125266,0.2433783092108234,0.9621799056019359,0.2,0.7979118482146039,0.8012570833626099,0.3371462546329398,0.5716034350705557,0.3105204976168422
41.31527723000161,33.05222178400129,11.46331655426625,157.24141847085818,8.547468240064333,132.8443359458939,211.33775321563513,431.4081708761813,1.1968683557653472,20.657638615000806,49.578332676001935,1.392367307995801,1.2798269435030827,0.9291283145094559,1.0243224442523813,9.612372017508756,1.9014790744198407,16.925874529356836,2.7286994077890054,4.512436050431061,26.63269969273243,1.8666986109498491,31.70159419788933,20.85536582856601,2.027328877066844,1.247491877897401,0.44744732148368205,2.9163133491152675,0.37972679413446414,0.5050624411533435,0,1,0,0,0.14618486876333078,0.07463437231959719,0.28058651711095345,0.27429015224377457,0.5786483535337166,0.5,0.6906085410609486,0.8554182428540088,0.5428506058271729,0.7514106454236413,0.49127564491267145
41.316684012159826,33.05334720972786,13.477468315054749,172.43397479497636,9.950007356490907,70.94357710733647,113.59739357391301,327.80732868188454,1.3469756839249372,20.658342006079913,49.58002081459179,1.591133786753415,1.3702422830733423,0.8451690932848916,0.8677389063863856,14.088302480964046,1.524230216271311,22.53194192750094,4.310228813853788,4.385731000404393,26.231716397495866,1.1828905527890305,34.8728930703035,21.571285468221166,3.7147336905419515,1.285186749734255,0.42716182769396704,2.3744442663649226,0.6830745633652255,1.3544613815558277,0,1,0,0,0.47570002833467473,0.14761234253269426,0.14072167317216633,0.23923259941854164,0.4578913450969523,0.7,0.7393584148085989,0.8675904655002451,0.5781344943087157,0.8901883794793484,0.210448937063138
33.09387141756,26.475097134048003,16.889599056147073,201.11332123785326,12.01661684421792,115.53119969192174,294.45134401488633,361.4336556646151,1.2795586952667235,16.54693570878,39.712645701072,1.7728353355656354,0.8230574082765019,1.020604130969191,0.947924658612761,7.049770428400269,1.7725264473719107,18.89587429646736,4.936582667189017,3.143339199681983,28.997889606412677,2.401599528201122,37.80275679378052,23.86906070001741,3.3529514075271862,0.6267439394235625,0.49461046114453655,3.3333870869549336,0.7981628719017211,1.2699144991586082,0,1,0,0,0.372280639562367,0.14974998108982607,0.21546966874254112,0.24310169988171645,0.8202946321885267,0.8,0.36187992001509883,0.6946596123503137,0.5699698814989084,0.5688163103860724,0.23332955932740457
32.50148429875573,26.001187439004582,11.055673933908055,182.5555460484809,12.029965746202578,114.03094024153752,152.05105884827523,474.819189081261,1.15482195467145,16.250742149377864,39.00178115850687,1.1805528508207503,1.087820893569732,1.0348030192709334,1.1231076241317863,13.33091832332213,2.933607219554487,19.87701009876787,3.3018994855814836,3.630816837311147,29.511361195531308,1.217202543466758,38.54986680109981,20.090924467831254,2.036083536825724,0.7529741653890316,0.13502750831573673,2.2273363674668367,0.9137438890918212,0.7080290720684915,0,1,0,0,0.5001751544427732,0.09493146622908182,0.19524512157822912,0.2687581943119391,0.865646862699797,0.5,0.6458157506806268,0.7652100210061337,0.48555943374697225,0.6055878165437492,0.3898636970291351
40.96711724515025,32.7736937961202,15.462266090603567,136.80380908964497,7.188447963064161,126.03211955060564,124.67194632605441,209.36880016277993,0.8875575002026661,20.483558622575124,49.1605406941803,1.1498549624801275,1.07283934756739,0.9938732543901022,1.152299937375853,6.133763785184244,2.272117494754476,24.908987361334887,2.752382827683304,4.314926631852663,29.601358049881245,1.6538258351825297,38.191037626636934,19.36645381861803,4.558883364425479,0.9064988844020263,0.44774917128147573,3.5474698908465854,0.623596955316315,1.4838884490439725,0,1,0,0,0.5067099968054222,0.08221328300429198,0.1252442422229435,0.4087430753755364,0.9630044051573227,0.7,0.3959513599478731,0.740085966591977,0.6158869715891545,0.6700955182292556,0.5897140593700272
23.494704194103786,18.79576335528303,15.51751436074762,225.40183085910678,9.39061664462194,114.65645600622369,197.37921810072476,281.79474109985483,1.131098715072576,11.747352097051893,28.193645032924543,1.13638880869838,1.1651422728272156,1.0430017699905583,0.9474661402455574,13.363941405779228,2.161943666090686,23.6970242283841,3.3156900001268306,6.734030712286014,25.955619211807004,1.193661876834055,33.389322971516066,21.009477547124703,4.96637045240262,0.9182366214609887,0.21907520364031496,3.5188292584543106,0.9058364455303693,1.0734177293779315,0,1,0,0,0.3988884754984682,0.055995214978089104,0.07947913264575783,0.4865343956639599,0.18155864539063427,0.1,0.5067804953813791,0.6589345293640666,0.5616650674397475,0.7440335052117392,0.4585930557308714
29.537986165210953,23.630388932168763,12.254993062589637,213.27366526273943,14.818512092117013,58.60014307892744,205.8051734875596,272.2786495342728,0.5372062539851008,14.768993082605476,35.44558339825314,1.2514230284876167,0.8220754774433326,1.0667872030246162,1.0794146198920758,13.297749868501182,2.331002238911755,16.475157633521693,2.358946963762178,5.913025511696184,22.012368055477516,1.9747278267005581,33.19079433702478,21.349342684766665,3.4192461549004642,0.7177585701860341,0.19612702477540114,2.3946528340929047,0.8141436174784116,1.2088336166667477,0,1,0,0,0.32007647274621154,0.1526516108653736,0.1440738448296417,0.210846997801485,0.32790013734079293,0.2,0.6394732308695856,0.6243671335332099,0.5806092560859033,0.5992215935054062,0.36825871515334596
16.58999850079985,13.271998800639881,19.084283444977537,190.95934247481034,14.246548905272613,124.63179783522594,224.93114744424582,423.3048545479044,0.8931119570042452,8.294999250399925,19.90799820095982,1.854642188577311,0.9369023030447643,0.8586724354807321,1.0820588872483092,9.162636959972529,1.1521852312776704,22.12385434874276,4.212870096727032,6.160474243464039,25.922070253126535,1.6777213874565078,36.941556825117196,21.026278867223855,2.461824853127049,0.9814684181240895,0.49388936781362525,3.631113137205711,0.32072205891306654,0.7437046387107066,0,1,0,0,0.4344555139366347,0.06965276863444583,0.20153501813391542,0.3678301607947243,0.49301885333344775,0.4,0.7771401388862335,0.8073289294066592,0.25370361820714715,0.5574338963294433,0.359693945715998
43.57673226190653,34.861385809525224,19.79313731732354,186.1678252477353,9.90257063399568,60.592337237901084,270.64227619701603,496.32674366775524,1.2828763985558416,21.788366130953264,52.29207871428783,1.63147359965648,1.0339380323848038,1.0626060172680238,0.8800434469893237,5.519956472462201,1.4261372814475197,20.63341076537545,3.484031660074367,3.465601143064637,21.706983009441696,2.9227568416470096,34.74124740788746,20.77883406388402,2.8241557216123763,0.6873299466439768,0.1974695110876358,2.3518829766948475,0.39571676284042623,0.9672224437207287,0,1,0,0,0.3491599492440185,0.1199151239817687,0.2998031129163173,0.22408177148434594,0.9573198491290152,0.0,0.7760548426091022,0.7651882014373281,0.6319470378880012,0.5294874597013397,0.2699562934537694
34.835768871228794,27.868615096983035,17.899353410118124,203.8029435651912,12.41087515578632,65.73801416776598,253.88177688437918,332.2957757139999,1.1554939527194832,17.417884435614397,41.80292264547455,1.2840642613956557,0.9166509421539161,1.0755807916153575,1.0430764643091366,6.2275572509668855,1.953994150350891,15.814565944050074,4.564638519876519,6.864130040214872,20.1503557078091,2.6010573232923235,37.49090040166564,20.084636578806343,4.9721804416823225,0.8546111094812029,0.4676940225032088,3.303589693492938,0.6052053406816753,0.5502940598199403,0,1,0,0,0.6726386729158126,0.12733964105247103,0.19458146899356005,0.4322739090235946,0.6310588460709765,0.2,0.5042315159732593,0.6427660063778744,0.6644885837118577,0.4111129793234234,0.5473509960534841
37.26023368053669,29.808186944429355,17.31820381311809,152.96651502000293,9.85199459108432,144.3612347076309,168.48440011311186,361.9488731905201,0.7882293250832588,18.630116840268347,44.71228041664403,1.674255284018829,1.0186138674037197,0.9139776136294326,0.947706978318888,5.130335673387715,1.75510451187712,18.222864225126287,4.641636619223095,4.875262762148455,26.564960931118446,1.206817967816736,39.54168191430987,20.980798300211035,4.4177089713736635,1.757111070591749,0.21480132880162162,3.893690449689753,0.905199507791036,1.3238579597875078,0,1,0,0,0.42944601385310827,0.1046712577705399,0.14671495750213467,0.42966035127919255,0.8008296877644014,0.8,0.6373645150995715,0.7093635489447658,0.22939811205023647,0.5029041935954168,0.30021565920600507
25.90616539704279,20.724932317634234,14.833537524477096,172.04145574757018,10.147652449653338,60.53567741044249,208.28427462576036,342.6143634551427,0.717499185284742,12.953082698521396,31.087398476451348,1.095841582570828,1.0913355664433086,1.0421711669992468,0.8707589721180876,11.863271468660358,1.8515153349569833,18.613905077798496,2.744944602066314,3.941369461406457,24.23768909078448,2.730162501265097,34.366362934677376,22.821821245728305,2.7708059920990826,1.6504909315942071,0.3531028061104121,2.2579420349453123,0.8189503650197822,0.7446850072447896,0,1,0,0,0.6018886715689556,0.04907212883808196,0.19306533595453318,0.384807706917656,0.20769070430503966,0.6,0.31539070559255983,0.553112674284056,0.4438835969746383,0.8354768415243956,0.3659168582598128
34.9664147373261,27.97313178986088,10.324958995846178,166.6584677698548,7.962747895680957,61.21690359035739,184.42332795527716,277.04254324952785,0.7246986598069505,17.48320736866305,41.959697684791315,1.57456118952512,0.9760977192753992,1.1913176590198584,1.1683277835079546,9.374561376439289,1.6111642497545924,21.430811093967314,4.9329574983646935,4.122534172538792,25.382100148809627,2.0499667342311123,31.813688658591964,23.228662452714353,3.462841142253753,0.8180537484143313,0.44298705344252565,2.527949252639191,0.7029772025499963,1.3938715063882618,0,1,0,0,0.24234639013421505,0.040228167307883256,0.1488488640616109,0.25959861200194667,0.04383048886061591,0.5,0.7394837229386787,0.5453405117933096,0.5317278997695851,0.7325967377091815,0.5411282008721141
15.032904353865497,12.026323483092398,18.25513301716667,159.27410348395966,13.939815468725335,104.20754063929397,172.4687135971311,471.2047949079472,1.1694512135240323,7.516452176932749,18.039485224638597,1.241626632644702,1.0256456312874818,0.9419927764304927,1.1708113191233673,5.185169118895766,2.687734033958543,16.96728874657105,3.648211176288312,3.072771008595625,20.782334837307836,1.3245968053118857,35.91074514190073,20.423444584559974,2.5167729094573863,1.131306091080883,0.33628714521334035,3.717274396816145,0.7481789942092267,1.1491429269739335,0,1,0,0,0.32098503538726586,0.12943235619676918,0.055648869274205356,0.46884548891902483,0.8038168675477452,0.3,0.6887601045184013,0.7858048659103056,0.3790642575072868,0.5810125728983797,0.5724218001004377
26.41155537823012,21.129244302584098,12.731856992647845,202.77947766892424,11.114864731698862,53.684019527200576,152.26622057520296,407.30959504536906,1.1679281587749273,13.20577768911506,31.69386645387614,1.536445727067286,1.4209516729984704,1.1245172196093653,0.9434351873559237,5.348095873953465,2.7577085385548936,21.072557829854684,2.8036139708647734,4.109615989579458,24.715634113998068,2.2093108969366257,37.56693192181879,18.54111484741246,4.370554225334315,1.8568544089913885,0.39871866172345716,3.9850764101802136,0.42756573972928463,1.4068489657999708,0,1,0,0,0.40990923905994603,0.04118016841845328,0.22739518941646747,0.2854384505507973,0.7101798869765559,0.3,0.5569165619791854,0.6620370545429592,0.5698916100636415,0.8481060005080057,0.38658030930168974
29.143823849476814,23.315059079581452,13.439884228756776,133.1247813366494,6.448350973964462,52.05293810048845,182.7154836656473,401.59239533080927,0.5602080434975086,14.571911924738407,34.972588619372175,1.318878055887482,0.8410854062249404,0.9549912424987705,1.0916432180222995,10.97141016877438,2.13313851825136,24.172705615863826,2.0764239127033437,7.140054787990603,27.514103476174526,1.8623134962310628,31.702112594105245,22.00639539834059,2.294369459552354,1.5893667026411522,0.41898613061948475,3.0994805984478924,0.38262919779849347,1.379307938440495,0,1,0,0,0.26163622704692774,0.15029642668722065,0.14029218381155592,0.4174080872781184,0.8424642134973054,0.4,0.557586191688664,0.7769443331155175,0.5116880099561811,0.8509523141878372,0.48024851264937457
27.038164104261128,21.630531283408903,14.004943788946541,189.4893961037665,13.557076385440412,121.85204029506124,182.76592052497364,259.9788472627721,0.6699311264577287,13.519082052130564,32.44579692511335,1.912188946816981,1.3245929520668471,1.0351416460131146,0.8052739733850403,5.986692547418627,1.8367905711458803,19.85720604403026,3.425131898566541,3.878643282175513,28.88308785415582,2.8618065806740005,38.19462157740266,20.86403605070064,2.792237848065402,1.3764766706681186,0.24183661391835934,2.2566921819758816,0.4249174153582374,1.4254417358227531,0,1,0,0,0.7182212709025649,0.07275660698773466,0.279488762556327,0.46731033212060535,0.049225437180042464,0.9,0.782594691905088,0.7220136984002181,0.4688963550801132,0.5178614339743048,0.21912692747160764
46.800598385691295,37.44047870855304,19.084931536091354,206.4990646396199,6.083029382986986,98.52589310201684,269.7787767457294,439.3647147186198,0.7271821191365742,23.400299192845647,56.16071806282955,1.4972552680536255,1.1325826624815196,0.8998634598689473,1.018043630503772,6.1126874181002115,2.4510556713373965,17.296699075222637,2.945291070531863,6.681566897345251,21.022030880000095,2.1961843160676295,31.689526650890592,19.594205551762055,3.970309633940022,0.6805135989080049,0.4750141143844576,3.775468434657653,0.6870104983395185,1.1414509335380072,0,1,0,0,0.6365062432266149,0.041261208623610095,0.05269751680577921,0.21856110886481456,0.39400521940788635,0.3,0.7510551184221106,0.8902276629965789,0.6446076346929992,0.5945214890522917,0.5408642155342738
20.10401856123566,16.08321484898853,17.9161272808155,132.6052960357792,7.6246982773518255,114.79994758227609,228.53359476791667,340.4076864607348,1.4560943297467885,10.05200928061783,24.12482227348279,1.8338453226998048,0.9294303667576167,1.037803137627255,1.0970653541666124,14.935400911355948,1.8905342298724794,20.176757997711846,4.621454856748466,4.696282822495073,29.69170225167641,1.1923049290120356,38.10384374626772,19.4062077493701,2.0926259292216693,1.6457458201958222,0.21811115920170066,3.2152764803497753,0.7274832336637151,0.65915319687336,0,1,0,0,0.07141783234132101,0.05397671159302989,0.0999629979171827,0.24756258035269862,0.7008445158517643,0.2,0.5917263633832115,0.7580249345711713,0.3482856306725949,0.8125918546985678,0.3003974785532926
12.771051512303558,10.216841209842848,11.321254524675084,164.9090658009326,13.715363658117566,101.28420854957878,122.90736449882604,385.6259192103753,1.3199349662647806,6.385525756151779,15.325261814764268,1.1508375499302308,0.8904748932769592,1.1453440953853398,1.0490057572186877,12.515129440543447,2.1187034633397857,17.2514244723164,4.2247037000789085,3.882779147359945,20.2341669858752,2.0046468709368117,35.29105098061656,23.438820770971965,3.2378549315373135,1.7734969130368161,0.28182598851775187,3.3871022242829305,0.6207569708360219,1.2969852839628113,0,1,0,0,0.3294081697765531,0.09249924191613694,0.22838721926617164,0.22630888791722686,0.5326074706317554,0.2,0.7783722417563611,0.6927549426333036,0.38261765976782935,0.7856454726522721,0.28846822677970063
34.4375432283571,27.550034582685683,11.845937022309853,190.74248433111273,8.44360269434926,125.31016907609586,176.27741145071943,407.29586149195484,1.1563239675474486,17.21877161417855,41.32505187402852,1.245010187653248,1.3920248101935657,0.9046422053587343,0.8344735705793691,13.977838867065408,2.858621487868742,22.055435391057532,4.787455679784847,6.493364101058291,20.323668521796897,2.117023156213558,32.11365390282674,19.03122587903255,4.262670704382137,1.0113890495132476,0.44360991548222106,2.302697225842053,0.8189021842425415,1.4088224763837125,0,1,0,0,0.7070152039484013,0.14166380041807342,0.1758125551440669,0.3256957244752985,0.5569359964245078,0.6,0.3005861192164239,0.5461797362307775,0.5488572342173342,0.7874480555526516,0.2542035014004866
43.95042963144735,35.16034370515788,14.05630308412383,138.88282931755472,9.051172528001626,61.72302864121127,195.97488139856142,280.9106338130523,0.705227875539297,21.975214815723675,52.74051555773682,1.603782421513178,0.9057059064610793,0.860686377386838,1.1873316635528097,9.293725101378364,1.7981206363872062,24.419579936326613,3.5308248071808244,7.900633943864418,26.090045267944905,2.7598176678214283,39.14838138075572,19.37023287746171,2.4297773590090066,0.8551553134441829,0.2650459466591384,3.6773093753005295,0.3993626238341277,1.0314827707925667,0,1,0,0,0.23140387044260327,0.1262305261786196,0.1507870290210436,0.37255705671276007,0.6455913382994493,0.4,0.5406170787843103,0.5383522804449956,0.49709018789739257,0.4235533590465039,0.228899903968347
22.36021381437567,17.888171051500535,19.825650865688694,174.46328175000622,8.20523355283919,145.2376710388271,176.9444750519425,333.3263062045114,0.9529118185283604,11.180106907187835,26.832256577250803,1.3230380107209532,0.8056032328698026,1.1774901684415915,0.8279100712246998,10.020973034294517,2.918042263451894,22.634427766997835,4.977285303195957,6.991796341804518,27.42236343363628,2.873258378880738,31.349617489577557,24.670319198372418,4.347978384639983,0.5040263041453451,0.12520734113143606,3.229140360852867,0.9989307521075694,1.3131525262161494,0,1,0,0,0.07967800345331687,0.14133599103772468,0.25148727683508165,0.3627871424037161,0.5488297435687162,0.8,0.35266453771481027,0.5988025259731355,0.3244148544734113,0.8009958636357735,0.5547909962922606
40.70529617913543,32.564236943308345,12.871087352148876,178.35072254045167,14.163450261998108,67.22046384182319,131.5070738750892,203.81291151182964,1.0975187714738852,20.352648089567715,48.84635541496252,1.036481758175881,0.978271898151996,1.1767043253095548,1.1574436986637993,9.799735965995229,2.290305223899447,22.24508660849984,4.902844618411526,7.038117447839056,28.435961300736814,1.2733654702524373,34.80734442311971,18.44764495363256,4.518924734051476,0.9725276421415601,0.23152779623260913,3.0678553127203436,0.5756627335795288,0.7974391691784144,0,1,0,0,0.5701626375848953,0.1131864244814877,0.265344604421478,0.46910087830122615,0.6438361961194079,0.7,0.7355808542380458,0.6797821978829017,0.5271432458689697,0.47976297194570344,0.29324699501907947
38.13211097707461,30.50568878165969,13.805031943627444,169.71241060936165,9.603317517837421,62.033186854191634,224.09199582973366,351.39408662968594,1.4083670042346517,19.066055488537305,45.75853317248953,1.3407156133425937,0.8978769685624113,1.0927281791929528,0.9875045412006872,12.292108130626259,2.007140564483044,21.473146215273108,3.6726030717050633,5.439839801923242,26.437761889984923,1.454318629873271,34.28137314971067,20.580178105128653,3.8124174922407117,1.0768848769084014,0.4266990560383048,3.583612719987447,0.39517599532739295,0.9575921132424804,0,1,0,0,0.11175810944590532,0.1273086713823479,0.12940304417490134,0.31121971964044365,0.4837421420950823,0.1,0.3778784874782516,0.7041703306753448,0.49224429295640265,0.8764770595996337,0.5763708527806527
23.444969175040885,18.75597534003271,12.349526700617387,167.41977715018763,5.356374234634934,90.21181315905243,192.00758463501882,304.8307996819822,1.0174556521305034,11.722484587520443,28.13396301004906,1.7144163035993831,1.2633993171170341,0.9115796773796109,1.0790487856886006,13.493799002677637,2.1999081701902288,20.972792442392866,2.484029182931649,7.902766678849869,21.014149047122263,1.3417712137755518,32.41639437077681,24.74883230268119,2.756858638531787,1.9672974038546633,0.3566700135078815,3.411936596082716,0.6759831528344813,0.7659285666246559,0,1,0,0,0.6193633652404211,0.14475705438603764,0.175185326184664,0.4315454803042188,0.24808975793561824,0.7,0.44140613213725466,0.690196089665474,0.2822049610774748,0.6012529373489589,0.31286512447836123
39.23631242750164,31.38904994200131,15.109918500905732,181.67746370142413,9.264764238138444,115.29279495580383,263.143834105235,366.58772509073515,1.1867856172336508,19.61815621375082,47.08357491300196,1.2202407402244901,1.2107988602310473,1.0839379620878145,1.057808522525889,6.417028807653038,1.1847685565473205,22.835992514043973,3.3344082519968525,3.4440508360296045,27.600837247925227,2.6117238444193553,32.36830171301361,21.268122069227477,2.7538661599448364,0.6493847020694179,0.2142979548982591,2.328081199521365,0.6523587846194983,0.8856489670813792,0,1,0,0,0.6373288883779201,0.15594836637171816,0.07176706042717122,0.30623490439840273,0.8863388414500387,0.2,0.43337468849714866,0.5023470653100819,0.3074464129553891,0.5899716144433517,0.254402013299238
29.400760235998252,23.520608188798604,18.543959289366704,201.14451950921648,11.148215288241783,62.075326070774985,240.35944520485216,389.96607126898743,0.7897946768850732,14.700380117999126,35.2809122831979,1.2155831054691828,0.863463158815875,0.9529793499987984,1.1508420677421536,6.954281668117596,2.8001021859215633,23.9638732562684,2.4750498260481555,3.8251602149726613,22.340888623051757,2.459186893258039,30.65716309677247,20.666577574528265,2.024968587728989,1.2305439136814227,0.17000940113570312,3.596546292432237,0.6349360015099792,0.5603189543397558,0,1,0,0,0.2721567047982675,0.07509065389506006,0.2585265110688399,0.4068846483866272,0.10124305845348758,0.4,0.7715730176410968,0.8293338182632362,0.6774363446045928,0.7717217632514044,0.23845969446224138
26.162100184490942,20.929680147592755,16.234958398665867,175.9044066690218,7.278671341157976,55.69484940404318,180.12420924817616,451.6351550829457,0.660330954920097,13.081050092245471,31.39452022138913,1.57696626858467,1.4749282420940864,1.1437254208624654,1.014729409813839,6.501000298374594,1.3232477808071572,15.784682145930008,4.056953451615861,4.636969059895375,26.12643002658169,1.2055585544703464,37.52055285041007,24.680261225882585,3.9719429083178333,1.9200673087808824,0.1623769132818508,2.372813958719672,0.42052104828350045,1.0317851527560515,0,1,0,0,0.42954944833495584,0.054310492315546285,0.1349429295930496,0.46900423714895145,0.677134219519511,0.7,0.4326825367882363,0.7698637379160309,0.22077147052270563,0.5436372803002283,0.32154272901834025
38.61641995373894,30.893135962991153,15.314422465707462,182.74127014503858,13.133417217061625,88.79177443544484,185.71762176197154,479.4692417969082,0.5337944571483296,19.30820997686947,46.33970394448673,1.002296113147875,1.3561279054271598,1.0529959094176857,1.0777166491998773,6.949054460075907,1.8104150757308874,18.309080023524423,2.965298333935833,5.678097523323069,29.854780204800655,2.7995540414399485,34.232194497436005,24.745673136549687,3.3716689636095953,1.9757035836790144,0.2802735512731197,3.862281055751681,0.5104437891188771,1.0648145972803333,0,1,0,0,0.3527048488783153,0.06550134112171963,0.2290403296404065,0.3135883025016505,0.9142873398330802,0.7,0.37202552263179306,0.5190428769152111,0.6380463127649686,0.8466873143192691,0.5861079046013388
54.61150536623279,43.68920429298623,13.59986507441953,214.08524021344914,14.01556519331885,56.159531396217524,218.08604290636467,372.2262915296686,1.3134466392036261,27.305752683116395,65.53380643947935,1.2550491017024643,0.8822773229701815,1.018681414149827,0.8316089532000959,6.175248164849031,1.691519758078412,21.664355844986957,2.594068968455056,7.237523837261455,28.179757861329215,2.2277240013862345,32.96385126460899,20.48733054080885,3.653521778653907,0.797001400294492,0.39190345839474294,3.548414274369642,0.8789641991537509,1.271807157055675,0,1,0,0,0.22810959744613593,0.15792212358123398,0.15622456430539047,0.2133350754295801,0.13804170423758944,0.0,0.6954992727059448,0.6039578219886287,0.6150513540192077,0.4696506699142946,0.5557766848740293
40.618774313050494,32.495019450440395,13.70069664918745,179.86400344501354,14.71034524960164,133.23554571803976,199.58314720880514,379.3402823377745,1.4167249430454332,20.309387156525247,48.74252917566059,1.0216388704792785,0.9671409152648818,0.9347093868636339,0.8765932134434659,11.315332085144462,1.6465417355313314,16.481788964201137,4.650854763746738,7.800461074686232,24.325101922884972,2.2238531064988605,33.53894600288064,20.539987046619807,4.126527124411783,1.7019311717882242,0.1684525763200223,2.3267477270940446,0.3866830098246395,0.5180276098549486,0,1,0,0,0.08843440897655469,0.08624739478657854,0.11486447441053366,0.44068115362842064,0.3101469854636306,0.9,0.3359295652891443,0.8609535558605993,0.3269543435690535,0.41042440825128473,0.4160142409309747
13.649229387793206,10.919383510234566,19.426486731628103,167.5768737008043,9.526738363013399,83.54976292273079,234.479141381891,363.45428837126474,1.3239500167517393,6.824614693896603,16.379075265351847,1.880245226969602,0.8717436216185004,0.9673177381353651,1.1992743065196765,8.315972872152017,2.8669176662626628,24.40432474802407,3.3269460943436,5.516868518673002,26.356059739139518,1.0279599052670472,32.39977182835747,19.191394480637907,3.5149749936329284,1.845514550992138,0.2585625035889352,2.106911710785,0.745587230059236,0.6941814178066665,0,1,0,0,0.42174651654172185,0.09510047275643718,0.2944664090105358,0.35706182259357605,0.3671522390209073,0.8,0.6853314074534369,0.7454362996567062,0.6903912276556401,0.8929748516927041,0.22212831241448103
25.856088260491592,20.684870608393275,16.503362352354056,99.05560256025407,10.772697407663772,66.99989434891786,291.6692394605742,382.2601481249662,0.7089917084694343,12.928044130245796,31.02730591258991,1.3706677946579462,1.2758902670933767,1.1837333590138073,1.1172700256106203,13.76479378807139,1.154792286580063,19.371775840036598,3.893985747221161,7.494634750560056,26.94833757306315,1.1931063554408834,37.88333453872793,18.454233125480876,4.523558784146296,0.8087727442194157,0.4016734165639354,2.1214184184253226,0.8346917530645288,1.4213672448062702,0,1,0,0,0.5229023897964953,0.08810588230607103,0.10400579055109758,0.2894928229687807,0.08289843831014232,0.7,0.563362862756376,0.6759906390718973,0.6726345375955505,0.622520564274202,0.33767063356240035
24.337522752532895,19.470018202026317,15.844077169645795,184.4960013658613,11.326881655905751,128.322418909431,215.8166255418096,315.2703029448281,0.5518892240607469,12.168761376266447,29.205027303039472,1.9824716296952243,0.8260059959282351,1.0184819324463463,0.935095923190663,9.480735338362823,2.1560654525701115,24.43849760660396,4.6399353257840215,6.290359894279877,28.9877007315135,1.3940324626820422,31.404336665307746,23.636445323325166,2.848821813914662,1.5262044527499725,0.2649538276478061,2.0971626343430363,0.642892107198139,0.7753954658824869,0,1,0,0,0.2293237138704412,0.1502227082954788,0.21474847496983288,0.4334431416741832,0.040252663527502786,0.8,0.6799277755842684,0.5878370935174937,0.4687440818832056,0.7809297166580785,0.5821326320601011
48.58480245345535,38.86784196276429,15.2905663184739,145.09501826547432,7.472108542800347,90.94605471353586,120.63704319501254,315.1385487183288,1.2948775654712121,24.292401226727677,58.30176294414642,1.823062258831512,1.1686863553304734,0.880459755346084,1.068136029797229,10.41223841810944,2.9148102692496463,15.705357652414222,4.716366038289474,6.5345997335867745,23.8619931067907,2.8501951960349174,31.931185265551626,23.05469009352249,4.102889361118584,0.6289557981189062,0.4657238108258416,3.2853351684688086,0.5352757155024304,0.8274219894986298,0,1,0,0,0.46854820798778285,0.06018105216722696,0.2858396758603253,0.45155341648249575,0.392037141928005,0.0,0.7465820063819613,0.573873066452388,0.541768613435263,0.5926027043849866,0.24505239896667885
37.578794288246705,30.063035430597367,19.966730276153534,144.47558295274212,10.40288273778619,56.21447866137118,107.15077878160146,330.097773497048,0.9569270811114249,18.789397144123352,45.09455314589604,1.6066300845361723,1.2255093639387302,1.0490062695874238,1.0627114066467545,10.42553570998928,1.5061727283832929,21.849701890675377,3.692984695366003,6.408309272408399,25.80521121631461,2.942328915318993,33.72164250767039,24.056805619875547,3.1644497860359255,0.9119972001508837,0.43720937466331733,3.4317349266680424,0.9492831245122628,0.7541440238922744,0,1,0,0,0.6501764207308401,0.10509093619638293,0.25960188316255206,0.42387932761345565,0.8511052948332278,0.7,0.4956875380743372,0.5570489138031565,0.2652697786164659,0.4905529748266085,0.3391555915501174
37.301623481455195,29.841298785164156,12.424701363750383,115.15924542503566,5.760403736314837,61.50166088786719,208.5623155322765,381.69705081404356,1.4347111028610133,18.650811740727598,44.761948177746234,1.3261251991192298,1.4447161493098162,0.8399326931064259,1.0565657587800685,7.0370592024124745,2.4390251710186623,24.164463236340957,3.3181772980042537,3.517813961831251,23.987463347199533,2.6024311051677076,37.178242979160885,21.203642517269067,3.7283053776194093,1.0588748737792202,0.33019839924650085,3.2790351918198306,0.6273926146619383,1.0895194569529916,0,1,0,0,0.17953313032757584,0.08783290126731036,0.2894651329709974,0.20369023706345754,0.11819073866263562,0.0,0.6339428873217361,0.7577096847678337,0.5360802467776433,0.6430982428710523,0.2790799123871911
46.06154471611769,36.849235772894154,10.289120971257802,184.253576297083,14.641854833121029,69.11273604854492,102.43715428800573,477.9773819097338,0.8216955139511419,23.030772358058844,55.27385365934122,1.063488914360236,1.0926999239212494,1.085664116603514,1.0688700296571019,9.688140319608493,2.96864885986518,20.018960007189676,3.2491886354932364,4.601203917537165,21.93995786025704,1.3343306763578013,34.662856987186856,20.86716198463798,3.443657737833418,0.7973573696398156,0.10450740401374033,2.1753307586589443,0.38351473005801745,1.4633890172640625,0,1,0,0,0.6511188023967678,0.09249104234627005,0.11703641525206099,0.47064166022021603,0.6503527327834553,0.1,0.41395067248013856,0.5768230464597781,0.6791884184045645,0.754382891826344,0.5599905627312218
19.6294513961385,15.7035611169108,12.394444383167773,114.80386354115824,6.379066839808046,83.23253608430471,297.6847308655208,489.95131715251074,0.7745912836801429,9.81472569806925,23.555341675366197,1.909873779501082,1.4480223583666252,1.1004704201581186,0.9893974114516227,10.377752219739858,2.5500940136610604,19.24863902842764,4.608989840587187,3.503485152486667,23.6523376175432,1.9390717229931185,34.74058432036967,21.45892344670867,4.287017246497904,1.7505869599133599,0.2628400193937702,2.2994339890137496,0.4790282304433451,1.467657860229433,0,1,0,0,0.4850334853085528,0.10396518989400258,0.1067530025148439,0.43787373116518963,0.23625320891176627,0.8,0.4527025135835848,0.7995311956239686,0.2391796075719308,0.8084092057455935,0.4555553225540248
26.43669034918911,21.14935227935129,12.92226136249478,139.21569291953847,13.881630076235698,128.19028761259813,146.81736003257208,322.03572896570125,0.9693963580667786,13.218345174594555,31.72402841902693,1.3826544975954722,1.3897438301414884,1.110295658385065,1.014944493728835,9.023874041002617,2.5606991280415476,16.875027957262347,3.8360178776701663,4.197225202840735,25.382654095985025,2.4928383730118546,33.341349911276716,21.792188216810885,2.3018871383629405,1.7029565073491966,0.4479261033044212,3.1785030362407998,0.5050153117028946,0.6833867631163967,0,1,0,0,0.5749820304216564,0.07065305878108026,0.20705287380043658,0.33930724834261716,0.8028735231796577,0.7,0.3304301068758898,0.6705377216407556,0.40950699042645433,0.5894273958804399,0.3925029210892351
46.50791724216079,37.20633379372863,16.363577608837144,201.05115747434343,8.082539586653516,131.7888869037536,166.79769933016792,334.66250676582433,1.0730389991603466,23.253958621080393,55.80950069059294,1.3810562106651676,1.0084548495584225,1.02408225217714,1.0729398404010362,7.36396757604815,2.624597637771216,18.83815410511654,3.233873269499615,4.160995932415091,22.030395909546748,2.569959353500077,34.58669598392912,21.857466292453477,2.8414762958116153,0.7857216811103795,0.26417420980337913,2.51141778699243,0.5469573010100335,0.613847696331995,0,1,0,0,0.6564839725010969,0.07701321841330601,0.17653955049917072,0.3701394490483673,0.9652022664383577,0.9,0.6418351811732753,0.5389429072918075,0.3992522779294525,0.8020699017779094,0.22521730371825918
51.51972791269037,41.2157823301523,15.293272602211855,160.62799296925942,14.54082817898474,125.80011089255424,294.8206274043381,418.1966564591181,1.2656178503440614,25.759863956345185,61.82367349522844,1.2984956173691742,0.9755505531055321,1.0045589723805306,0.8799098314284266,5.569087210975071,2.2911067525379303,19.431828447394082,3.599311382793033,3.2154614340088457,29.20872425469171,2.4010210550790285,38.30459906268558,19.458197053957612,3.121776931610691,1.5184625872108672,0.25032639853740035,3.7658374709403395,0.6423248209368422,0.7809292487189522,0,1,0,0,0.2799839129535751,0.13318510095051636,0.22000621862341774,0.39766019423191296,0.7201258271982953,0.8,0.321352065860093,0.6636224416010008,0.27672598850383107,0.8394835437289281,0.41491194074203447
37.37971524998382,29.903772199987056,11.352896747223705,185.89100375871263,8.202535966099374,58.628063652641494,151.13175869725313,268.23601608473854,1.0001152566519282,18.68985762499191,44.85565829998058,1.8033642501688947,1.2160590048965507,1.0290121261070775,1.1164165469518643,9.734646170363245,1.8881179075760142,16.50835247794464,2.177991437174539,4.46520367822537,28.539174784267413,2.240250268336976,35.703563768576366,18.749350231933654,3.569685534938603,1.0148873589242566,0.3106500478859171,3.304405962020059,0.48207504480196695,1.3279238016695456,0,1,0,0,0.37701972404496303,0.06445142549985163,0.1601164279571222,0.4463617863982542,0.6809953374884837,0.3,0.3810352439259666,0.6425058948782362,0.20299784151189543,0.5483630804480623,0.24462342555335256
43.01010513534248,34.40808410827398,11.77785868743989,172.53317482534402,11.099777179368264,104.58535797807437,169.47094009559834,277.6498043578765,0.741310182458072,21.50505256767124,51.61212616241097,1.9465578782761028,1.3427306283557159,0.9128136199082147,0.9030573612745374,7.872186700710438,2.2486379655411164,21.48981962522501,4.762762404703158,6.398424687275121,28.261754523185495,2.906375672562538,37.51572072242516,22.636358569667454,4.089120535018779,1.199730708401252,0.24343797770873676,3.520467808147803,0.416293607813911,0.9299950526990893,0,1,0,0,0.48667094049113546,0.15095202807217958,0.20642407576482844,0.38577935751750403,0.8131880746268194,0.3,0.7957303558768754,0.6850542758637043,0.6680089180592848,0.4965905223963994,0.5763019759768124
20.714953291973938,16.57196263357915,17.955858671253225,182.13512976526832,11.711526444053806,103.96377285467887,268.0808892863078,438.73327482379693,1.3493251136745639,10.357476645986969,24.857943950368725,1.389581442053541,0.912577486521314,1.0997890115894955,0.9712765492481369,14.051786318703254,2.9400276979243634,18.529707756151303,2.71032066319811,5.229928059411819,24.066690183930262,1.7979821645034806,32.46656662410887,19.629792756128204,2.947245150029132,1.7889981770151795,0.10397127893946632,2.2766471616436776,0.7677643780692914,1.4680404167807233,0,1,0,0,0.16600732750317632,0.085214499518523,0.1556982525921608,0.44824444833243704,0.37721599562777897,0.7,0.6769020056350752,0.7437132443022356,0.32487875639473857,0.7826261472922069,0.41543824793243983
28.939969690477273,23.15197575238182,11.335149226372437,181.26533935288185,12.152080023934024,119.64324917877327,243.93979236744258,221.78928523028333,1.2154618028203354,14.469984845238637,34.727963628572724,1.423530664290841,1.1860752584998537,1.0969693992043184,0.8938908990975222,10.618194132667034,1.401331338934185,22.31597992734864,3.820360533091188,6.031398916898466,21.589906777798376,2.684073492819155,31.4588868050071,22.990065058532046,2.6150944591406535,0.934051005447841,0.4816601906115029,2.854142606917747,0.6315399845840346,1.1008502839679326,0,1,0,0,0.5176888976468594,0.15821293957803548,0.2221810598898628,0.33525214631468747,0.718435221844654,0.5,0.3702009074937548,0.6605214382168512,0.44075730375209354,0.45829005039721427,0.4379419651925007
27.961296539650565,22.369037231720455,11.75929951572652,183.7753322938166,11.865371973490056,118.53968027616182,108.23177340968857,346.9859729491493,0.9963881167396605,13.980648269825283,33.553555847580675,1.727788126498476,0.812696296130189,1.0835129622725932,1.1082382737188068,10.20960897733524,1.3913267598151333,20.17966435070531,4.343624137459286,7.87204861396616,29.390748952662936,2.1099135515637295,37.15520317863279,24.96517214468532,3.030973975633547,1.871391433602031,0.3089977844424495,3.7025890642748576,0.7411116598979638,1.0704916668658353,0,1,0,0,0.42108793672900136,0.14337920415875058,0.18617483583047087,0.31880765472143824,0.24446025839607655,0.2,0.7679497388791159,0.5978223063836672,0.25135568404796144,0.41404857209960255,0.21776419931820326
45.51475234128286,36.411801873026285,17.39827459539871,141.91036050964277,14.810292585685714,64.06520653156716,257.44148561731754,326.63982126859105,1.3852028810399748,22.75737617064143,54.61770280953943,1.9253568224675726,0.8488438360891533,1.1140472514867215,1.1068765506048581,14.58851941860011,1.965321625974197,21.441674882264934,3.9055258270600373,3.821557380742557,24.948006502261727,2.3608717470838165,34.75047133642547,21.595244966050895,2.7783259857689853,1.3619500519072516,0.2131342479881859,2.3446112575337676,0.6977287745262173,0.7909923714019897,0,1,0,0,0.24722073516562237,0.046555649399839714,0.11493077275649582,0.38941428569923014,0.09617866830709142,0.4,0.7193956810405425,0.8565768806776184,0.691393812196547,0.4017565928836924,0.28429443732029225
26.66519580372373,21.332156642978987,18.328277847093627,195.73066554383144,5.8525568784702,71.97806531068113,284.88435539047316,227.72093905837806,0.6099581591444462,13.332597901861865,31.998234964468473,1.616724193777519,0.8212164529971328,0.8494279857090844,0.9097214877993364,9.042919127870046,1.554042222171208,23.45577766299977,3.84382451453783,7.514984680768767,28.798391655241254,2.6896471424793487,31.551114952449158,19.25513660539853,4.422089685695825,1.4360684834138775,0.4013732689737193,3.8175876432207367,0.9265601737587552,0.6492888543610775,0,1,0,0,0.4139286854889669,0.09702133368229628,0.08043620156168696,0.391686218991606,0.9100832465731303,0.1,0.4448090666752295,0.7831297181118967,0.3702552132491087,0.8818225693082385,0.5655312665755745
24.31919936257927,19.455359490063415,14.21477055643022,191.76493797409384,8.883522831834998,97.4214799365601,298.9398902520285,440.22932911133194,1.2453847138513767,12.159599681289635,29.183039235095123,1.8952590097408895,1.373627677815959,1.0096627911489262,0.9416822909214916,9.002689935078756,1.1984484504926898,24.840622869265587,2.8567366159146825,7.21622628309153,27.777189267167795,2.170598983168187,31.548944142926153,24.314675270090152,2.5500603270039885,0.7001776785124739,0.43960647876563075,2.4765424556766678,0.41671278276919294,1.1901037897206184,0,1,0,0,0.1954654321765769,0.08695249398956348,0.15145727735188255,0.34674124366248493,0.35583900402858204,0.5,0.7681524742840049,0.7140496826154261,0.4834181014161692,0.8693195380081145,0.4016462802921599
37.35124721415415,29.880997771323322,16.67078283825376,177.72368385646084,14.664502734488007,102.51435200108996,262.3404087291823,491.42750895016366,0.6803939224394577,18.675623607077075,44.821496656984976,1.9494816104375003,0.9739291440953352,1.037677326359738,1.1835856641751243,7.316361799599408,2.2001700602074106,24.603684214807082,3.6317733207316274,4.567189926731343,21.70523419494855,1.0428689227735837,35.1242092018741,18.799867881204086,4.288190633852902,1.118721855005223,0.4194826202316343,3.3028097448309293,0.4889430688150373,1.240292941646445,0,1,0,0,0.3861673170249172,0.08342250339194508,0.29148833268050955,0.44482866925742387,0.5328550331018154,0.9,0.6794327731875706,0.6953271298476718,0.41658902611175774,0.4213026192237129,0.40465672791188734
37.14030903936167,29.712247231489336,11.394788118892832,188.9668252018281,9.241521681346338,81.26859926629427,282.04226381667024,427.8292118503796,1.200577250941802,18.570154519680834,44.568370847234,1.6265016999149042,0.8060568852058092,0.8133444377363646,1.0104528391433636,12.896665583450801,2.371282637174489,24.37268497324322,2.7639701017586145,4.344698063480061,29.89362318786561,2.630008381630791,38.172737624398266,23.41937535126101,2.3768949969720428,0.9049958628241048,0.4506276145835443,2.6373411923254224,0.8751460190741935,0.8499324725541596,0,1,0,0,0.15241583273248147,0.15827429758715514,0.16925498778764045,0.2471321733272259,0.17280237647903196,0.4,0.42414140120802757,0.8270785400117531,0.4943603240515337,0.6402892673968292,0.5745108220224219
24.765072568968055,19.812058055174447,19.395905268191232,181.1152973733358,6.095618952607364,74.14132447782141,125.83805160028692,311.94960451598433,1.2975114791452516,12.382536284484027,29.718087082761663,1.575203582882254,0.8322812737421666,0.8872272047734409,0.8959130092880531,11.866732296220139,2.2330980114985985,18.26812768713871,4.629461512638207,7.516588654931394,24.32592632473829,1.0043344895554034,35.65193883219744,19.092282989527774,4.099402799652482,0.8261850766322711,0.4459454187481927,3.72185909080323,0.34668475148843014,1.2761586246325636,0,1,0,0,0.5588709147774003,0.051190182064272755,0.1938061227479055,0.3191436786490125,0.9255428982275308,0.6,0.6336573356601977,0.8838177263394655,0.5688361458421634,0.8823458234504473,0.5738570765836739
25.407239552929326,20.32579164234346,11.69648656065113,192.74276800423192,11.359304524012838,56.05951262749359,199.20727600835795,395.3365463586458,0.9588839817785693,12.703619776464663,30.48868746351519,1.0650075159754222,0.9707892453096554,1.046816889183029,0.8081247144796636,14.144406788602783,1.6984468229210854,19.06819952424526,2.158770703217246,5.0125480342232045,21.427695918791656,1.0042449165756433,38.80423789817114,22.55787813969965,2.6289143605121925,1.5119331982853073,0.19980596588097876,3.5169646595143167,0.6697470737473402,0.9255510024399268,0,1,0,0,0.4957449543399245,0.08390795789900031,0.1932681321352427,0.46956386949461704,0.27082644986039894,0.9,0.5286259418306857,0.6915981878367881,0.5361054363763378,0.7893883192851795,0.3145217933685435
42.66414171467802,34.131313371742415,10.091817334379854,130.50528858766256,5.83057711226313,97.37932303708213,196.76794112242663,284.44823829717564,0.9365313760489155,21.33207085733901,51.19697005761362,1.0681095904826203,0.941455693815463,1.183111289527246,1.05945625906273,7.021960282845531,2.1339887440527194,15.816935163209262,2.083293749874536,4.248617458317419,24.046370499295428,1.8143467319158013,35.96049696680942,18.664469961470754,3.488993120383571,1.5252374561990765,0.1289414121219546,2.1453769878693336,0.7961157194617219,1.1066196323718067,0,1,0,0,0.3353794234863533,0.1311531203744298,0.21645237523714958,0.24437854536974732,0.1480431604073222,0.2,0.39152011177206963,0.6866504946482763,0.2140171751000065,0.8505158002759367,0.33793382756138135
22.1117543533323,17.689403482665842,16.621623132255557,124.92345286512699,11.865999454845218,87.19028891303374,139.85492812052195,444.5085663847147,0.7838311116553766,11.05587717666615,26.53410522399876,1.7477384644474,1.466388475151347,0.9424811007164653,0.9250282960747598,11.212694908682806,2.457652875069678,21.768174473926837,4.00172543183976,3.7538261179465304,25.338358569878082,1.174760227010961,39.08896041103752,23.008398551126653,4.4137744168005,1.521602924885916,0.33408506731508797,3.2160462017098386,0.597494021084779,0.8130535660140522,0,1,0,0,0.4835314280249105,0.0782845480291672,0.08796180650137812,0.30552192462884276,0.5699723446236861,0.5,0.48830453657158523,0.506568824217982,0.32395867462010536,0.8792842052339349,0.2427392374137286
15.337023099341714,12.269618479473372,16.168887766173462,141.455889032403,7.0794352239328875,64.70506863203923,207.53907974423794,239.15591425225904,0.67671404505282,7.668511549670857,18.404427719210055,1.8740645361309423,1.2506032256620436,0.8598875690714745,0.8021598140569968,12.181812771416508,2.284841753708185,17.110358244646996,3.155834536511944,4.7218643617679845,20.2401270092442,2.0518799036437203,32.37961743769351,23.91634134077951,4.042090772734728,1.5338237567682045,0.12858149492506696,2.779346197554891,0.8090269834620754,1.1959459705517368,0,1,0,0,0.6003368007243537,0.051725662981560235,0.22247256394312992,0.23269738371748755,0.7485379486332678,0.5,0.6842239851733224,0.7067032669723452,0.669727426437658,0.6939949386240891,0.5537421564518847
8.784040986910888,7.0272327895287106,15.085028276950778,155.39078187808337,5.261042400446776,149.27636197455175,235.7570031911643,337.0543488000583,0.6595360850645581,4.392020493455444,10.540849184293066,1.9713278129688563,1.2899796391979097,1.0824036087629072,1.0763108377950443,6.753136184295366,2.1718603702087202,23.68836091078292,2.8531588683631885,5.747735451737462,27.043719626408897,2.5200455734082254,32.83466979057553,19.676541942211834,2.055489033532137,0.9633852594079704,0.11868966987230847,2.7499380753044083,0.4261128074321209,1.3465041100996347,0,1,0,0,0.5277130249070913,0.057989307208207705,0.17982125494359857,0.404173472618878,0.23029535496719478,0.7,0.6624714072398488,0.5452617291792263,0.5264498651101819,0.6887937760161642,0.49746849014211453
39.3627988564099,31.490239085127925,13.295658577620715,175.2322968401387,13.853155004405618,64.26283096886056,207.8956863336872,382.53458537531344,0.9742568886088282,19.68139942820495,47.23535862769188,1.2613074388429308,0.9775357713835934,0.9807533105603653,0.9170324697976556,11.263602314024208,2.9416925454238223,19.873310168447794,4.186599664831586,3.011554357004968,22.64517671254498,1.7651036839112657,33.886001168250445,19.985629433900446,4.059086436964888,0.9136927156193979,0.2614575916204732,2.7816077794516625,0.9561270710752747,1.243820365543757,0,1,0,0,0.6368015644873342,0.14096537855011854,0.1546145826094502,0.302026646892395,0.7603360241435677,0.6,0.6872532725206164,0.8658782977034816,0.4363153438084978,0.4448279529052761,0.5668412883668883
36.5084276749697,29.206742139975763,12.117031831607097,134.17210367960746,10.330765806143388,120.7903228307287,229.22016459000318,486.68928752015313,1.0619992764813428,18.25421383748485,43.81011320996364,1.8574317378461314,1.2288862697216443,1.1969138781178081,0.8892433332965298,14.69680294320309,2.0969337391908405,18.659556569253674,4.540711696263946,5.1589956497436535,24.42343894397697,2.804711002096827,35.84038681208255,18.149923730665005,2.282525512399949,0.9424902477859101,0.3934300178964055,2.9614433969232206,0.30171327628459604,1.0884423529203175,0,1,0,0,0.31552100678878947,0.1146596672701527,0.1558593182370781,0.44363690103590214,0.1564973621714361,0.6,0.5211823163589935,0.7192121808641203,0.24492046221371666,0.7460581719609355,0.35252264552737056
14.157593017152752,11.326074413722203,18.369048905246757,186.06185493075824,11.216018978132057,62.26722405910597,217.50061085302434,378.646822363625,0.9849636581352674,7.078796508576376,16.9891116205833,1.144653642240633,1.195558466764601,0.962618847795678,0.9774662385525273,14.726084782597539,1.5626147852774173,17.96509636365355,3.5475744734157892,6.188244000087529,28.485955377914497,1.111992064153897,36.41283625440459,20.849607728449488,4.961029873939426,0.8825159265050271,0.20176036218246504,3.675805181086795,0.3910153896769545,1.121851580693741,0,1,0,0,0.6827924782546951,0.08721748429541475,0.2691711191820966,0.2447525283270661,0.443672889411555,0.8,0.5378966417880948,0.6951864542845294,0.36063156449770417,0.5084918047404394,0.41710562714207805
19.167284888182724,15.33382791054618,18.103192803357068,169.3039610578045,9.043783693810514,72.41021364732376,291.53711933299496,406.8852154724553,1.298809116435386,9.583642444091362,23.00074186581927,1.1960440070602307,1.2055110293447542,0.8806755324445189,1.0290666573569776,10.712751741338149,1.438533728346352,18.59498634928785,4.058699611063005,7.39441348985283,21.631403999057696,1.7323034131538773,36.26875409582176,20.272769233860082,4.767002726013394,1.7966846876254565,0.4892522595075496,2.009980727233814,0.4086289943503095,1.0987236901241844,0,1,0,0,0.44332380012080674,0.10720296499582523,0.21149484058513288,0.28000177592143255,0.8869961939420015,0.5,0.6878857624693071,0.8488536575538063,0.36526219612522903,0.7600892062921987,0.2869045816996042
45.00742449937857,36.00593959950286,17.262089811501912,168.2031819965669,11.524190719097632,55.08614458304054,147.01498776258103,340.7324539596219,1.333709806901496,22.503712249689286,54.008909399254286,1.1877780594560474,1.4635069259089453,0.9875012219725618,1.10561844078293,10.48659560653958,2.127963858007546,18.550946220798735,3.800137872696042,6.503161041593792,26.519383510907648,1.6279044319794997,38.64765423441828,22.556867321168774,2.7304059876849305,0.7649231320503553,0.2018201661563997,3.6218642128324494,0.4839408980313623,0.9318457876728928,0,1,0,0,0.2128618637606836,0.1050749088828949,0.1734749849995502,0.2586171479754288,0.5381453400509244,0.1,0.5140952142712021,0.7497415872427596,0.23248818857298192,0.8179336443752201,0.4734779219436961
23.63525454300942,18.90820363440754,16.255124341823986,170.84756050962346,11.322423549526917,100.98770425090146,257.0891711751397,334.7524162566227,1.4798164853620044,11.81762727150471,28.362305451611302,1.0185741535585475,0.8622566479966988,1.021997408496818,1.1649824060352585,5.962786360880454,2.8408289303852046,16.06239675146905,2.09046253131933,7.847939366159217,23.385944043040343,2.853544734817387,30.930438703297945,22.264121397778712,3.3524531911025175,1.4989363659524906,0.18963077023623526,3.3664191266224393,0.8727311808999343,1.042822068685958,0,1,0,0,0.12019984495103961,0.10010332828717054,0.08089284370016393,0.43040132892324595,0.4231762182504395,0.9,0.5037596306744228,0.5573947080682873,0.5158092164509624,0.595152827654303,0.37319855835505156
17.441175385316807,13.952940308253446,16.929647182949427,155.610356842755,12.964199594235964,142.99545947150688,115.34788325702085,345.02136672970954,1.1563917540438504,8.720587692658404,20.92941046238017,1.9264277628688582,1.2056533357177095,0.9781611119986953,0.8640586648931022,5.82014146930895,1.580100487659788,20.36771512707098,3.486092509665895,4.832041078966096,25.799626804582445,2.9037758812062098,31.75035313803273,24.341596325794825,4.8289510957827915,0.959636590173087,0.4433134338642476,2.2618355087952935,0.5171504058961599,1.3069822972199447,0,1,0,0,0.2313570589864809,0.0874049061056133,0.19126315647740624,0.34695017363351277,0.11727514843679852,0.0,0.7964857400026437,0.6671987821501651,0.651225166793687,0.529451259820747,0.3674061703846968
42.159870855585076,33.727896684468064,17.619690076366155,157.1838521457123,12.17269854629916,102.08744610275372,269.15231100455946,403.751125193476,1.1786865774741737,21.079935427792538,50.59184502670209,1.9219845982328583,1.1128547428620679,0.9018051703985235,0.9833793215599806,9.461611890757275,1.0186426204548513,16.959291845376487,2.489664023467185,7.163882502972866,26.414464028392892,2.7179217588560083,38.02924139102029,18.922928936014653,4.494462201560229,0.7223162713878777,0.47855577151618023,3.205809638721599,0.5036965708007347,0.6119848113739156,0,1,0,0,0.7038651516906836,0.050966340880668565,0.16384414733024819,0.4687018685605064,0.5307400521329573,0.2,0.3880754150221077,0.5012856690260862,0.584760878171894,0.8430351227409034,0.41046227590685763
43.72560528309337,34.9804842264747,16.964449664136087,158.31280764446015,8.484671822136264,70.87689979196226,210.6835419237549,341.2760304985052,0.8414436565789863,21.862802641546686,52.470726339712044,1.2622970093187051,1.3516459835997328,0.8931057154607209,1.032944124378964,9.92883720632706,2.94622234774425,22.45603864257071,2.9254616936847153,3.423612141609957,23.18638422099027,1.0241029956744965,36.25349907108129,23.676056284103446,3.577009650375996,1.5202321886481478,0.41960580673564296,3.695693876296762,0.7204085630459179,0.7567212990687389,0,1,0,0,0.30377046818499087,0.1436569972125739,0.15756079837923223,0.3256577066393484,0.9610416028135736,0.2,0.4318324522601587,0.7128764628624318,0.39325653597291554,0.7434918183912634,0.4246747072280405
20.578103308056505,16.462482646445206,15.180901470225141,192.07827266406713,6.72897846508563,98.44981797335178,211.60739431555575,429.889286505849,1.1432637911048498,10.289051654028253,24.693723969667804,1.835661760885885,0.9430550113839283,1.1026603275435467,0.8573285319829016,14.572027049297017,1.555732096345556,20.235998906994393,2.6916456240564774,4.925389250648773,22.44117364495741,2.5833158534893546,32.0933919969371,21.709473045167158,4.737597655564038,0.6922045005179946,0.38333711621603206,2.7087218429847386,0.7802663720034764,0.9415685883237802,0,1,0,0,0.3963903531323979,0.09898785954480097,0.10919520890244887,0.353340214559789,0.9465680768744386,0.3,0.7701373712646669,0.824680665656659,0.42252109016280837,0.8002026307888137,0.4106084346880958
27.845606290905835,22.27648503272467,13.515472028101023,136.46235963340155,10.569871342656327,107.67940386333203,104.0334632671438,464.42523876942323,0.5127644492182506,13.922803145452917,33.414727549087,1.2936987219651837,1.1857579197920534,1.0708070457929493,1.1300830495085155,14.384523193561488,1.2560591389828881,15.892147512506352,4.566864495881811,5.02680292371941,22.1002070501794,1.982893186709885,39.50157744927591,19.798468217185924,2.8205560074024683,0.6836773315834016,0.13932159374711606,2.155296451361745,0.6453451340446432,0.8343170295412778,0,1,0,0,0.06387820727507709,0.06587212322177258,0.22273129810171685,0.3974543686969864,0.2414872313969022,0.4,0.41159201662722694,0.7433803676165918,0.6021381345808314,0.7485059942072515,0.5883044095933865
17.376340155476548,13.901072124381239,11.081089139744385,165.02152454069073,11.526777212215029,74.06065499004845,218.12222440504178,359.8783004205469,0.9356200683038985,8.688170077738274,20.851608186571855,1.5391756249940514,0.8977438694637947,0.90281553891857,1.1615015315539898,9.6687466446246,2.4979629861811774,22.39342705415744,2.7049433061579986,5.567833181010826,27.153609095821515,1.9867870648792352,37.113320549283166,23.039571469244052,4.035482038873994,1.05842537640337,0.16129556070470855,2.0622609931525746,0.468604174856465,1.103640837205024,0,1,0,0,0.733821628977693,0.0901157342910908,0.061885607249109194,0.3158505842712611,0.7508201260410464,0.6,0.7174699266144101,0.8421891903302614,0.3030452192822982,0.7430216867366986,0.29798508443036187
32.33207046152455,25.865656369219643,11.281886956084051,202.28004182720173,12.781964823063774,130.01514176083344,130.5546624789108,423.873687787563,0.6970244042143612,16.166035230762276,38.79848455382946,1.49208617613903,1.0420587675080237,0.8127848227737187,1.1522260820694337,5.65336193006999,2.739125957220392,15.513443154574093,3.7193379322879627,5.825333210503365,20.054360096611926,1.824618564961875,31.25149570975031,21.991256295927,3.794281745191168,1.104017570620145,0.4040453723662847,2.298027998131234,0.6720205729065596,1.4810706803915208,0,1,0,0,0.07759870642076244,0.13103092442510747,0.2848436003670212,0.264388397136619,0.19351338803301132,0.3,0.710508701085779,0.7320044458263653,0.6135955043400354,0.4626524761988413,0.5525835101628077
23.986617988242905,19.189294390594323,11.893663517991833,145.2542880862793,5.869145983848637,120.25066349853167,253.5306607926116,389.0994804646713,0.9055057111919789,11.993308994121453,28.783941585891487,1.3697482701263508,0.8537487676100234,0.9081408146453981,1.0156264303435492,11.404470533705192,2.2592155696110385,18.66135461105025,3.7302126217126537,3.0323168875212323,28.95626433015536,1.6611954915625493,33.218893928561194,22.847427519237083,4.284362246553754,0.5091333808490024,0.2801331429220354,3.724113386208053,0.41437174169116175,1.28811910839217,0,1,0,0,0.6110766777452072,0.1441878052502903,0.16569376165151437,0.49346466870109706,0.15023362775821092,0.0,0.7674831290483762,0.5018733739328078,0.6978379865953923,0.4776959770779572,0.434593287849218
29.295441562050364,23.43635324964029,12.407556981507792,147.20557628775413,6.447796701101267,75.96307429963288,267.217232672028,469.0961391215145,1.0287370113130385,14.647720781025182,35.15452987446044,1.604997950060464,1.4802683876513496,0.9165198700619145,0.9691152515103342,11.135123295078705,2.751517433939778,22.810970314877387,2.5162255574956123,6.497463574214148,26.68231723295201,1.1706701969862696,30.919849430896548,19.73717848787904,4.011067404261675,1.5143004047494661,0.1310053055453133,3.2931015862702075,0.9368661024863081,0.8277349478878264,0,1,0,0,0.21471397659773328,0.12285049680359,0.23664217564563889,0.4120718753730981,0.47029666222171385,0.5,0.48469648691830525,0.7624263907207494,0.3691627960263212,0.40755192556481923,0.3342224946207893
43.45765564965927,34.76612451972742,13.363494835132986,177.57186952551166,11.094577211807582,78.28674775306877,171.06030652050043,254.01170834109652,1.4368976535642695,21.728827824829636,52.149186779591126,1.3117348939187918,1.068142468532355,1.127360685126163,1.0019914319255596,14.59922317254659,1.794563272530781,23.326217582170873,4.2269201973258,7.517277706871844,26.5778604031972,1.0329348436103987,31.837368959664804,18.569674939146605,2.832774250810192,1.419188174120296,0.4711230182485945,2.403868110811354,0.4095286226596914,0.7005322747362469,0,1,0,0,0.2525589474493905,0.0841933401388178,0.2058667305082259,0.3784272501538388,0.6396958154499631,0.3,0.7495846267890095,0.7625705203158102,0.4921471124248344,0.6329177224680873,0.4489313062652751
32.74683208594661,26.19746566875729,16.092888949176654,190.65914658705762,12.251229268280406,118.83881893027312,125.06361731596945,411.138074340636,1.0328084064829528,16.373416042973304,39.296198503135926,1.3439258871957718,0.9576688960148037,1.0953336730730105,0.8975000484538996,13.631002623158167,1.5191309068972398,16.648639688604256,3.965237612669535,5.885762596170173,24.442492919744954,2.8991178061653864,39.581814591922196,22.10991303902381,4.855721176719891,1.0291546308505493,0.23650467218184038,3.032929201006474,0.5743486218644511,0.5650040700064479,0,1,0,0,0.058871353637013665,0.08335579719797608,0.27663177436774666,0.4262669580948347,0.7667440241994535,0.8,0.4845089186900018,0.5918521054185844,0.5910991997883108,0.7715813202529705,0.5780983529988898
24.96945301972955,19.975562415783642,18.61689235094233,149.93421734786972,7.738556687758019,145.13794748705976,145.6133270479624,408.08568483921295,1.4966751511080452,12.484726509864775,29.963343623675456,1.2705335336546018,1.1874292524891423,1.1750739232933731,1.029454503009437,10.333745026549716,1.8840367891480632,18.569405624456866,2.414994908179058,7.361651137201272,24.190277364882338,1.0035935134378977,37.15788547233364,19.605052384210353,3.257413040830572,0.5697400110050468,0.16885432049812615,2.648715153845468,0.34803280800705416,1.3499581226148571,0,1,0,0,0.39566200656045325,0.06619051540569455,0.1447845579196633,0.2117522430172398,0.9092376939934651,0.0,0.3170913221706927,0.7784139248296167,0.4978993761461262,0.5329643940164037,0.5257593958197815
23.762653821217462,19.01012305697397,11.123368500114966,198.04822997963635,13.60244764045706,145.70454898597575,169.84764486200015,336.9738978714527,0.5732693761771577,11.881326910608731,28.515184585460954,1.975255518520558,1.440507291926238,0.8614433897334586,1.023753002370038,6.22577546756731,2.141820947628651,23.333804602514938,3.2061577508099157,5.51734421255269,22.235006814212166,1.7596272020432426,30.073501999735267,18.403237727915275,4.746769268753107,0.6226645007556827,0.35608153001667364,3.7674055096869212,0.46405085661994316,0.7013705105155104,0,1,0,0,0.2926024637302157,0.08834291417443106,0.20461817928983383,0.43308827949536083,0.31038721444833073,0.5,0.4865843450169137,0.7400611354402667,0.21127936141937276,0.4861487291761739,0.27885123515628907
40.10684100414636,32.08547280331709,11.917541075596205,144.50158725402224,6.502283696300777,89.43145356143526,135.79867177175575,411.6120338635292,0.7853524304566394,20.05342050207318,48.12820920497563,1.330566292229931,0.8283053602870166,0.9551023141829414,0.8279594733875066,14.649510591023104,2.8047123583543065,24.30555093282222,2.8742800933507433,6.892034477484314,28.244064375592266,1.3178886469145208,38.878517240670234,23.50269801217859,2.241750327165926,1.072967562156847,0.17220936854123997,3.878688280368917,0.33001982814057534,1.4542581372363887,0,1,0,0,0.2336656121601627,0.12201229975742986,0.22175346345288938,0.3726988624379233,0.508952666789719,0.0,0.33217482285459893,0.5030701777636666,0.42493120346074165,0.8588298500763324,0.3823230492441185
21.058302724566943,16.846642179653553,13.485015376804801,200.98479189086973,10.070257808780578,87.77568777148011,253.1475113250877,201.09096316522823,0.5430301591965606,10.529151362283471,25.269963269480332,1.6879465681342722,0.9302057780960673,0.914647281794595,0.8197121189272747,6.273504728660849,1.0262967449374778,22.406930934018476,4.9830866173362445,6.029516992506316,26.244968825419853,1.1560305927168242,34.25928194372122,22.443578553245715,4.0368556720014315,0.9611725449643209,0.3283940600565578,2.5776812439303742,0.6911986460853112,0.8247319694658635,0,1,0,0,0.29339410389288456,0.06377878753018966,0.23336352086432402,0.2476950304388364,0.4485507696307892,0.8,0.4277972285177907,0.5186834671822437,0.4738467433351431,0.569491717939089,0.39031926244193293
41.487206299106916,33.18976503928553,12.419295080389508,175.98606265388085,10.880254003032643,55.046432567272916,121.50965329352184,201.43408138590738,0.7478758322575372,20.743603149553458,49.7846475589283,1.654372321008315,1.4330808769375714,0.9323799933560406,1.052628517086363,8.122350582407428,2.3274973891660116,15.263744789891833,3.9716876506712935,4.885341845753834,23.79511509851724,1.3977771563862609,38.41473289373395,19.24947056936798,3.445483173174849,0.8536648154279441,0.19693806767909297,3.141055587495397,0.45277213967300045,0.5003807914149213,0,1,0,0,0.07511501176341222,0.1534316343529197,0.09562776774720745,0.45723887030710275,0.38440162706936165,0.2,0.5268815289501244,0.8802623697976641,0.6015657049614496,0.5031170611080483,0.22485559518805565
39.42993041348629,31.54394433078903,16.26386696124521,123.28492728742295,12.584047345134902,65.95644361146658,257.12844857065534,481.6063891493911,1.381838450576899,19.714965206743145,47.31591649618355,1.75386272601682,1.2130408976801206,1.0929533651258905,0.9978927372986155,5.200223789762408,1.594420725992838,21.483096885161796,3.62879647162542,7.81564572288952,24.654163802290714,1.6226358190566623,35.443999232271565,24.73813997547443,3.756404764032002,1.438250381326402,0.3027872113417134,3.6978327382583034,0.7122548483152966,1.4765964174938113,0,1,0,0,0.19408996707310888,0.09888866766738158,0.10781320930609752,0.31424091187483777,0.43384119597413195,0.3,0.6827322651118499,0.7492995378608639,0.5236048780782272,0.44089289845209145,0.5787296020961548
22.021323547350207,17.617058837880165,16.222517997147243,125.7400929300592,8.521998786854281,78.73800615170039,124.84072076358241,330.2910862530654,1.0228494119594491,11.010661773675103,26.425588256820248,1.7672420762829395,1.4759039854451546,0.8002042427523196,0.8921173133650492,6.586252200616047,2.5790392569293683,15.469429274901847,3.61440097455405,4.03066163689809,20.926518165201678,1.775884746582099,34.05966673032551,18.576460944480875,3.480713585998934,1.1492530094630258,0.495262561099445,2.765064802537118,0.933531194156936,0.5102205326613012,0,1,0,0,0.32907018730357834,0.08731778944887311,0.0823976383161466,0.27086521928965335,0.2802732707119364,0.8,0.4768573281646831,0.7811600553473259,0.307937363464047,0.42718577953317044,0.4420164070657622
24.65606349125534,19.724850793004272,16.851714453648874,160.9653609523199,5.705353281973489,100.9724852652271,252.32622401459741,238.09202082067324,1.3572194622115576,12.32803174562767,29.587276189506404,1.3875467001678095,1.3027964115934325,1.050769151963384,1.0512666878040773,9.425024546576314,2.324366830933675,19.65901868004476,2.006464707802907,7.952598817550028,23.582815699394455,1.4476372958911456,34.38929537857384,18.824951624331078,2.9549326964572944,1.0403990814298634,0.21508665617421274,2.8557463041692053,0.567469494388655,1.244706360431974,0,1,0,0,0.2116047236351945,0.11652757998249207,0.22728058001477358,0.3536809873785526,0.6175200280943872,0.4,0.5538493780265601,0.6663884805681421,0.6216816991817107,0.8607416891477349,0.4182353761554869
29.608339358339457,23.686671486671568,18.363869796785302,141.67418219833522,14.478816987016435,134.94766549933502,136.30643201572863,251.85403402034876,1.0781055056080961,14.804169679169728,35.53000723000735,1.871548112740474,1.0413237404828084,1.0920262369985494,0.8768411635273547,6.596231413628897,2.9469735299762556,15.833556795187217,4.938466458214725,4.902330036257697,20.239584257268735,2.5031849493159877,33.64929430008336,18.369086265684782,3.613254786818809,1.5490675595584942,0.268946799592684,2.875472218586091,0.9540735969826986,1.013049299078589,0,1,0,0,0.5868330878780252,0.06924014726514424,0.25760817871267994,0.3839415533929382,0.13121987930704604,0.3,0.6906369912944686,0.6780978341883404,0.6885750565050368,0.7131896103272319,0.5822462617484964
25.488557376740097,20.39084590139208,19.254639846306773,159.73145902610278,5.734322905967716,145.43517229522058,266.272400715771,235.9384158981515,1.3960180930183759,12.744278688370049,30.586268852088114,1.1501852429361938,1.0530105008556856,1.0721028104058534,1.027171828638633,13.981114214311662,2.2161367163550554,15.351843098989024,3.650567328611709,4.375177994183864,25.21695702875688,2.449521809865267,33.46599490877517,23.39665110113646,3.2121262325669813,0.8654511319751073,0.36532242884589194,2.182899447025831,0.3371078503301731,1.1675722416683603,0,1,0,0,0.2425532991484023,0.06670018473267687,0.12935720135598194,0.23564958605605033,0.9709069215694063,0.9,0.7755057212045189,0.829105956714705,0.25649980572319026,0.5794837935674169,0.34176240330210095
19.677344483797416,15.741875587037933,12.266205546319627,160.0531900148227,8.427386346694554,132.08929103817286,251.1577145310618,394.6950423255082,0.6869864181587417,9.838672241898708,23.612813380556897,1.7867324402519529,1.226117895170241,1.0778261346417255,0.9539703451339714,5.523547327882005,1.1438575287390167,20.42397692412236,2.0564435155379726,6.718789887108471,29.087032161678465,1.2229691452367335,37.21978081307193,19.622691799277725,4.3621676132612714,1.6335518642464235,0.11728029643590357,3.132684117526364,0.756315644684616,0.9531716007204485,0,1,0,0,0.6496966960977779,0.04276057856096664,0.23740350688737633,0.49793957298538954,0.7285654711031481,0.2,0.6669381382297117,0.8818649232872235,0.26092183358917126,0.580004968883156,0.20020048961457937
31.642263397118477,25.313810717694782,16.446825305973192,158.62126098678937,11.498314792131907,126.8440379300125,273.53606716630765,203.97490489580844,1.297134095557987,15.821131698559238,37.97071607654217,1.0727730564243496,1.110416794903401,0.8910558541843755,1.1180822659557998,12.332315926671091,2.6204698199915257,15.574309978018336,2.7588311817430577,5.517532070914653,29.133772113376963,1.3121446056423778,38.88801812791302,22.329780478445116,2.3100074071103855,1.9962288334005474,0.48595788675487506,2.8604558757922693,0.938460179970688,1.4363474636469702,0,1,0,0,0.41985274816697427,0.15402311952835956,0.22436025152864086,0.4020127834252898,0.9042959072556944,0.4,0.32383778244347877,0.61162069072118,0.21726964988014952,0.41804483043774865,0.5211272848228985
11.581645910049726,9.265316728039782,11.696682464454012,196.78102017028843,10.44371544787131,128.0266695587867,269.70165472706776,426.5802362270398,1.3583317684533038,5.790822955024863,13.89797509205967,1.1470718467344359,1.4861622176671507,1.1246496249710678,0.9514862342081054,13.399483887822377,2.902429726338709,24.501997629935303,2.931953131239071,6.200023951591132,26.36328146073899,2.337639182994167,34.12822608001529,24.26172873689222,3.9191340888166835,1.5514025680071701,0.3237979301361822,3.8241553178643075,0.46746844771108165,1.3883453112102102,0,1,0,0,0.6568459502993763,0.07723727420857998,0.2232286862866712,0.4142109929502888,0.396556038710933,0.9,0.41038914721264275,0.5244521564755703,0.6533514309692885,0.5106145881781126,0.3712343843199918
34.63906850849383,27.711254806795065,10.142033812338966,219.14252314137534,8.648892530452372,75.1327621773698,211.3640138759897,428.44251042239523,0.9745029584761876,17.319534254246914,41.566882210192595,1.933295245016244,1.3506063599420535,1.1945007887974533,1.1660982862848814,6.074550121709047,1.2118784024442883,23.074850855469286,4.022397027925253,5.6067663613930225,20.706205161359428,2.1849285654825783,30.621553898131943,21.261131011140186,4.42770138849161,0.8378654389139182,0.37757618918991964,3.8257317255758068,0.8671515512948653,1.3137469412924405,0,0,1,0,0.17609114895138886,0.15497299103749693,0.11513128289790352,0.35164492860442337,0.35118585022428433,0.2,0.4075796924538675,0.8034435185938849,0.24936969703338802,0.7220486356583902,0.4153595442712563
23.805424577727127,19.044339662181702,17.28771684755893,200.0598587649935,13.7748948530798,57.3955824880535,148.4238813123556,228.50307719351423,1.1719545843578296,11.902712288863563,28.56650949327255,1.073761740878671,1.4151499947938042,1.0267761126222301,0.9438538064196256,7.822848133547849,1.670461819231161,19.595007547518087,2.0782544526520126,3.2014404918998562,28.853306834365014,2.6600618916790477,34.710560403491336,21.58865227544994,2.9791666167747204,1.2424737620889215,0.42204556642749824,3.4899162243560173,0.4137232465360761,0.9103691259127441,0,0,1,0,0.4714202482969984,0.07284262927019902,0.1108912329800026,0.26100892344790033,0.07611359799239237,0.3,0.3500487364448563,0.7418191805951115,0.4323313641793207,0.5144461399156696,0.5393932082997275
12.39731560304657,9.917852482437256,12.812111099852562,171.89823506303122,11.90077671025439,118.53045312393702,117.00843581354508,476.3146738913142,0.7035372928766173,6.198657801523285,14.876778723655883,1.6253933781258691,1.3877858332297182,1.1173282284293824,1.1681775132319059,8.974981157283816,2.295452073570943,18.689334587273876,2.0008381109617845,4.140042479682773,20.11533494639842,1.3437981407225652,31.653639031228465,24.60866473034847,3.7845470769624963,0.9942322149401746,0.1878600287089542,2.709155713264307,0.30487028683893047,0.8169260984243569,0,0,1,0,0.4115319238112344,0.12441260246713551,0.07227837932237381,0.2310189089350817,0.30860546288576657,0.5,0.3855012028109124,0.7615204695844253,0.6033331644158608,0.6468254878880504,0.3334781745031004
31.598661399203316,25.278929119362655,14.453352713179433,209.64526231721788,11.10639636658011,97.27055926038972,130.8442684577556,467.72155144527363,0.9493785327341393,15.799330699601658,37.91839367904398,1.3786833581230256,1.2493093456527544,0.9510840055171736,0.9247227752838909,12.419392099755122,1.7960961527984043,21.423916097314663,2.9383652076201368,5.075831563088405,27.703199434752648,2.9406629306295713,38.07349515111842,23.15513739655006,2.0971234126643057,1.4573947218673777,0.11131779842150685,2.113103206493242,0.8785191160935415,1.4651043638669183,0,0,1,0,0.6506813008601059,0.0458984338883798,0.2968462428840537,0.37309473177999664,0.8834078818142227,0.1,0.372214680740956,0.7947410880845003,0.48881904729901565,0.4263444838278414,0.3536576830571254
25.760792974328247,20.6086343794626,19.705160551809243,229.39139419372296,11.459165245671311,52.88233198144621,214.5200424817599,250.27943784043126,0.5706401185937415,12.880396487164123,30.912951569193893,1.7989567762592125,1.3959649309110156,1.1370204971376565,1.1925580587293276,7.028008831346348,2.5453785994939953,20.433576592495957,3.925977500457526,4.704636068788705,29.429594661357235,2.2469824047855433,35.7110918328008,21.20917421073126,4.705198099022965,0.7094311446061887,0.47214941340810246,2.6722738534860184,0.6588495441516125,1.1598441432916093,0,0,1,0,0.24313614711480752,0.13179755010717656,0.218950593572631,0.4638593578505094,0.09182114043853863,0.0,0.490684057413182,0.6119653708799788,0.3055272326543107,0.5730636073148383,0.5784659015149942
19.794125510640406,15.835300408512325,13.0461052259133,217.92460985451797,12.580346349185252,78.24184252953916,224.54001768156724,318.15471642094843,1.2582425560351567,9.897062755320203,23.752950612768487,1.7266661109593207,1.1800667018506974,1.108216258779839,1.0639819264187251,10.817677931621663,1.5888566108112403,19.186040576403318,2.574028854889188,6.055779093554607,21.27028365403063,2.2097785604183624,35.325804806025076,24.396588988464288,3.2385090620702166,0.9285104357137262,0.25724234598414464,2.3398300023580294,0.7126767100715272,1.0330344571635628,0,0,1,0,0.5327733880992741,0.10361674416723637,0.2373720893606339,0.3892517645852959,0.858438911368716,0.6,0.751041150794499,0.6960028590357321,0.3420729055406925,0.5766369541905181,0.5034959427775736
25.433454195549896,20.34676335643992,13.841002907099915,256.6084736956708,10.149214347882241,62.40907370921845,232.1949605379447,417.10351359377876,0.9205261009552799,12.716727097774948,30.520145034659873,1.6600624269485875,0.8493373200491876,0.8148059270378373,1.1681225041632786,12.320204050413981,2.7722694492823448,20.69910716701056,2.1975836225532306,6.271527022572069,24.980632955832522,1.6260122158492087,33.54834952310051,19.951643531837654,2.1334393384398385,1.5336827908317745,0.24552176245822915,2.6900945592344554,0.5203788425129933,0.9074266894286903,0,0,1,0,0.2250201690261083,0.14193855889165205,0.15364202256716294,0.4667088877380225,0.24948381968700797,0.1,0.6081451661900659,0.8148802940821029,0.6249577122594783,0.6991995699793471,0.5491405455601807
39.859323656489266,31.887458925191414,17.657708817474152,184.56131966247443,7.60397339515281,96.74538960438593,249.6997791355817,225.5531140253099,0.7407200640632846,19.929661828244633,47.831188387787115,1.4875971585187417,1.226590578218987,0.8062900037845231,1.1542241615356894,12.151411299312706,2.099803716850203,19.584998048565964,2.689314020142657,6.543771225928802,26.670268563842694,1.707568374049969,36.71683854086557,21.390219792895454,2.954633362614327,1.2555835662885726,0.14724914944164869,3.7857210749394286,0.5881935441359015,1.1606166403201215,0,0,1,0,0.6951715491994968,0.06555774783363927,0.09590345785804948,0.30195824307333263,0.10891933970111843,0.6,0.6749846501583023,0.6232899245716373,0.4699882273444076,0.4455766825809894,0.3668601545157312
22.214650536072337,17.771720428857872,15.18394586997613,198.11208084438297,13.413764330963154,93.19004016878179,155.96543713788228,251.0614455103246,1.3881419175018024,11.107325268036169,26.657580643286803,1.8786258443604738,1.1800333327841437,0.9927666932471831,0.9332756583380377,11.27830455424678,2.947613862724385,18.624132286954666,3.3897931959709657,3.6628608195481944,22.12672970573624,1.4502088153323578,35.00119573424292,18.4448589330499,2.9354124704968863,1.2200684760124934,0.3750382013144924,3.8885213321882546,0.8970116194743085,0.6086572881615414,0,0,1,0,0.05325290440049191,0.1341834515374415,0.2793263518733438,0.2267099608596115,0.15591577593077854,0.6,0.6104124490859311,0.8158864567722862,0.3008642064462925,0.8668615449336723,0.5148406358606881
33.854339459022114,27.083471567217693,18.771113280402098,268.43944802816486,12.869264109576484,104.49533115284251,172.8425496058353,287.7028836670678,0.5522140339342186,16.927169729511057,40.625207350826535,1.2352551697266403,0.8773740333315772,0.8858725951905835,0.8014089234431014,10.548866287050984,2.714283205023626,17.852901121971186,3.115970206019355,5.864531585594173,24.327015191858454,1.4528559099838714,31.62564950519591,20.10142808933439,2.0366133135059483,1.2098940219006966,0.3479360579409658,2.5156949519976948,0.6728027834858876,0.7986572484783131,0,0,1,0,0.5563854751918507,0.08581242916767753,0.13821912369554926,0.27196279938080603,0.8801978795817642,0.9,0.5767400971237302,0.6205546178591539,0.3664426853165207,0.7007258841364399,0.2679774582666844
30.822572641388426,24.65805811311074,11.955944789588328,239.98575115213976,7.098430945919395,67.10815948860433,132.53664918462658,284.18212824614386,1.261381495322537,15.411286320694213,36.98708716966611,1.5002140260418275,1.3458712491402216,1.0032095260599294,1.1783130693663513,6.038985971399365,1.9056795284413193,22.222153212622047,4.473614241026905,5.910153169805456,20.740648769775746,1.6098106636384482,39.56101868332756,19.529587402886023,3.8615567163859135,0.5034076648971042,0.24302214747034065,2.1966930802220976,0.4444257514686252,0.8446098465752009,0,0,1,0,0.39525565140533103,0.04886879171887408,0.13800869274060326,0.2803893850667741,0.4462540087477489,0.5,0.7509986558074477,0.5083872616409746,0.2587538839970139,0.7464842900315969,0.31938480505277805
30.55161363183784,24.44129090547027,10.205606488068005,206.07763300368885,7.846010791480964,99.37508983626569,250.01472194127936,433.1270460488474,0.9137099474030266,15.27580681591892,36.6619363582054,1.5597068581651028,1.1390131534774361,0.8659473629160808,0.8104924274646637,14.46563416871018,2.543613499364251,16.658628241398638,2.6582612196417603,6.672218806908115,27.561532989649585,1.0516323921173578,31.48113700866239,24.021717987533744,4.417482639221234,1.857699295335419,0.26066185370488715,2.5665260447465705,0.9280378149271797,1.449816721576977,0,0,1,0,0.6642958588742716,0.10233819489337449,0.27970131527815734,0.29892517011512176,0.5178281394164945,0.9,0.665381133053252,0.8455658933912032,0.519488530440537,0.7285820209716086,0.2877089938240421
19.046818612411997,15.237454889929598,19.11018332747936,229.54517424309876,10.775067646528036,139.73856612229463,136.4377214047738,221.1871353589844,0.8194168113302777,9.523409306205998,22.856182334894395,1.7898138302963913,1.1086376262403093,1.006503362724673,1.0959583701707982,13.98030957978801,2.404046207923816,17.40772482226127,4.450008851975275,6.4620705542976085,22.054603617588604,1.6611015804442,39.396922792722876,23.530006928738818,3.7990237755894958,1.9118510255006393,0.3212853034672768,3.1833954571205765,0.5976896765839143,1.4420909415037217,0,0,1,0,0.5668792862913844,0.08189047861362081,0.23457235615278937,0.3234535606630673,0.057881350107144014,0.1,0.5772395286183231,0.7066700846921379,0.2796056790389573,0.601105077263369,0.22648060810975537
31.316835124318093,25.053468099454477,18.54527090331651,226.74372734729693,7.610933221366305,93.2583146403336,149.1047581491177,459.60079578296217,0.6493154219767729,15.658417562159046,37.58020214918171,1.1102065807083588,1.347314362686133,1.1597719748769726,0.971812511649219,11.560558871968547,2.496813257191901,18.710165643861174,2.8768400947499067,6.087255868742096,26.14701273059636,1.340095196181264,36.14038328358956,21.466592055790986,3.9538387147077017,0.6042570341047508,0.22542222457171027,3.2552926822270782,0.6863592048349516,0.6787431754446404,0,0,1,0,0.3731471186558992,0.11896997001792041,0.18046669095230847,0.23542718407200897,0.9486155607607972,0.8,0.7065701728751179,0.5432240306741155,0.6437894506093695,0.4429093114055301,0.36343920940101826
12.321885199217753,9.857508159374204,11.94470837463728,238.22000817622268,14.976113294115798,53.278827569939956,217.08430240027127,248.54348604524773,1.4172111513675216,6.160942599608877,14.786262239061303,1.7452802849710194,1.3731017513682993,1.196115392564159,0.9296764122432066,14.634432087700137,2.415317865424296,20.184152354233255,2.4065050289009857,5.045609956651031,22.370132274007204,1.9980187427827454,33.62993111063597,21.308629221616094,2.2827847163457347,1.051228633909487,0.4222066468196941,3.49676386240291,0.4767665645417719,0.6308828090924733,0,0,1,0,0.6416145947551924,0.12856852916968578,0.12499691322175259,0.31994147888437124,0.40517653964350353,0.5,0.5388546722205435,0.6430129558319523,0.2785523043529717,0.7103219633319655,0.5860000406217369
17.393795538806287,13.915036431045031,19.263567263566436,220.79454753900578,13.159495457280777,121.29911538905536,181.64425500221427,397.71099988264984,0.9416247667606572,8.696897769403144,20.872554646567544,1.7586692737140264,1.470204810897576,1.0083050069176918,0.8069078726154876,14.033296404090217,1.4607190256923925,16.78302528790528,2.877627408896654,7.427987414557347,23.441933280674572,1.71593780353284,35.823623089321416,23.553694353403316,2.5244590837716236,1.140236089626765,0.21799128398652223,2.359685781867082,0.8819040941157608,0.9413541341609506,0,0,1,0,0.5736947556353991,0.09556660747716654,0.27522130379525866,0.2066465155855563,0.6876106349534248,0.8,0.31944886661371047,0.5261207488255071,0.2467798292045979,0.7869039891275926,0.5068365051187628
33.5194221495101,26.81553771960808,16.39137025008061,198.3002713170299,10.476635606081208,128.5750031762004,204.66231625038785,206.92711798000474,0.5283830249908856,16.75971107475505,40.22330657941212,1.0835234092708255,0.9301592745795904,1.0036671084916526,1.0267834584352489,14.856259873077867,2.7090097855266118,15.571764430023576,4.659748500195529,7.207221604054265,28.94020666196788,2.5874207890176657,39.30335292688305,21.707404971777,2.3081977378769216,1.3621499758526276,0.100582297741857,3.475571560862047,0.7096340745034662,0.7177400981662511,0,0,1,0,0.11400083192775885,0.08253731402460997,0.2222343586616072,0.3289587261939884,0.8531798349112302,0.6,0.579963360209403,0.7639263638947066,0.522333575653509,0.7141917890815178,0.35178392047697116
19.542924507441466,15.634339605953173,17.894723416500987,215.38620332441036,11.27490872931871,127.30084525981854,104.78674959659384,371.3313332653321,0.7354567318646837,9.771462253720733,23.45150940892976,1.1951672395400292,1.347878042270387,0.9134127491767372,1.1752489030924607,7.865343384249195,1.02428323108628,23.004504517072526,3.8695358821329497,4.099740918743441,24.354813512173845,2.7703838618970096,33.90072339717227,18.09595982594607,2.6136735952020027,1.8649539637077073,0.3669565308664364,2.808633208978453,0.4119336987798037,0.7876154922601797,0,0,1,0,0.22627951670278215,0.08240953248664183,0.14244518690754895,0.41681399083296655,0.3039490664896488,0.0,0.31161166618967717,0.8366819807070108,0.28330344086676007,0.7380104600288612,0.3506519265349463
13.04929583818947,10.439436670551578,11.714458422913332,189.33550687573316,9.044086777103505,85.95342605755715,240.68855753590674,277.02871271798085,1.3644713933641013,6.524647919094735,15.659155005827364,1.934349635629008,1.4805980089996806,1.174360488596861,1.1425392588238847,6.68470492276629,2.7905730686806494,20.697530540468865,4.828092302593946,4.240590351882763,23.89610775064485,1.0480432934866206,34.93274655252655,24.92460373344077,2.204455393402195,1.244238949679681,0.46369137424407125,3.202159553249248,0.41391856711387975,1.4234679406427095,0,0,1,0,0.33113500645447036,0.12392067588429904,0.06681311588789186,0.2137226518225625,0.9851183827086852,0.7,0.3429955466824205,0.8250407995176502,0.44702741238686416,0.6146482177015882,0.25205254665990917
18.050368857206728,14.440295085765383,12.789009841479796,188.34004361018765,6.407425545297079,125.5702584631011,287.462329773329,363.2545684475949,0.9930367285102021,9.025184428603364,21.660442628648074,1.317978898254125,1.0866888349566772,0.9302545404464881,0.9734120870558953,13.361040041703378,1.3158042878645189,21.697650035241125,2.953637925558891,4.536266722254338,24.786033798191,1.126785530125181,39.79795450867725,19.11431129004593,2.200412443014546,0.9223295860964078,0.33315295920431615,3.406893649377566,0.58682439844269,1.361592395986417,0,0,1,0,0.6054309922886258,0.09918638366152731,0.2932862566607781,0.36708134204215226,0.9146607356083194,0.4,0.5592391642914252,0.6033846824241198,0.47019918547714096,0.758902412739424,0.3406237505241539
25.242536690418785,20.19402935233503,18.39113940023728,192.93186004710589,8.87997931816799,143.85936810651447,137.93740723407166,218.72976676673812,1.2022973328279414,12.621268345209392,30.29104402850254,1.4925125841772109,0.8177285789814887,0.8895593085365197,0.935740842321743,9.223280311967779,2.3175387789445088,16.311229391450777,2.7770673629261267,7.259776262111094,21.369049570390533,2.8720867351419126,30.139756312024943,18.71303463335781,4.536583647011416,1.197720295156956,0.16748222896510861,3.082955648292632,0.5260246438545598,0.7900350117068231,0,0,1,0,0.47603930616593254,0.057009282324106375,0.11513055759940652,0.2047378742036755,0.2914808051337379,0.5,0.650198719603344,0.5783582252612942,0.5060476809524278,0.7152805180569269,0.29163258143321596
31.4198609194268,25.135888735541442,15.412328714779585,219.97634103860952,5.184588913448385,73.69563521679925,142.35949561773484,254.65545733695942,0.7081687843303119,15.7099304597134,37.70383310331216,1.5610307082785762,1.3093561012301986,0.8983712284899781,1.181297282215425,13.28146446448503,1.8718417540562806,18.456915492055217,3.5637588898861745,7.484614119042119,26.096935019032763,1.8323746254680147,31.431931769877455,20.118056176848377,4.5255690969175175,1.3602553216950513,0.2238486651037039,3.4926799264195925,0.9241126183453299,0.7487717033599931,0,0,1,0,0.5873175090513887,0.12296136525981433,0.10638596742500205,0.3397031747707287,0.387173226029646,0.0,0.6296133211139279,0.8370739278163688,0.496297294551001,0.663341835782105,0.20961173953643578
36.029737796886366,28.823790237509094,11.48010855208923,253.12129261517543,7.679535927295268,66.06673606977431,103.94911233657751,253.30338246462088,1.2525486826521577,18.014868898443183,43.23568535626364,1.0630068623014495,1.4452724759499618,1.1044278086999824,0.9582095133064152,14.341216282131422,2.5509139631467987,15.827896205416511,3.230405027182637,4.429726734871958,20.5061445515138,1.6054236304631846,34.37263916345935,18.24852903645274,2.3567629081653925,1.561478933192298,0.46026769322832906,3.260287793281874,0.4001253712771439,1.141557354088066,0,0,1,0,0.37436431518734475,0.1402233685905544,0.16466026492690644,0.38908615406503244,0.41458566176783457,0.6,0.34538734693147743,0.6401057169228835,0.6524021395399024,0.623495549519466,0.5341849081639056
18.43058736805672,14.744469894445377,10.315611937933847,254.16318862375437,13.475757804854467,142.2709614549603,157.55255461912287,321.24151120105995,1.0248181395467055,9.21529368402836,22.116704841668064,1.0380100441847375,0.9771397688019439,1.0492098493017774,0.8565093961025372,6.999907798488682,2.3917439782478924,23.982007108848084,4.062314574723962,4.814083576303394,24.374211532032838,2.114375922949332,39.91661712419305,24.478589660730417,2.059510223652109,1.849487637432128,0.14858716916433803,2.9263289024189287,0.9236171179579442,1.3651586322756033,0,0,1,0,0.45850842321287466,0.13285540434626675,0.24161352348835277,0.494688365258651,0.47330129051158554,0.8,0.46009541673201826,0.8758264012617907,0.5966664697194923,0.41923921682602394,0.2766109611390036
26.44749451044814,21.157995608358515,17.203198561231034,251.73099214299685,13.689421681637343,146.3957500039545,149.3123619014779,208.6073957909427,0.5004722789438275,13.22374725522407,31.736993412537768,1.073753137374069,1.3829081662164586,0.9158440083457106,1.1408789246878022,11.74526549709175,2.8503055034756724,17.66297485772711,4.42447369096222,6.384553663367113,20.575037639376788,1.0267399983348309,37.071200130072654,19.137646659587286,3.881076808397669,1.9817221180075697,0.16275150459497412,3.029526212416899,0.6524175597139833,0.691008412069654,0,0,1,0,0.5491930718123625,0.10488436887733832,0.1261738822790651,0.4887850904390307,0.5654238819262705,0.1,0.7003247710174361,0.5776383754220402,0.4327432316179126,0.8108015433224554,0.3996776643453528
20.37637659632332,16.301101277058656,12.80760316705317,203.62882951521138,9.467286666469068,55.63584662727629,275.8352584097552,242.40594204533636,1.3266766902600908,10.18818829816166,24.45165191558798,1.496238822639652,0.8295990293548328,0.8926917248241841,0.9530368993432278,6.941995918769512,2.5493554677410373,15.304947913160788,2.9017616864552784,6.710946554007319,22.89206874192092,1.9089447375625264,31.02888439544715,18.106159722936212,4.984618705700456,0.7468845256891887,0.2040049796195349,2.693244584705618,0.46261196812041916,0.9434570915759303,0,0,1,0,0.5342352633407804,0.10942789933067015,0.23801535110766958,0.2862207484371514,0.09478968584020832,0.1,0.3292300828986491,0.7683397846666338,0.29648048746181677,0.5781824634898061,0.280023940290849
31.92710013434956,25.54168010747965,18.540207456498397,148.85332297059986,12.186710552846202,146.5821086075312,278.75862068848164,458.9664872074463,0.5555354374473283,15.96355006717478,38.31252016121947,1.2849391350311752,1.4766443514374241,1.0417786006880196,0.9485484247149754,13.387126274782172,1.2432644296104354,22.842882553958717,2.5786327517033274,5.686052288037111,24.668258768399177,2.972192933856544,35.87672071978755,19.510754257912776,3.579727791884598,1.4245814747620815,0.24417896506709513,2.8469650040364876,0.5099285279715615,0.6136441002686791,0,0,1,0,0.5001186437954405,0.1031205891783025,0.1645693559741634,0.4366793559542535,0.11829975840762653,0.4,0.3806108845659511,0.7299225188901611,0.6531588544914708,0.5438647778556144,0.37197063135790287
22.433741072388642,17.946992857910914,11.738046163373014,205.69321160321007,8.040833492152547,55.93955175770189,193.7749598498058,333.99420070286885,0.8782474202590915,11.216870536194321,26.92048928686637,1.4586591032262646,1.37434831409172,1.1915573698683228,0.8611759777370931,12.8879789360988,1.039570834548576,15.144866751828761,4.683639341886555,3.820119898584626,29.156256572182016,1.351464197295376,30.283777069479996,20.622783517114172,2.066015130706096,1.3850057761215573,0.10397902879948405,2.0363163322559226,0.6573538522189768,1.3717259848223546,0,0,1,0,0.2756352549156926,0.09128325255256461,0.22564064504940579,0.28250297383093775,0.19512123306788987,0.7,0.7071844672118894,0.6825394024376226,0.3137498096079009,0.7594500361925371,0.3992127830816905
26.528423859918163,21.22273908793453,16.271565882413334,214.86905194919242,14.891944010627046,109.78568504023825,156.35230604496775,286.3407699497167,1.4475181931329808,13.264211929959082,31.834108631901795,1.2524954750298471,1.2691698406956782,1.1694440590450965,1.0096022354213003,14.284660352660502,1.7087898249565072,17.170713943346897,3.3642433883686804,3.986139186893369,28.781880240473704,1.7248720132994553,31.5468632610889,18.90004411621884,2.928192810095225,0.6430376685109713,0.39150974281881556,3.4448649585862827,0.829422148391177,1.2448016977354626,0,0,1,0,0.2778684547685214,0.08219210689742532,0.27751253502220213,0.2464423019325499,0.43820874126897336,0.3,0.7288353043516271,0.7353450231788002,0.2967362497268607,0.6054048681912712,0.3612613873125884
31.165321766957454,24.932257413565964,19.190027707353558,244.271882565989,7.906228996893837,103.89099943731732,254.02672152185147,323.3341789041517,0.8326895406455268,15.582660883478727,37.398386120348945,1.4006363088673037,1.2012294682711826,0.9276039167248575,0.8200758740505661,5.592103362443554,1.8287265359991063,23.886778939482078,4.450673728810493,3.0777869123127206,21.707671653897833,2.7514493588661186,38.66730254292301,20.810497217348587,2.935947995458051,0.7612586684913982,0.4878110236123169,2.4965868932982556,0.32223919558626796,0.5281127887797036,0,0,1,0,0.12776111722630215,0.12388173388668239,0.2668128134512083,0.2883549321965586,0.8869187693280538,0.8,0.7221052904224996,0.6484462969186968,0.6926153221668092,0.45803406347155184,0.21685229804283687
25.1730541918006,20.13844335344048,19.806483384984674,217.76604336635123,5.793767748785493,50.881680952719734,172.11458971822816,226.195130870918,1.4927167127830705,12.5865270959003,30.20766503016072,1.7661016155475495,0.9225802894608481,0.8795523280618968,1.1575966814968814,6.223285667822768,2.32064246374196,17.145656867448363,4.8528711668178826,4.324105994844951,23.3586647811788,2.6455703283253875,33.98745475748967,20.494837406671188,2.664647389339317,1.5241678880313656,0.2800483889741354,2.3149519680301163,0.7407213989998442,1.4375845373707596,0,0,1,0,0.7074445304161754,0.08616890118295568,0.2438974057608406,0.24108690171776126,0.849261893090295,0.4,0.5607202849596653,0.5511314684576699,0.3999898883776365,0.7811416713743273,0.4457758937978
26.717318151958718,21.373854521566976,14.850038908874733,229.7880601165176,9.117190292215287,140.78608306593873,192.41036680930503,269.2662722654418,1.298102214984818,13.358659075979359,32.06078178235046,1.9116235640750494,1.0989045995871827,0.9698764504684702,0.8848058395209764,11.064867131170907,2.4530973725537795,22.305231698467765,4.269327798705376,5.578763063314765,20.71672346289441,1.090731252581918,39.73389626273554,23.4161569881595,3.3678375061458685,1.022844619567886,0.456251958429562,3.8303066702856734,0.3066857675294621,0.7762105858655087,0,0,1,0,0.4697216344840934,0.04684117453243692,0.22672638237512932,0.20911009494269103,0.06167884831601289,0.4,0.5677913167937281,0.8767877062919953,0.6909680232271643,0.6318970873321972,0.3829183552392043
25.105422158452196,20.08433772676176,19.19308494272552,206.9255609059514,12.782579144062488,137.06880089867383,152.4524625284169,285.72506753290025,0.8283641033161518,12.552711079226098,30.126506590142633,1.8658789318530815,1.1439612898681761,0.826981374847865,0.8037478163797329,10.455070500990564,2.689984915294536,22.018641283553293,4.011624462301154,5.872611409910837,29.896970001899962,1.022583541922633,32.025101644175734,21.770795672713763,4.824066932455175,1.7799419844442173,0.3793751232309047,3.869800496017777,0.9491943870911423,0.8024345262442377,0,0,1,0,0.6022061989875988,0.102691943665737,0.19610731542421145,0.27602688294793654,0.5467227424228482,0.7,0.549379036144244,0.8830276037106655,0.24218159733208494,0.671366543410539,0.3336164461222993
19.358503375573036,15.48680270045843,19.356304998512904,212.80202474776502,13.806234268982353,91.2917086208771,117.99766484471921,475.8145898834671,1.493106034946659,9.679251687786518,23.230204050687643,1.3243621226229143,1.406955451340166,1.1847166968955216,0.9677661547634954,6.984640260654689,2.197613997641004,19.331129067590933,4.7144063773886185,5.6238880665134765,25.29840117152955,1.163592502658779,37.371389067253276,21.59325190343255,2.966900713451511,1.8572956837175134,0.3884730437830738,3.557445713073007,0.7074566383274001,0.8653308976942432,0,0,1,0,0.3265253346510663,0.11215971304735152,0.12387998339481664,0.32480675244990154,0.42892247113864757,0.4,0.6203097583062038,0.8223899711744105,0.44422078032782397,0.6245728912457318,0.4628535372534183
16.842913944246057,13.474331155396847,18.640419405588126,232.13808484421799,12.55048955360984,92.53054533524312,252.76346827356673,490.4582202279502,0.5713741408044624,8.421456972123028,20.211496733095267,1.579043252921952,1.042551138619543,1.0817540199269815,1.1968294488684343,12.773575435481252,2.730870679474287,20.345165345557213,2.0136123799914927,4.725412298824449,20.68474794974355,1.394264249365258,35.59328997076794,19.689623544116223,4.946203364776463,0.9307082306116878,0.10621223601082802,3.035774496810133,0.43570107892134025,0.9109014523690174,0,0,1,0,0.6393498373855586,0.07074401962687098,0.07966631120398687,0.4320750125518269,0.7220666002022038,0.9,0.6883683750222708,0.573814893298252,0.5717587492361946,0.6822532664129104,0.5076604639946876
32.29231313113311,25.833850504906493,13.274678870125143,203.246840565219,6.79490279243126,140.67213648394014,101.91465859746245,284.2832876062344,0.5017400174065666,16.146156565566557,38.75077575735973,1.079475199975104,0.9642043163919071,0.9494861033264353,0.8468830764506718,12.233604810349442,1.9965728427644716,23.419161000488955,2.8213622375416185,4.613033106910324,27.075739329643504,2.00773750840095,32.071778382153134,21.851179871656072,3.3127055332916076,1.6565685591243748,0.17007570357641089,3.9029137577506616,0.6621598975096846,0.7792006447114097,0,0,1,0,0.7414878729080462,0.05967658786778007,0.2048041506714609,0.4888438086974985,0.11190419873045232,0.4,0.603770862941286,0.8504961069817771,0.5395356936684974,0.5495566725583536,0.3414249107350117
20.972237573443046,16.777790058754437,10.293641372141517,196.7401732980357,5.170125871305753,91.71558032959084,118.90874216843352,223.4362467972939,1.0775074720957147,10.486118786721523,25.166685088131654,1.1943223990394722,0.8521527141927147,0.8032434457159381,1.113909781214088,14.39203847101065,1.17888417381317,15.751843963536615,4.653888568018996,3.0001594542898293,29.131082480807617,1.710215406584204,32.74515157001457,24.177632314273126,2.0583850651979256,0.8686804510728181,0.26609971330402127,2.028199522178678,0.5117481279350455,1.087377736808667,0,0,1,0,0.24029879367755497,0.10097150776626096,0.09511120522818649,0.2566117133046437,0.08898347445572773,0.3,0.7876229715622176,0.8532636936276703,0.3654774593127582,0.620186704734426,0.4379443301409646
9.866994160917004,7.893595328733603,18.278765864480143,249.28892883616976,9.093965984204544,82.17109145838343,123.07403406171463,466.2479009890154,0.6360218673520915,4.933497080458502,11.840392993100405,1.6989848361079245,1.1971892153217567,1.0139388114967438,0.9617266661594654,7.11138047320204,1.4756725027785855,15.258737481939221,2.856415053137118,4.822590433370067,27.537257522241116,1.7550631760166997,34.738150546946464,18.651024688474923,2.7071972388885204,1.935216935051481,0.46494772526028794,2.0820251238963436,0.3913127193762478,1.3665508991365154,0,0,1,0,0.735906528364952,0.08052940086126634,0.056392196483708704,0.2426673979860926,0.9656638429290066,0.9,0.5623218763010367,0.5214008905753422,0.6410221972696681,0.4267118420915033,0.4227895050461006
29.54325445519733,23.634603564157867,12.031806849588135,220.63051048432902,10.960267295351098,53.06951711573582,297.20327897915047,464.0221210426476,1.1199319859411023,14.771627227598666,35.4519053462368,1.6137349528793417,1.3157438542229292,1.0134119493607234,1.0067004501463919,5.748701499673839,1.6865700849074288,21.124566490255255,4.928044244055775,5.68411979010627,24.82607837421443,1.3980746681307286,30.850153179341103,23.529272372504316,3.8662815460487763,1.6096688245855995,0.4592608330325184,2.214114720939282,0.8132479438118263,1.3416880097621011,0,0,1,0,0.21254134228959373,0.09663718881092576,0.29045383505408834,0.2898263306839272,0.7392535163632771,0.4,0.518617573815111,0.737884693075642,0.27622133604706683,0.5341349086357534,0.31925576631664077
31.93127054464032,25.545016435712256,14.274912138008128,220.51983105402428,9.190332144876951,109.46702533234115,155.24891282629264,435.86470325885455,0.823518088521437,15.96563527232016,38.317524653568384,1.8256847331387847,1.355044462316596,0.9033128811195008,1.1559479202783587,13.60767898055171,1.600630178993695,16.361249152361072,4.0660519270131115,5.381989773831714,28.53566807365932,2.337382491573203,38.67598785138472,22.41736918544404,4.462031814307748,0.98690021147102,0.42031812384469225,2.505179242112261,0.5222401078652867,1.0381005522113624,0,0,1,0,0.7303681334091373,0.1353912394289991,0.2407313851193252,0.46571988235157896,0.993632360948409,0.5,0.6593813384252167,0.5891926508194648,0.5378524284924224,0.47752733871740993,0.46808026201584085
27.52333839342508,22.018670714740068,18.54665736240389,235.594356034917,12.749607881503302,100.34801115039625,231.8364620885802,390.237772605546,1.3316363794425579,13.76166919671254,33.028006072110095,1.8327066274171715,0.8012178047085015,1.0307513331871794,0.8786524953013093,8.572614107908603,1.2939495932592564,19.38459530402751,3.2088086049197893,5.3717831001926815,22.764651358656167,2.4765542452762666,39.644924008645035,21.976402415749387,3.1866699861575722,1.6956365082065277,0.4694473008598311,2.127087442767057,0.8335622077042109,1.052374512891155,0,0,1,0,0.6693951895998091,0.07514523669044545,0.130156043805928,0.3413699656111318,0.5528592900058694,0.8,0.6199511978171891,0.8139826593891444,0.666404899692802,0.44329754477599775,0.4945767804326456
27.594377381858255,22.075501905486604,13.804650378155753,250.1669165914517,12.246894989243469,113.58588198936377,299.2652597052409,347.5701708351605,1.1300230507162925,13.797188690929127,33.113252858229906,1.513825067347795,0.8462413621790652,1.121114195249518,0.8535365607041321,9.545236504261558,2.563224372797507,18.25079287971246,3.633127604236727,5.93637710831316,25.256899979889447,1.8762173470188253,39.302253878566674,20.122032546427693,3.190961716472774,1.1114161263353772,0.2948676714338736,2.3017678671236723,0.9965143445943951,0.6261726259871576,0,0,1,0,0.27554821714335237,0.15075165645482533,0.1751420278855865,0.3788848053250324,0.795878793710449,0.2,0.5195095997935517,0.7336401985452565,0.20397389187503961,0.4631014022202728,0.3078099753062901
33.97056878278497,27.17645502622798,14.791190005279416,233.668719758472,5.067155393871411,74.984820959481,113.75543122711053,461.50547195787306,0.7504309483616988,16.985284391392486,40.76468253934197,1.4928967135374336,1.4296456090785075,1.0714738768731087,0.8192494321419737,5.665800178185556,1.559745639734491,18.08223396259621,2.421268149490111,5.125350163791334,22.187314606419964,2.5762168130936214,39.55100319650779,22.108422151696544,4.91514744263475,0.7684667749796457,0.4584550457822736,2.385507271134791,0.8279846545023863,0.9179366208000258,0,0,1,0,0.2281812663342099,0.12154634581911196,0.2055253095798855,0.32208619982033637,0.4456013285741399,0.3,0.7034684630511818,0.6560997008304648,0.6004295110463164,0.8241793891980892,0.40847432654034777
32.99976626707529,26.399813013660232,18.49008794299293,210.2035215009299,9.432591812181464,109.96672999793735,184.29457078446873,402.9551265493204,0.7342493435145815,16.499883133537644,39.599719520490346,1.8613061929324823,1.2952247695317924,0.9366761222173671,0.8153621214331002,8.906735764920011,1.9991662572932993,16.94325759100783,2.3442453264364502,5.547944905121415,23.727519546633026,1.3028408580391104,34.99320476321222,19.316618195491873,3.441395282997612,1.5528430893739267,0.1667174037856669,3.6589880208448626,0.7798804375825222,0.7975024243933229,0,0,1,0,0.4753349785474959,0.08622116749352869,0.09461391790463779,0.282160185375707,0.9217308376291128,0.2,0.7373887974390838,0.6102677053425843,0.29837819008821365,0.5818008755075577,0.2982181312715043
20.72982009448262,16.583856075586095,15.007841216085946,241.64233085280208,6.480442087376492,139.83648635458377,151.99423900501,377.8622794741576,0.6230834895063329,10.36491004724131,24.875784113379144,1.5373301421985128,0.848715814657974,0.924647682085485,0.8188228799635288,13.049370525413517,2.9482599821347373,17.11183439172726,4.279371026258444,7.324488526164742,27.613366349471544,1.9452055072376728,31.202485620495832,24.090097969768678,2.8782173893878413,0.7822259422024909,0.21655052534990152,2.953726253591746,0.4359015705751567,0.84362146343992,0,0,1,0,0.2741247263757686,0.14210736854983116,0.16406074875454155,0.21556114965379156,0.8829923320452405,0.0,0.6592739714561748,0.661923036212032,0.2506860992171488,0.7036615659649684,0.3089072486024873
24.647044310754115,19.717635448603293,18.285063152666872,205.19099821275955,6.232176695267516,109.0938877532882,197.82549098902837,364.84567492842183,0.5277391482719354,12.323522155377058,29.576453172904937,1.1184963526089917,1.330715662250358,1.0721085109457678,1.11057567225017,14.236167361208352,2.0877993546705524,17.74422706082229,2.2888925081834275,7.534484507258078,25.169732161902505,2.9689802685215825,38.92022905156884,23.3430697073118,3.2363502413476453,1.7212073183135475,0.47512787320316874,2.879968559047331,0.48489626484553955,0.5041693341514064,0,0,1,0,0.3307296349896049,0.1137339494366591,0.15456671668172095,0.4671008599742028,0.3289997495729695,0.2,0.7755704660183593,0.526305110900174,0.42883395305560945,0.7348611223851296,0.45509051437260406
1.8510120036765088,1.480809602941207,10.793527218192533,197.06536736702347,12.853421695613253,93.4092885634591,249.80703888020187,466.33843305606183,1.3196086690439195,0.9255060018382544,2.2212144044118105,1.0383124064297549,1.1921643605448873,0.9709932239662498,1.0602764563953606,7.506314707543995,1.567528567924188,24.195258358628564,3.432800482043797,7.531344958952171,22.955681531906777,1.1665646823634102,39.46110721280424,23.046553071357224,4.183325011857791,1.6059003569999437,0.46036563412398246,3.122708983474178,0.5254353342547466,0.5170463211860478,0,0,1,0,0.1434080478654655,0.14205928878046642,0.13565627529931168,0.46152186009264723,0.4201556902646088,0.6,0.47859871348883387,0.663637507566644,0.3400903767366168,0.761472132905133,0.29375291379009105
28.782289974961046,23.02583197996884,11.510778127488452,201.14541647762067,10.538183080610475,133.84430141328542,167.12699072744223,312.2416575863914,1.437827095577611,14.391144987480523,34.538747969953256,1.5914946191882553,0.9143059353231894,1.1372067908286883,0.8712029372703268,10.546852817613093,2.21954187463223,20.687442880652696,3.7141497725260217,3.744534421948029,23.00836842616673,2.950129533828216,30.1332516106454,23.960362263365518,4.830393511546736,0.6734715344609787,0.4945570193535497,3.456902312619471,0.9645596839563373,1.0287210849664012,0,0,1,0,0.5677607129251261,0.05682907233963763,0.1267484740272092,0.47699957779901986,0.3691669310576744,0.7,0.6233454495841064,0.7527593944000806,0.42729689183596387,0.7888616617231634,0.2518190653171713
28.724006628233628,22.979205302586905,14.280562765862378,235.7266458832307,5.0989176646687016,138.48471623039518,179.5149767056137,460.61919890972996,1.2224734495680836,14.362003314116814,34.46880795388035,1.1929960462377205,1.4481270682718854,0.9871250269787408,1.1763243090145172,10.130264585505001,1.4856799463429085,22.603624854486686,4.4755439862680575,4.653861250782986,23.937179998384043,1.0434750022274784,38.30903647788255,23.799854712615705,2.5764243471071775,1.5257942172235703,0.22305809795227885,3.1671115691975498,0.9362047339476389,0.5871865687396418,0,0,1,0,0.44424959448265006,0.10278537874938916,0.08934381798391504,0.20567076403913373,0.2008035521260666,0.0,0.39414347746091155,0.6578421319460661,0.5307904659748643,0.6515422602542873,0.21054919984050208
21.647552784977492,17.318042227981994,14.207062021017848,251.55264521682793,6.822947113745743,72.8298741675955,254.23519231615495,320.6636419777924,1.2710963329065175,10.823776392488746,25.97706334197299,1.623044972453545,1.490293414991109,0.9076806086150314,0.863078744730904,9.620756796118025,2.637289456040021,22.302458392253918,2.7488980288124343,3.222278852241369,23.578200428012735,1.6342193208665172,35.075561161846075,22.104389351541748,4.160093628472975,1.947130178702774,0.49431372952343,2.068177354798423,0.851814622498771,0.9156755730208529,0,0,1,0,0.127569922629655,0.0610023890365588,0.06405108178514858,0.3311688040857521,0.0537654998157604,0.2,0.3942863212999488,0.711141970905336,0.2885676581563991,0.8369661140501564,0.44116499993970354
16.17435493831799,12.939483950654392,17.99219723514333,195.19859692119792,9.14254826981687,58.269658739130406,132.6820131058313,359.1088915549294,1.0728749664692532,8.087177469158995,19.409225925981588,1.66010003292065,1.0395669980774833,0.82380251316723,1.1846533913289188,12.634117954187262,1.6043355887647126,17.108577557555652,2.0486752853273225,6.835003595350033,24.972902904470704,2.347364346092367,36.25828480568665,19.75143572831293,4.184792027472925,1.509866648553093,0.43485732053783444,3.7999424458227224,0.42685109928937803,0.666249380492352,0,0,1,0,0.5845510654371842,0.15231479992129948,0.19139997740638598,0.22647957693056397,0.5149754746821743,0.3,0.6830381230899008,0.5327418708542906,0.5814883594100898,0.41994634142732506,0.4135324384038205
25.83613573863576,20.66890859090861,18.957449111777247,212.11896249794663,6.8434580276613,96.55324389704165,206.87969228352597,368.2923427960674,0.5743002524788956,12.91806786931788,31.00336288636291,1.075313554602103,1.0702349513034541,1.0335713200911616,0.8373759818217772,6.708537481034527,1.885831867720037,22.996819935475415,3.955415492885768,6.254453030960384,20.977836659388522,1.5892603926900755,38.956218194143986,19.016263956292324,3.9902491172585837,1.514306202274622,0.22979884785998325,2.25905578026777,0.8437701588258795,0.7253118947155405,0,0,1,0,0.27216781338587837,0.10966601189541052,0.19474993883051225,0.42525102398385284,0.78436099031003,0.3,0.3497147071315151,0.7066135512677596,0.6989468619807204,0.45061470759550926,0.3285930784952451
26.46079863919989,21.168638911359913,12.730752653747423,212.92996405798849,5.637521319855675,112.82908141883294,281.239133423667,216.44321714211077,0.7457910393121122,13.230399319599945,31.752958367039867,1.5507518039915094,0.8123494977581756,0.9191603575733935,1.0169229868432834,13.343431164722872,1.151589889680067,18.894438146269238,3.664590185264379,7.198342751088155,20.955094873270664,1.6957323837584997,30.964714712358997,19.34513549640785,3.6170548204668673,1.820123870939449,0.4783936933105094,3.6294500162712815,0.4888007928439446,0.6616340931294904,0,0,1,0,0.1157796267151681,0.04501468101658243,0.27211350823874875,0.423062172720492,0.47627687479536235,0.0,0.3788266169673924,0.8299851071568001,0.3747531148966563,0.7417949376702403,0.22297299213451538
15.647151053667601,12.517720842934082,12.647634729861593,214.5856352218468,11.116190310594963,55.52474413571736,227.10356069821165,276.6650812317113,0.6466654965833712,7.8235755268338005,18.77658126440112,1.996812542189454,1.3131288539444261,1.1348800589730277,0.9120957954699995,6.490652049205856,2.1654321205616887,21.823579746505303,4.365299953726048,4.341831159580169,20.636281163923577,1.5617878678858006,34.57334668410202,20.057165474889914,4.155854049937805,1.3387998563282657,0.21944186315349104,2.611290487180454,0.8601582992974037,1.478251978627196,0,0,1,0,0.5981370882037452,0.1024281733375728,0.11990183580370078,0.32356808884994703,0.609205353185549,0.6,0.5541546801687451,0.6286662191084341,0.3583122289973111,0.7368207273112409,0.2973704823047164
27.248459162520117,21.798767330016094,12.43872592552273,200.13499578689502,11.916278085602809,133.48541287504457,151.18719818172346,288.7654757249432,0.583289762343174,13.624229581260058,32.698150995024136,1.4310283279060685,1.4710643965639778,1.0208696855919204,0.8436368729011707,8.851421612574075,1.5338293809591215,23.755154557471187,3.4522551206212944,3.731562171451757,21.36022989165985,1.109979508886646,30.67418663475102,19.076744475621275,3.3387912321967947,0.9836073741965137,0.14319172499838909,2.662536959263595,0.7777703342817077,1.1962608868247155,0,0,1,0,0.16703373896368542,0.11863227522912746,0.09995466515918114,0.4532722677729484,0.7689755548237335,0.2,0.5177212026984752,0.5412548184292728,0.5263428644555008,0.5249967515850336,0.3999274097071793
27.896637866311384,22.317310293049108,19.687403275379765,210.95238885259198,7.193501468703274,121.94062223770118,200.12537093870066,296.28110335680674,1.065126908441779,13.948318933155692,33.475965439573656,1.6401402068721849,1.0710945751206886,0.9022618261142974,1.05751070219296,6.193682522141138,1.1174873369376406,15.185148614882479,3.5712244739888535,7.31739474605548,24.00961940648745,1.5897807856861539,35.46195769730444,24.628946980287097,3.097466101968892,0.7632989108741125,0.4874166848289535,3.569179497977701,0.8197677371585383,0.893628909432503,0,0,1,0,0.5289827958540368,0.15498334221581295,0.1650416518997452,0.27537230978375304,0.4703586030353476,0.3,0.6895092962700403,0.7522762695331726,0.22475419070180563,0.7572536126841998,0.5148695333458817
20.43255536853838,16.346044294830705,18.054482114703575,230.63378429892583,8.745044961597095,72.96572457057917,167.60162142590582,355.3350349023955,0.6841821372710033,10.21627768426919,24.519066442246057,1.438545812397121,1.099936297109423,1.1127385189813024,0.8679504771079511,10.885627195712658,1.5686619889679996,23.42978317130241,4.026996830416986,6.594211302171992,25.21995442724551,1.221527356972044,32.138673336138716,24.398669023959318,2.6114210296228952,0.8877828853013267,0.41303543581956725,3.625407829571753,0.7078940261317272,1.370733454542505,0,0,1,0,0.516393415163076,0.08838927914187104,0.10704314799679082,0.23127185549418022,0.6488763257127486,0.4,0.5097878832945956,0.7518354528854183,0.5863896600768224,0.6244411371073082,0.2080293464645306
27.880334547445493,22.304267637956396,19.70492015917919,230.07259057183526,6.5131978357594225,97.87727000923873,137.07375003716703,283.3247101887351,1.3021706533368445,13.940167273722746,33.45640145693459,1.6038403361514861,1.3529525900903707,1.0717048283904216,0.9579072964108301,8.183955564699446,2.0896563159764043,22.7660640242986,4.628497599147929,4.0833052804560435,22.148695488419587,2.579674352405224,33.50295185750679,24.436609915929658,4.35008243255668,1.6018535286714721,0.37403527031062733,3.369731219488103,0.5034990632198344,1.4781271194384402,0,0,1,0,0.261258706866181,0.14326821004670737,0.08588927712165713,0.2100523400251083,0.8673315822974469,0.6,0.4069384222452128,0.7268152154102916,0.6655626359267646,0.5145862473303677,0.2946751587330566
17.503994528508137,14.00319562280651,14.633219893879076,237.20464209100265,8.275020815975218,103.41169745595553,265.6103536437686,413.44172866713745,0.6040836625183015,8.751997264254069,21.004793434209763,1.022446468017352,1.2848009106705658,0.9969052138235056,0.8393323893752918,8.397960165388906,1.9063646272071084,17.624937217828684,4.077599108640164,4.724391335982082,23.316112923167857,2.787128615074989,30.52039267714761,21.26968663587204,3.1664136441089203,0.5771842930673876,0.18443853631111973,2.319598061254424,0.5495698944765881,1.0456980328943044,0,0,1,0,0.3600976348844333,0.07164787522005826,0.28630689609952825,0.2038902514345221,0.2636559160678197,0.8,0.6434891325821211,0.6171568954247918,0.26189477329414396,0.6729381533472533,0.5590457967956013
26.80604638810643,21.444837110485146,15.36693486580948,241.81319928204618,13.054590833378445,124.2683152699111,192.21412742560165,287.3511874065026,0.7782219226938362,13.403023194053215,32.167255665727716,1.9534839902335372,1.0314053697016743,0.8383550695114514,0.8548705956444538,5.583029785180096,1.914129473201312,19.57807099114732,3.605026693314469,4.822668164357072,23.05449231418876,2.2525984377956134,34.59861332015012,22.66378095412235,2.6679084625299794,0.9019362134332128,0.1478786947823042,2.7033792549945774,0.6497160849251071,1.2282357731269253,0,0,1,0,0.21154147052590072,0.10271544843497281,0.1721349541145193,0.42145098734908115,0.7672177517085743,0.2,0.7849550710385622,0.7260204624460829,0.21189520747739038,0.5361459490239844,0.5254472545898492
20.126331793453694,16.101065434762955,17.846898640341532,240.0190118231953,12.652263029204862,143.34008001014956,218.56345892414018,269.4619872653907,0.5269081801647301,10.063165896726847,24.151598152144434,1.8713021012923445,1.3193973895710664,0.9610145273999932,0.9892463616746323,11.427229039248907,1.295329522940837,15.701128743583356,2.2950411855521278,4.387694283998842,27.330079059918628,1.0235999042522463,35.876607902395534,19.027296714272836,2.3887748391740153,1.7306327668263626,0.2620594519028048,2.111949446963044,0.3545678344460216,0.6915306882303646,0,0,1,0,0.28796052007888695,0.11258807014151745,0.09926522904214831,0.39981341879104254,0.5422864312872181,0.0,0.3848693619518694,0.7393256353935362,0.21005517476640273,0.4921413003360153,0.2959511722004423
26.361454279930413,21.08916342394433,19.697328964715545,226.7584829770697,10.483674209677915,113.20176705980447,201.3678085411688,346.1029919880566,0.5204855764007663,13.180727139965207,31.633745135916495,1.4890173791090953,1.360557769441768,0.9972891015038057,1.1929189867704761,9.1163655617301,1.191454838570591,15.571659500358445,4.239837186102601,5.7623412532142755,28.137379978555174,1.2779632155997789,34.19365575399685,21.90319005308975,2.7713184169315377,1.2725796795356206,0.13156839834072276,2.6776745556838186,0.5508240179464159,0.8777119534075593,0,0,1,0,0.4648911241579835,0.0903006777993244,0.27593995399046994,0.34227213716829247,0.03718735476224322,0.1,0.5087021113547345,0.5668654684883405,0.20618804549152275,0.6472963298788248,0.4610386913943792
25.456030835648313,20.36482466851865,19.709838642100216,211.8719352730449,9.012310812246092,140.92721165747452,285.0736146031662,466.35988689460703,0.7837935289830483,12.728015417824157,30.547237002777976,1.9341045128614416,1.0314719332936542,1.183427821966616,0.9570222118743874,9.330333744120368,1.8877370960079125,24.883861605973863,3.1089247671402225,3.275005072573002,20.507321423713776,2.8959231278625,30.695732528368758,24.850397215340458,2.579472564594587,1.890486443188305,0.20910893505670472,3.861436261730703,0.4120407456573461,0.8687056552429543,0,0,1,0,0.23623863510844717,0.104601408572791,0.264962348101315,0.3236037823147002,0.7273173767982748,0.5,0.5088330497354321,0.7188331007996236,0.6194206388820112,0.7732052749595992,0.4515130058735162
21.073438442343978,16.85875075387518,14.049678304202281,225.92312444911977,11.741038634588286,50.93194734778715,181.6429084701747,328.3139474395037,1.039391179162965,10.536719221171989,25.288126130812774,1.7266909533828574,1.2987286836025964,1.1256250581177942,1.0861125575569825,12.641716238219878,1.3834973674661033,21.19793682532815,4.025484393303453,5.441313306615786,26.331769519615566,2.184761594262509,32.27591814327883,20.337889551234856,3.9333070291068704,1.2448249806341505,0.44329204553465384,3.37253437151262,0.8579399727261847,1.0837208733634482,0,0,1,0,0.7075193817191842,0.11602207733577988,0.1456622609845606,0.36460294678629657,0.7876274322956877,0.6,0.5760512483640878,0.6878299428990793,0.3730833346770883,0.6057682418942025,0.4171161280793588
21.18183641460709,16.945469131685673,15.316920458104097,215.16754126203736,6.71197531747843,58.46511530429862,215.64445835823943,396.20381553869527,1.4897684924818306,10.590918207303545,25.418203697528508,1.3553910252937578,0.9445350252466771,1.1434977832383728,1.0627446169598687,14.397931589970925,2.622352723926506,23.980181687542608,4.385379601861122,5.548309796204464,22.55483724161084,2.6916375172487186,32.45585966363694,20.197367697908042,4.259842604072995,1.9023112967164133,0.39029150643942334,2.076151643880422,0.7136558027905796,0.8902346127020911,0,0,1,0,0.6498678442688682,0.07238971487086707,0.10987193581442867,0.4547556954715475,0.958710930924892,0.7,0.39653392485461103,0.5102973684908843,0.4193078035398806,0.8393341011377191,0.33092705264746203
9.657965361072188,7.726372288857751,12.877012189524216,227.8882684325982,5.360623370496852,73.36406934288321,123.83735113273302,431.46831664261754,1.4869869775889057,4.828982680536094,11.589558433286625,1.906897921924697,1.1763481221849328,1.145475441535905,0.9591195216148592,8.322589433097619,1.2525726160376127,15.44229089457795,4.002203767031056,7.725441392359131,20.497836275920218,2.094346239007283,32.15732000846941,24.639423392587,3.044905750689171,1.5139103125284212,0.31846411667607294,3.271315646984302,0.3763010237610332,1.2107532869823916,0,0,1,0,0.5067013774312924,0.059351457155714514,0.1774666194481652,0.23305065394429753,0.415837002727914,0.9,0.5038198730736152,0.7400795016697042,0.2461877545379879,0.4227777442144621,0.23740312477151973
14.310599942167778,11.448479953734223,18.1010145744526,167.68938750536572,11.534099300923046,105.93809908383234,186.42263431096734,410.22951899476254,1.4476650152343757,7.155299971083889,17.172719930601332,1.7420326452664212,1.0540825526572861,1.1235078938973893,1.0156552028852992,9.983072586804887,2.0366861249262365,23.07815067325582,2.730660593393785,3.547571967837577,27.944888648401513,1.1837513326391227,32.32716441267427,19.851160198811996,3.9480813622432214,1.7535903479367123,0.38125230876237903,3.518452736730726,0.8104229605604205,1.0995033603569735,0,0,1,0,0.23937502129527424,0.12034284161751206,0.27984223338829517,0.22002544545984296,0.6040648775171853,0.0,0.41734974798062346,0.5134345361422074,0.6840051024817082,0.6853756766182055,0.4547242610734906
22.430933784812304,17.944747027849843,16.64985030870489,175.873971937759,7.885300922814401,54.12163187559192,119.47936389987812,220.3586371377025,0.6764421434574601,11.215466892406152,26.917120541774764,1.0639780823530545,1.3621086288131088,0.8672810261677341,0.8530492839274104,14.541580719142605,2.556993488912033,22.759570051825104,4.252004560428868,5.784572433668828,20.072046543155444,1.8505959109026322,38.19877656420663,21.238951173594707,3.589699901867708,1.3753266691932182,0.22922157266748827,3.1326269608702617,0.5720375603516235,1.3818130092896423,0,0,1,0,0.6955815217965317,0.0919335023065206,0.2531153672044652,0.20906848898359687,0.716831094192274,0.2,0.6855809668989472,0.5085153842864047,0.5890307311656725,0.45548555198124063,0.3518104664764065
10.554514085778331,8.443611268622666,14.334346828435162,228.82658869501535,12.014309086595297,60.314861871983126,251.36415741517524,374.7979042919907,0.5495475183948935,5.277257042889166,12.665416902933996,1.0368870246021222,0.8243944201764214,1.1887854820833446,1.1871699217701774,7.926765129944551,1.512734262385781,19.07466567717781,4.190951039665715,5.305967512763907,28.46371457958977,2.726532427637437,36.46742296704632,23.51040495239203,4.69594032789285,1.9316599867619426,0.13269105971217085,2.4783283791205863,0.4841771419123615,1.0911575653908265,0,0,1,0,0.3183790409660503,0.13307922094452607,0.12752536217455698,0.26368838665624983,0.35810868330598733,0.4,0.4106287845849477,0.5881194525913006,0.6965058840028884,0.8370709131919404,0.3983541730795963
26.70885998673119,21.367087989384956,16.257534330429877,200.2086507498917,6.121130745398105,84.40895020439855,120.89831426009255,392.85313205909256,0.896550387945012,13.354429993365596,32.05063198407743,1.7199581875710794,0.8131107597513584,0.9154956927794695,0.8340394350603755,10.744962913079357,2.6482841137239763,16.0060210226764,4.106459652166162,3.018429855213361,22.88195318062835,1.124063893643968,34.6633257036543,20.023749695254793,2.1327011678395427,0.6547758027472119,0.18323941913080574,3.4072399941820093,0.690870272189933,1.0611789208012778,0,0,1,0,0.06374975493672516,0.13136184938223117,0.22238871694137446,0.314334614736727,0.6886114646909505,0.6,0.36337224589435596,0.5004934608202256,0.6367387465249144,0.8501407039006332,0.48715691062848904
24.555912895455723,19.64473031636458,11.067714786289992,222.74768481681062,13.12469166248071,140.1998119680349,232.37389606513014,270.7956207493841,0.8844791565853131,12.277956447727862,29.467095474546866,1.9488687698681342,1.3962556312659014,1.0804828826194393,0.8777765311845991,10.592018768561136,1.3352616671762572,21.163014852222275,4.476033038228384,5.987495212092459,21.969154843661418,1.9240703033664757,30.25797778314426,19.412018961946117,2.9256941222964876,1.3190076426065802,0.31960338819971235,2.743463191071955,0.9839477690435399,0.6351644742809991,0,0,1,0,0.3001141056203057,0.07769980579302183,0.062142250909721905,0.39669255221387445,0.763370801393539,0.7,0.7607814998815736,0.7403681978126206,0.2144780503131417,0.7140057327012859,0.31939345241311967
26.113567595586918,20.890854076469537,11.664764104084677,210.61666162650602,6.722113170331516,109.10020813902582,196.51641156770376,472.4952104344927,0.7185366888358202,13.056783797793459,31.3362811147043,1.2375868706201072,1.0609380692776038,1.0603716763808457,0.8612738172178976,8.747030630791242,1.5353129304696822,19.058170578279114,3.3766055326124285,6.4649543875005495,29.47328006847794,1.336159814948033,39.90129408499987,22.89948803499513,4.2581614067361375,0.9362839864418957,0.4737182583611885,2.0442816063057414,0.9589788593477477,1.0319957889031877,0,0,1,0,0.28851939419876677,0.1263549225868734,0.14835583477778674,0.23559564711539716,0.9146244842055519,0.7,0.4824581964377426,0.8933851033401063,0.2978966629659783,0.4837458923301814,0.3959974190524367
31.848648109278074,25.47891848742246,16.429165408604085,244.28307265083285,11.278027916492514,84.7090620889224,164.50117565222274,334.69686736920113,0.5133224034184091,15.924324054639037,38.218377731133685,1.0732688807793818,1.2631473044517434,0.9853931720925446,0.8651334848872531,11.552967138718202,1.3072920570006623,23.514376587641223,3.018202651776135,5.582911325665519,28.993602002166078,1.4297893619702684,37.91377017184156,18.52220624879003,4.836594573674974,0.6623637003165128,0.2528195141967463,2.553225941074944,0.3504276195425857,1.266658622911039,0,0,1,0,0.5806368693607864,0.13221330633340278,0.2484417125227064,0.2891934651670505,0.2564370058269613,0.4,0.7842145276780488,0.5212615829261331,0.40371200821187436,0.7708920956362602,0.2019837807048117
46.99033638330985,37.59226910664788,13.438449788671823,249.4211296102399,13.249753176027312,102.01831949814249,130.49851019620127,423.61743704291723,0.9531900488187222,23.495168191654926,56.38840365997182,1.1386644207869918,0.8098399638520575,1.0860581459579475,0.8081535998964653,11.208860334606772,1.0747339520457648,24.447739891622348,2.8742538063441287,6.715364058183711,28.509356835147592,2.2298234516177122,39.38863922864188,21.90104873500406,3.8823842104905077,1.584400985905018,0.27611042836993827,3.550357739411094,0.5306026409810446,1.3017923817629034,0,0,1,0,0.5373029365859184,0.15230284387885598,0.09772586859622535,0.3873182170203954,0.23437999306516633,0.3,0.41404664895027615,0.7889451885629108,0.3082630143656747,0.5779279822903762,0.525336862824962
28.305496627285056,22.644397301828047,16.535687533414894,224.84082597396733,14.99512092714833,142.5600207525,262.7348719576621,498.7950733736702,0.9230610990087572,14.152748313642528,33.96659595274207,1.433608909359819,1.1364157687254735,1.0657142837352167,0.8123830322127776,10.08129308700665,1.8689832089155756,23.83068504868811,2.020405937889137,6.847500100432306,24.381105036273755,1.2335110725088512,32.95161005079716,23.191214263230343,3.9200789419938515,1.1624821985486269,0.45397298398520547,3.4880358959986912,0.951899090648082,1.3187202138142107,0,0,1,0,0.4418271062238931,0.06040736910286668,0.1963663063410187,0.3641005095563965,0.652412448734469,0.2,0.7934104533851172,0.568307794072623,0.4183385210376569,0.8623082914464009,0.5731027890709828
18.917668554732003,15.134134843785603,16.2294718377151,241.01848402918262,10.23308323880722,145.45725800339056,136.84721007000942,358.4904584883407,0.5463463751125395,9.458834277366002,22.701202265678404,1.2065899929547148,0.8503472274284473,1.073063706391489,0.9006673495128326,6.6463811894863145,2.1794850382506024,16.304208682775318,4.772081823525571,4.607374073185337,25.79777598705875,2.252561073200259,35.122405643732,19.11759272558247,4.146982614383463,0.8892704746398208,0.33017183619291557,2.579954242462576,0.5560276461860408,0.8187734671989466,0,0,1,0,0.16304824429532566,0.120631509203555,0.10965283681149048,0.4329590193272984,0.3785078132406467,0.2,0.5300746482475391,0.5550091483349473,0.3222156119621227,0.7372488893840856,0.47797619516332074
29.18384338243096,23.34707470594477,17.627726043956727,225.66917222002013,14.229006128086237,82.95014968060131,199.37046945726843,442.0594160614062,1.460466238513792,14.59192169121548,35.02061205891715,1.4573361529418771,1.2235100089269635,0.8063780485295661,1.023019013312493,8.266418732536925,1.424132257725085,18.619148419493456,2.0934553981338064,5.399014341038387,26.936406029759095,2.460844218503211,35.783343354701664,20.050545550581553,4.960060590457862,1.7805036879408285,0.27300688169758824,3.1899028326038668,0.7512033413672796,1.3944569934478843,0,0,1,0,0.3127828107206942,0.0773645344681331,0.0655474096797496,0.32266057426132966,0.914475646881346,0.9,0.3409725927082451,0.569992918546034,0.36917816246352075,0.44308499644001037,0.3122864063389195
25.271166636292083,20.216933309033667,11.488697038082034,180.17461338099082,12.984219783320299,77.52258726829815,252.09133858197805,386.1571717611881,1.0624017483748789,12.635583318146042,30.3253999635505,1.6839493397665173,0.9391715572800832,0.8229826155971826,1.0443287970198627,10.10832236340135,2.1228967652654265,22.130441170402086,3.697477824148343,3.8338073573189737,20.28776511557585,2.0975924171716622,36.78618599004845,22.44939087328118,3.281454411299014,0.8510891847435056,0.29221647359460157,2.1717020654593737,0.8676247794427581,0.8636298313951375,0,0,1,0,0.6906883258938198,0.12982251784387946,0.2022051327876462,0.3461417065871387,0.9299528946693413,0.0,0.7401678898863642,0.5106369400611056,0.6464266446120439,0.6173337458847761,0.48813204205603333
32.43687537151636,25.94950029721309,12.701846316857935,195.8096402447681,10.941147407740903,75.22982337753055,134.05083942528216,379.82064005978395,0.6357992230889341,16.21843768575818,38.92425044581963,1.1388341405341533,0.8756865210989921,1.1611675770446546,1.1830599473229946,7.842828447028926,1.8634596612709595,21.12695390323997,4.949772729225067,7.671117653665581,23.584866462483298,1.5998882654903628,30.46711708543114,18.699374051617152,2.8904459226957666,1.1036358692645685,0.4326917779098213,3.6188851369620165,0.9013571127917266,1.1040863173558528,0,0,1,0,0.4682530619111159,0.08775289826495385,0.14469303658680255,0.405932860730412,0.2736446664343999,0.0,0.7565949091034119,0.7829956757176199,0.5555857950442267,0.8235355004335505,0.38492986785409833
26.885996720556818,21.508797376445457,13.914187671617068,244.25275067963872,9.749514056504802,67.34139888511723,254.74729988174187,214.55047014464748,0.9827802470611341,13.442998360278409,32.26319606466818,1.638145119416134,1.1438620097142764,1.0665407934040212,0.8540754891020074,14.821778395105213,2.6735928075091415,18.746378451641647,2.929996517261481,5.003280312772125,22.996691007949092,2.12003521210272,35.64796058590549,19.144636035323238,3.9895017692201473,1.5979207157791326,0.2357460166797937,3.8772240641837734,0.38914954746842323,1.3348129310708416,0,0,1,0,0.2212972677203932,0.04229424319833399,0.2513829010089927,0.3895727528052656,0.4158712673928521,0.5,0.34447644440976355,0.6186385336486865,0.35278163994479883,0.5298269148246602,0.3848120606456928
12.210765840397164,9.768612672317731,12.371314782851279,271.21116130666275,5.961488770466946,128.84141680982992,240.9581828483298,378.7453786211886,0.6569694057384124,6.105382920198582,14.652919008476596,1.1572628584663351,1.0933488510908627,0.9942913016382022,0.9985198371902958,5.788757305404026,2.4172921585406772,23.448923967867678,3.7696124216863787,4.63117696032363,23.384095862977038,2.956551698352917,32.07138158173176,23.53777223818525,4.317544538597055,0.8504159939127045,0.27788271497025463,2.793785076701016,0.6810207144769098,1.0095397943030238,0,0,1,0,0.44590256020582286,0.0438986660147137,0.21799389463166116,0.2989697536671474,0.99374443374524,0.8,0.39471312204646625,0.8268111435959311,0.4554583467581579,0.8194257753177008,0.5555419416050018
28.458935554506773,22.76714844360542,10.739180747763008,231.03587127106823,7.031392382456546,57.45520432522949,149.6116560766394,369.7833655474459,0.8580897506645712,14.229467777253387,34.150722665408125,1.20507269757942,1.359244015231389,0.9306680718632127,1.1525944740526177,11.768131187231289,2.4173047461839308,21.00510221626334,2.032982121095802,5.7910199860365426,24.59132769357868,1.830071246809918,37.71766369323597,20.5471441175796,2.0369407252904574,0.8843181205292217,0.3135433422540138,2.3811047143661916,0.5234151775533918,1.3608991592016593,0,0,1,0,0.2938843199261081,0.0490267739912786,0.292195977649146,0.2760671648690798,0.7403779482131893,0.3,0.7225401896038677,0.621611979605674,0.31438328167984625,0.8614997427647435,0.5532507857712214
28.25766734477075,22.6061338758166,19.8698419537551,231.30637673624435,14.724704352887676,67.32285230786847,234.785397091287,283.7006068949515,1.0664002862365747,14.128833672385374,33.909200813724894,1.6752102979874857,1.409779471484523,1.077004302365928,0.9509286747187844,12.75805504229255,1.9037048347194079,20.913574378055632,2.942786415380138,7.257359976883508,21.343497581836825,2.1816226651816777,36.01358875598783,23.101340393126844,2.855283936290908,0.9813223084126697,0.1588095916560014,3.0595200993687883,0.46140817954333607,0.9172706427706299,0,0,1,0,0.3124554214345222,0.06833572123764442,0.11185701148916176,0.3370722539516143,0.7762783591699804,0.7,0.35403166642656914,0.5953264785523051,0.6755053294471708,0.7994366949314939,0.3112206941545134
13.920906874812564,11.136725499850051,12.971157056122149,234.21855716178962,11.920981480432099,79.41022208714335,289.376276507224,264.0161712213967,1.150980786684996,6.960453437406282,16.705088249775077,1.6045569350149318,1.04731571071126,1.0317152979627326,0.9174709393227852,7.210655417644295,1.2533718633051432,15.812075874757,3.2583302877415745,5.771411764800157,23.72930841101988,2.843934425353919,36.311320693539436,21.861982963004017,4.686510434142884,0.5260210344760847,0.19711799457880796,3.293205207754024,0.5542755999901188,0.5696388011654061,0,0,1,0,0.12887584133951763,0.11452164567086942,0.20649730999635615,0.42693769844070517,0.26170694849898224,0.2,0.38080397157289647,0.8040813685401091,0.2093041228034876,0.4526633433502175,0.475578710767175
19.32207357425647,15.457658859405178,14.269497755699746,205.201034956841,9.895273210505586,108.67898955464057,280.05376803052894,222.50424330182906,1.051901951889659,9.661036787128236,23.186488289107764,1.515535858388216,1.261776626327236,1.0031316830158468,1.0269197945791155,12.415397997134576,2.3089591806709677,24.894577206508743,3.929854760328899,3.1614059603481017,20.520443771956455,2.3634013329492536,34.49867411249266,22.997393428687097,4.827615736341139,1.2304346940881565,0.2989833715066027,2.59452371508635,0.7030971795868849,0.772242347303042,0,0,1,0,0.38023260593575803,0.10381288066600934,0.1259022632794472,0.4063702352845334,0.158888566148632,0.4,0.5787746719848902,0.7879594784209629,0.3980489113676604,0.4900029419531357,0.3873740673044918
24.614060869214338,19.69124869537147,12.776628470688662,211.06182784790886,10.316045081854373,81.44890889532809,288.4324490652617,304.21121794901524,1.0195505659259432,12.307030434607169,29.536873043057206,1.4716760048744075,1.2743205485079845,0.8007913363445658,1.0321767556744128,13.50074172970042,2.0392924627762943,18.426957655060715,3.6155090600689483,6.617306955506301,20.846632570940848,2.4245659466645235,36.098138210404684,21.932101534306714,2.850128257515884,1.6432602652593824,0.47157034513160356,3.1639883086201053,0.41828962792695107,0.6142649461615581,0,0,1,0,0.3276630202994295,0.13306588767089741,0.16262704338880352,0.46057610298963303,0.3071730835355476,0.4,0.532500134093884,0.5446441829415178,0.2941634131660264,0.4986503111546693,0.3374689524110398
29.993574919690744,23.994859935752597,11.185179511822955,193.01836707337765,6.448875478935791,142.06459474531158,197.74534311984996,279.28452360678796,0.7493220182793542,14.996787459845372,35.992289903628894,1.4323238055269232,1.343775904160568,1.0505072330294514,0.8505736483716769,12.587549715389368,2.1763778174437647,16.593119084202073,3.5759193231157616,6.90559939388195,29.250028124549097,1.640117742195707,33.50884596789462,21.569232373302253,4.887791671244549,1.970730943832087,0.26651710704035336,3.9454515669104158,0.8804575743676548,0.8047905246579515,0,0,1,0,0.6894208859747734,0.07589370885719776,0.2481453691125939,0.3016180825446872,0.5833445308389625,0.1,0.4669073321791392,0.5104703282471563,0.2332398762101056,0.781869785656288,0.5273610277170302
17.005193882577373,13.6041551060619,15.018166544619033,209.36867722759274,5.498740690374695,66.00409844331651,214.4057429968264,410.409526124578,0.7179616841890204,8.502596941288687,20.406232659092847,1.4730291744838728,1.0182018993674151,0.9381359745886808,0.8924071532927776,9.181996246763017,2.6650890857489538,21.10370606805885,2.595945938244651,3.364245547276944,25.60808454971351,2.845835171268135,35.15896357989982,23.942393414739207,4.659958831038387,1.7769201064144329,0.4944233985404076,3.7960924254576422,0.48197278207266137,1.1355376080042159,0,0,1,0,0.5650930741959563,0.10714628365991681,0.1635758980937594,0.33288186883280496,0.24362959397315834,0.2,0.30605584068433406,0.7231447599500775,0.5697600173923907,0.730270025046409,0.43529910063821664
39.49623498679407,31.59698798943526,15.694675233567255,215.82038249435087,6.663101928916388,95.23945907589747,148.00692338273905,200.87992931413444,0.6777840585866691,19.748117493397036,47.39548198415289,1.9037271636551658,0.8644803737308818,0.8689850847753198,1.001123346401001,8.4253104904219,1.6573964628865439,23.911897161614775,2.5828576976652426,5.354959517768096,29.11614961841712,2.1295730345786223,32.56250134639751,22.458171188382384,2.0494955472968632,1.083845958564832,0.36496585708172213,2.1884679802852505,0.9051924419393087,0.9213919382903412,0,0,1,0,0.3176821546589221,0.05283561791116756,0.23032469589555166,0.29588572333270946,0.6169445511514866,0.9,0.46469343586123607,0.8667589777867517,0.6697719253185722,0.778050236528333,0.41509533111069596
27.95691738824041,22.36553391059233,19.32897997190234,274.80681498763846,14.722299557091855,84.83941752319558,163.82808266463215,378.43789508124087,0.9074947777295339,13.978458694120205,33.54830086588849,1.103784405025812,0.9460467927121732,1.1788040480608744,1.0945718457811242,9.051981737731357,2.6649406463664707,18.284191032169787,2.1240469526555343,7.923509417642613,23.38630220538632,2.821795988628743,32.982257516478455,21.363675059163874,3.081484598421988,0.7725235552014948,0.33335426628679754,2.0024035814329446,0.8246726063639882,0.6414015531174729,0,0,1,0,0.5243334375593167,0.139930213638775,0.2582135638743946,0.26078664237565025,0.20882442520115563,0.6,0.32082448013135173,0.7663918270399266,0.310918825808153,0.4255498905596937,0.5654320108542232
11.742726912093817,9.394181529675054,12.137392762138088,223.07833864843676,8.998864564754273,51.774633164697036,251.32757418574533,257.2251588051829,1.3397891069289614,5.871363456046908,14.09127229451258,1.0347721661210052,1.1976804045262517,1.1678041559761119,1.1806190881333056,10.009825244016728,1.6580711764020606,21.98899301944059,3.7200259963142104,4.623357948815227,24.2048674118017,1.3350437574955099,33.64905515131293,18.580372990987104,4.23592763032771,0.9485856005586057,0.16781718497819959,3.7180048738772795,0.9378056537688149,1.2334287874240881,0,0,1,0,0.6770777051477511,0.08544984181580384,0.22163024645745363,0.2810889729768196,0.07621577044733417,0.5,0.7329011316746517,0.8355969068807916,0.3566781961464599,0.6265044007061231,0.3468697575187927
26.022498829173344,20.817999063338675,18.41799783249422,188.15059629927558,10.371162473500487,107.35974387378275,199.69285505764253,375.4253459943096,0.9356998749458428,13.011249414586672,31.226998595008013,1.8538477970635383,0.9549881223782591,0.9091826085014997,1.0480287196246147,5.716915024194366,1.1707921137760997,20.571901043573227,3.587797102027695,3.724085651818549,27.211110073855377,2.9021187339634587,38.66200749139688,21.2237261776419,2.556602796501507,1.5718485494535237,0.14098767096909515,3.2050865509726925,0.9784236604589025,0.5188727018858887,0,0,1,0,0.4032973941181262,0.04354637849752931,0.1471921841223681,0.3119665938383244,0.5232935431972655,0.1,0.41064969727579387,0.598534161416303,0.6673451851133607,0.418859904940154,0.5874307934320617
24.752026931740154,19.801621545392123,19.008621058458314,234.118908381801,5.118145793031619,93.8135882988081,173.16310871434848,432.48296872623274,1.356810515873501,12.376013465870077,29.702432318088185,1.7878083237254287,1.4300037808370454,1.1672373358009525,0.8592903674101852,6.4255749534308375,1.8184985338866455,17.039529347561597,2.9699433886658952,3.2637004823286873,23.73786868515247,2.3249986431201695,32.137030083483566,20.49717943007922,2.1809679693926354,0.9669867418962668,0.41259897929586276,2.229634139520134,0.4080204430541384,0.9295153471718819,0,0,1,0,0.4298057124935998,0.06238417750867372,0.1254418643460668,0.2511558893972959,0.7525197904552878,0.7,0.38407253271554165,0.81052772338935,0.3947530681883342,0.6884853070258705,0.20294534598335492
11.719304385856232,9.375443508684986,11.108720213816257,247.7824639756953,9.327877138878229,77.11868047855054,153.30966761175546,349.4605023620762,1.240861762690744,5.859652192928116,14.063165263027477,1.6253733575296603,1.1573008574014059,1.1600555663248682,1.0849826552200357,6.778061781606125,1.137874117172751,15.724008924873182,2.5640798520994803,3.293516639203635,27.671007059512597,1.3940451285974222,39.26311024473509,23.349831745485293,2.3258021145441585,0.9019208784373411,0.23442238705050725,3.684453357353285,0.5313220256793819,1.2921542386274556,0,0,1,0,0.3151746586640899,0.04368583732520511,0.15846636614515844,0.2982784540477392,0.9885779594745746,0.8,0.71988236201047,0.8098698147002903,0.264798265674099,0.6254473992021007,0.4013129224476216
29.67809682038174,23.742477456305394,15.58418270518988,268.2516399786191,14.301276803263704,93.04733928783095,169.21642724328507,256.4421647696599,1.2629411621144824,14.83904841019087,35.613716184458085,1.098608314695051,1.0592351836359848,1.0867400609502176,1.0951425513018211,7.651799073641794,1.6137591137702885,22.49023563359397,2.509133909699185,7.2438733876008286,21.32732831932512,1.0110184547187568,38.05742098973056,24.59669634508618,4.880910881792365,1.3047567067299914,0.20642195531492372,3.4321407833481596,0.8558411031756346,0.9807647321137063,0,0,1,0,0.05977427057956405,0.05514822220277904,0.10765603388313995,0.33250680494189117,0.6229728339906327,0.1,0.4765266124850304,0.6873404774980948,0.6075897108805774,0.8543985314099896,0.5589213293048905
17.05502052328484,13.64401641862787,10.08866223174009,263.63164733737625,5.208607753169179,90.96445551855663,210.53177121596056,210.563426435597,1.1191117244204047,8.52751026164242,20.466024627941806,1.2671755366026054,0.8291491378816024,1.1678044287986613,1.0367636656179262,13.124774308285863,1.5072000119679694,19.131252308696357,3.4043222121627346,3.323316531130837,25.602928966400565,2.4786952301553615,32.43369335481789,21.327206833574873,3.837525032109668,0.7494322646710274,0.1524794011439657,3.756499530121673,0.8678312048732653,1.2920321822260987,0,0,1,0,0.12021708888787261,0.1043633546735095,0.21415113025082338,0.47762728820168404,0.20619200955673478,0.8,0.31386864787013624,0.7539312422100545,0.28829259522671113,0.4203457400641231,0.5363845614446665
16.44199606766228,13.153596854129825,16.993776085944017,258.6403803751749,5.184010522812442,82.61004616627005,198.68181132552365,328.66881191038823,0.7875543802804569,8.22099803383114,19.730395281194735,1.0795175861468547,1.2909525900629673,0.8831265651665375,0.9158760748852381,14.391234199983865,2.3352388350869893,17.010949314386494,2.6103638520992405,4.999225572343235,23.63088971658052,2.7169896359138352,33.89597501219783,21.81500137551777,3.8224965728674736,1.1713159742582653,0.1247538685936652,3.5331963504305497,0.4540458264349396,0.7257085011330819,0,0,1,0,0.538432078421166,0.1406201067003936,0.29330773241493746,0.45788572842376796,0.21563749861387604,0.4,0.6742005401603002,0.6321981339137851,0.36129742520683195,0.834042833589442,0.2244994062732497
27.028490473409,21.6227923787272,19.122399432464654,195.067631566352,10.441994157461927,128.56292744097985,149.41911115141076,211.75081845352648,1.4017573131710703,13.5142452367045,32.434188568090796,1.7766925879549915,0.8029809958261921,0.8192407030850877,1.179131218757804,12.398871656078777,1.5191896514610517,24.294417794272295,3.672454910733956,7.636362535961231,26.414937962645585,1.9590643121937683,37.19589050455192,23.893746859545843,2.8394619748387337,0.8983686272664131,0.24626822213184416,2.699463535265064,0.7489938872435111,0.6998327180941795,0,0,1,0,0.5828745452337131,0.15228607567978597,0.28112091023765323,0.3582936889444661,0.7871692988748399,0.4,0.39994305519908957,0.5362635904229976,0.20829059088308782,0.831263333598984,0.22959447480996445
21.135850645444243,16.908680516355396,17.656248554082204,187.75591202383862,12.598870694934469,82.70948166765734,209.06744667931957,227.2457332763401,1.1109801211679657,10.567925322722122,25.36302077453309,1.2149000419588418,1.0401937897956648,1.1539848646481574,1.0005697536070863,11.468930725846095,2.4470238363088423,24.06218438315394,3.2967409806648735,5.31079079095644,28.707357370286253,2.074444649090192,34.33806069456285,21.819527830130106,4.047427717836216,1.6076838560230666,0.376436596644228,3.065767983009044,0.8602516674052509,0.9700338891718161,0,0,1,0,0.19153742378951116,0.11461601200292851,0.29981757206686743,0.35679696599558175,0.5270266963205856,0.1,0.620429316952452,0.8192684299680941,0.45300561324643257,0.4057390353901175,0.21074448197762258
31.078957426193583,24.863165940954868,11.339460191874466,161.01800511511559,13.677752794382226,131.54701209888174,293.09041873677626,304.0833079645093,1.3486230711384657,15.539478713096791,37.2947489114323,1.6242438482820156,0.9101819116259077,0.8583066862739841,0.9272726953178668,6.766038423466403,1.154207452905858,21.960027599672344,3.5760053430954923,7.447174868294405,27.78600244391002,2.949644637860785,37.843483293862015,24.185654956044843,4.277354039060462,1.0907586629764778,0.28184451660861454,2.8856348754898375,0.5694108182227187,1.3184823935798764,0,0,1,0,0.3885409651703067,0.12053110318700855,0.27169260617572377,0.3557004152390056,0.20866801060171358,0.7,0.38512297290440123,0.8298562576462196,0.6648188157055066,0.7810543460462223,0.36800318026922074
28.245950467330783,22.596760373864626,18.953834236466406,193.00104447147862,10.383959382729618,127.94594311058255,192.20424793196298,416.79244581248895,1.055170309806696,14.122975233665391,33.89514056079694,1.97832292789831,1.3899482260559446,1.1830982983273937,0.9162619267840663,11.274555700153197,1.3795555297578304,22.661435369283357,3.6922710423705376,5.996258145613945,20.777909251414528,2.361974042320842,36.12064316741096,18.455097323791485,3.5935682587122946,0.5498876717000942,0.19154789307098558,2.0932722776517645,0.7444541833748023,0.7213285388586442,0,0,1,0,0.36852464401831414,0.09794285511192605,0.21290853242430516,0.4238730447889589,0.9591804706885867,0.8,0.7094772309901913,0.8865372733799745,0.25554781155712547,0.45544106509376375,0.29791700671286836
14.27568104630227,11.420544837041817,17.210335704341926,268.2923535394747,5.140571638089069,57.052117928906384,170.188680545612,382.24243014943187,0.900691674573064,7.137840523151135,17.13081725556272,1.016471478962655,0.8395192347167864,0.9147470588139884,1.0218448221113303,6.55107707178894,1.4251703285588422,20.700393352599683,3.985541741728033,7.20735008924196,29.22651032957056,1.6784248703149518,38.79587058360202,23.085141131188088,3.189124383522623,0.5546032388817798,0.37747258709620024,3.5817108482422366,0.33123800806238113,0.7139963525005503,0,0,1,0,0.49069906142809316,0.042004022428980374,0.19312893521474084,0.2013337685866759,0.7658907544577392,0.3,0.6770486860238591,0.8210611252413462,0.432050128358486,0.5063269107841059,0.5492762741182292
27.606101536552178,22.084881229241745,16.540450419679846,216.76819966278873,12.6419347030738,114.54789293768778,251.0835385338277,456.82942313338526,1.1942318064555733,13.803050768276089,33.12732184386261,1.097056737140433,1.488812537114495,0.8283661487868476,1.0398797907286068,12.312209577760404,1.2296949376890298,18.820775279151732,3.1934719575256563,5.827959297179181,28.44716700069772,2.5182961593946347,34.91066368235764,24.796980152854857,4.348930277628589,1.8703271456104873,0.15988394562238717,2.351368574196031,0.8826735224692306,1.0107036822719047,0,0,1,0,0.17057599410210753,0.04639085228665287,0.18893767985675164,0.42307200679441187,0.9712409761567304,0.6,0.4255860441074628,0.5947936930693418,0.3628110418104348,0.6827267407751989,0.3580210868988624
34.3307039699354,27.46456317594832,19.73110844886147,226.32962130241793,10.463399387189725,96.52375304661389,175.1314539675786,288.71551163818634,1.2967100073687308,17.1653519849677,41.19684476392248,1.207952501672207,1.2743745782187326,1.0643305573002004,1.0765008077632272,6.2495024514147035,1.7328738567785595,19.74006185831127,3.609352719576525,4.0428120007173325,25.161033803878677,1.0822519466003602,31.647921895268677,19.534521574734725,4.827691292022998,0.8033694592706051,0.3559998253683485,2.9107944973413726,0.45946918240119267,0.9314039548738834,0,0,1,0,0.46979494742770334,0.07741477105249808,0.14556705778334533,0.24061580549508585,0.2826971094900398,0.4,0.5155237265019144,0.522810123493027,0.5444698556489898,0.8674292016795285,0.5849575589147267
38.70076390810521,30.960611126484167,15.07174958305767,247.22640514614505,10.439527279981068,84.29375197410548,134.66972221297723,335.4071138502551,0.9975309346575706,19.350381954052605,46.44091668972625,1.644372453087131,1.1350225881037423,0.9202553503580788,0.8075847846260331,6.397363803920854,1.773474204533259,22.856061871248873,3.9020479635146055,6.2979773588745545,29.04645573560593,1.6987560385112253,35.52270381212109,24.545478074708704,2.2674947882705534,1.0056980614429518,0.47411767140650485,3.000211426645315,0.7607089707889202,1.274075442727316,0,0,1,0,0.24782427004382077,0.06721534190447684,0.13121722694117177,0.3098816755755637,0.8851194969891215,0.6,0.4613004620542219,0.814046505779209,0.40874533140336533,0.842836485281122,0.4091443418073199
22.655538486723152,18.124430789378522,13.935404116152695,212.89684957041794,7.871540753674138,85.02825807895208,243.1864513326124,402.52374110198593,1.3952093164640003,11.327769243361576,27.186646184067783,1.5762183155492269,1.276674663775189,1.0623751433841366,1.1353016834305185,8.101692985240192,2.4746422012324167,18.175641445261867,4.707697608834943,7.145548855688566,25.286537238179193,2.535528442894294,35.35864785771095,18.7461876466725,4.934956481152515,1.3050625930486612,0.3629816750464303,2.645846961634644,0.8143309424672653,0.9855144400817858,0,0,1,0,0.23315944725903365,0.041036312273482214,0.14600117553445036,0.37004282267093985,0.05074315865932211,0.1,0.3117837823086914,0.5580311583042887,0.32229012612986635,0.8458162866446834,0.3445311958990322
15.403793984537325,12.323035187629861,12.4528720362571,254.37952445155338,14.06554129178274,128.9333407103568,161.456388676361,466.86095317421433,1.2574092278392426,7.701896992268662,18.48455278144479,1.2972472163197457,0.8959741699564856,1.1271226700801722,1.1816816308803766,13.581023179804918,2.255722207709173,17.312896568457468,3.9135355211769354,7.243387829934353,29.914770196550663,2.489145743735453,30.821638394331952,23.237264417844766,3.865122899759872,1.0665138281264233,0.3165092081473322,2.9722054009175247,0.8332949102659049,1.4932329727000757,0,0,1,0,0.5694988037827126,0.05435193624796932,0.2650197654685021,0.3916820639160005,0.5173998509718619,0.8,0.34366662280968646,0.5932107773618638,0.6973642959869337,0.5804864835433077,0.38890074666553254
36.78737223490594,29.42989778792475,13.210463882519853,191.22020748248497,9.846737013884509,75.51579095572288,129.81559162309216,354.81918738790097,1.3559983937613853,18.39368611745297,44.144846681887124,1.4512155653926615,0.8746136495499474,0.93964848326745,0.9147851322196517,9.422702615025926,2.8400505391092263,16.9054033410235,4.658073227818615,7.3974114638607045,20.588343561574355,2.487956835063119,31.967159940223322,20.736090537377443,4.764070301300304,0.9935495631568163,0.376812059802358,2.263946699582193,0.7156820457499422,0.5782453920743017,0,0,1,0,0.5653878778762838,0.13777349055075022,0.12153592393022407,0.29625514512929113,0.9817612312735838,0.3,0.3392737072200677,0.6612615119567047,0.3166967983208857,0.648401046999744,0.315174397867072
29.517481925186434,23.613985540149148,16.550711149029944,191.54727267648113,8.622329912741158,102.65026187256616,218.5525359126771,329.1872707956579,0.8646266573475745,14.758740962593217,35.42097831022372,1.3299817815344674,1.2446539513630714,1.1061467116483992,1.1105299486629443,7.291474249939832,1.8856306221704704,16.156369039274054,4.501061757594323,5.030555415407082,24.52102286473055,1.5698765942742023,39.64023528230368,22.11720252704951,2.540378858601704,0.6481314370140083,0.29404645757855685,2.6137030881648293,0.9513158793311391,1.3408055233217877,0,0,1,0,0.32796088951901925,0.11391045366004693,0.22101425533915134,0.2915589181384847,0.1988930700247803,0.6,0.6319169045524999,0.7114046273638228,0.500435733142838,0.6794432355879438,0.3813261633192974
10.84278425128898,8.674227401031185,17.728479051191194,202.14901653172157,12.384061997592948,122.94814734919677,272.4126214601308,361.7457668628769,0.9311480961022693,5.42139212564449,13.011341101546776,1.053140757617847,1.3505052574547354,1.0204372883350201,1.0436002750200999,12.842168997629848,1.0963234431572149,24.786959537916072,4.4298955472003065,3.7204206116822687,29.35011812393919,2.9172604347562583,33.273665142978935,23.38174963577465,2.7015484792492765,0.6007782309455898,0.36991479972993935,2.0372134469494467,0.4289506762313864,1.2733848911821322,0,0,1,0,0.6098196482332789,0.042318388521284195,0.15053423411557293,0.2487787372072097,0.005566607567528359,0.1,0.5559181002060192,0.6509473000705222,0.5908551591900075,0.4968330889616439,0.5209920452684851
33.85952722080344,27.087621776642756,11.652971409364618,253.49416851769968,8.299911249813178,86.8740239458374,179.6041059827533,378.97593445352356,1.498141642894134,16.92976361040172,40.63143266496413,1.685517399193484,1.306693719710411,0.8964276313730862,0.9244038441096796,6.712352864315471,1.456555802621821,17.716207528038286,4.785866601264052,5.001221869192547,27.65576155998065,2.2039035975571273,33.558802180564356,19.989607388649667,2.94537046694143,1.8966617171264455,0.20711050292975283,3.5754704232276806,0.9228966675469081,1.0309772143990024,0,0,1,0,0.2417061465494507,0.10459328974331843,0.194620495372207,0.3685772434690807,0.42088782220822896,0.5,0.6006801947170655,0.6904404219270834,0.6940021886810238,0.5512812176917417,0.43057115556587844
27.156163412213285,21.72493072977063,10.193259621648608,243.86006267543823,10.036809200733478,114.54279874044049,267.5938724407997,353.675459115452,0.6043487629201564,13.578081706106643,32.587396094655944,1.4810949248821141,1.0631884935017926,0.8497418614503969,0.8119862936898447,8.119365547337196,2.8391117306542704,24.085388554157444,3.8582337703582668,6.761080909624853,20.92760895153143,1.1554934039301705,33.44920265937536,23.906125227912522,2.438834926505021,1.2338780257583821,0.3342271348996383,2.5839776878641505,0.4886829713140569,1.1833820632943257,0,0,1,0,0.32809158793894994,0.07891884865707283,0.05413947766358954,0.2758509426758632,0.9464945197101217,0.4,0.3959824143417185,0.5723041188633566,0.6951072131850003,0.5610443251556003,0.5315870222993011
24.579851137936057,19.663880910348848,13.88188962010337,154.58568656684207,10.67781087768121,131.17726925508774,107.47884542020746,265.6525521142443,0.9609122448381118,12.289925568968028,29.495821365523266,1.226981421641244,1.4926116653983896,0.9497172107530725,0.9766920816722181,12.129312182604316,2.393683724839105,24.948367508960274,3.018727425426436,5.709376467030237,22.11116634580765,1.7052471436268029,34.67262849211443,18.068982430765743,2.813595206672546,1.1553216463627702,0.43428623213950635,3.4574262376143725,0.47311918980811507,1.2211217352634551,0,0,1,0,0.22179790543526803,0.11084772614306548,0.20861767768027734,0.32206379076476854,0.7367220211949025,0.7,0.6691982169824467,0.657835248764772,0.3781893678471123,0.572855861246518,0.20091311757179509
32.64843992701765,26.11875194161412,19.32308442246213,260.7785659464511,6.13396501817241,88.18551954494716,270.6301703470589,202.17344788243136,0.9042039615301312,16.324219963508824,39.178127912421175,1.2334094538569267,1.4213163923476644,0.8978214057861637,1.1395170751478865,5.754423306853775,1.8567431529118843,19.30271847698181,2.7778213007267136,5.2692086457575265,27.671453655210378,1.3297594000972812,36.88660903801493,22.98507648407936,2.466889516804872,1.276836994091303,0.38402006356825946,2.527235925444944,0.3877225146692048,0.9540099864290451,0,0,1,0,0.07063810944334228,0.0823372883803485,0.21449794849273854,0.44763793999955864,0.06647034964729692,0.4,0.7042489457767792,0.5551593691138434,0.31463485000964625,0.4033571522524984,0.3694471836477776
25.917644435302712,20.734115548242173,11.952358233508255,229.2714727913467,5.627763229433571,84.66291941559368,239.36903847626115,366.96534651955506,1.3342052969079559,12.958822217651356,31.101173322363252,1.691934072202952,1.4932879685389877,1.0580407792751112,1.1400163964088144,6.31600257608741,1.223827581779273,23.166719718496566,2.942620019891244,6.054249985109664,20.385954947707823,2.9327665926319058,31.41795755042552,23.667548158564443,2.5163398155556767,1.6842550782781394,0.19150723698843275,3.719587532059396,0.531135562137079,1.4148681536660486,0,0,1,0,0.5439532255100173,0.05285560579221716,0.15937900700790883,0.3703668940051,0.9803022520278941,0.4,0.6590754027470376,0.7669399393968215,0.6450727678020994,0.6854334458589704,0.37329810851507295
17.57551160968792,14.060409287750335,11.99560874778313,209.30832403859284,5.738961574566134,79.83362795865372,101.03168870809358,321.84705536136033,0.8725019427989054,8.78775580484396,21.0906139316255,1.7582329287898673,0.8347035398614575,1.0105247687839634,1.163980803721221,13.528030669883005,1.3555609120386438,21.671372374739335,3.3499493550853265,3.476678617529653,24.9036767393373,1.146735746676921,37.65956933687689,20.774064111892944,4.485648863305942,0.9452574590617858,0.20778945583842626,2.328709442385864,0.7219875675093979,0.8723672915530232,0,0,1,0,0.05063657854033524,0.04298233012093984,0.05735752750049665,0.46769611021122304,0.9591383041433302,0.5,0.795037203581632,0.8175965066525872,0.3468854511696634,0.42820932521904675,0.5100847326980222
26.830704647924218,21.464563718339377,16.731521954934717,230.23597635574083,13.472388905194437,56.31482739925981,126.48254566466284,323.4926845441438,1.1641778281576745,13.415352323962109,32.19684557750906,1.3847417747598851,1.2827417616964643,0.867258321985077,0.9987195815057902,13.058011970657668,2.3735784583626227,20.189691716991085,2.974574799751407,6.78680458597869,23.635328295210606,1.826395064382404,36.67849618789015,23.629147081568302,3.316121557398753,1.8655563391027372,0.353662786225434,3.003576155707604,0.5261294989976025,0.6917858671831457,0,0,1,0,0.3646891638714802,0.08292774255712057,0.07710295507611843,0.2837334780964589,0.2064934667038707,0.0,0.4690160545285495,0.7734446821601428,0.5717571578025573,0.5484362400349881,0.20788448912537155
41.1852561640884,32.94820493127072,15.751945664088705,206.99014061658175,9.91300698319364,78.93649051942549,180.57451876330933,414.87010726411927,0.6791462302164962,20.5926280820442,49.42230739690608,1.5059926210952237,1.437055809488813,0.8975801569992506,0.9323643965853274,10.744376579076018,1.7698816551365897,24.798173798113936,3.9066880673640783,5.687591923355006,28.981800977199875,2.629472277303269,37.679170126352375,24.99404211467254,2.380315678726576,0.9615523265869163,0.12057485417101042,3.963094133160351,0.6793366895635138,0.6754381714405301,0,0,1,0,0.7332481326900284,0.09523192936558246,0.06159972716194166,0.4404779562853258,0.013980344432009018,0.2,0.34111737087492655,0.5096559759609316,0.4945945902880051,0.545398731296568,0.4539584352671891
19.967042966813548,15.973634373450839,17.635033756974824,209.9389538147191,13.891015621382989,103.21030361677106,118.6365623176035,280.9650299052289,0.5890394526162711,9.983521483406774,23.960451560176256,1.8258726415258089,1.0049633587886486,1.0346243716550774,1.0167603612533203,13.718822856092272,1.6391360738159035,22.364157617315563,4.023263681299984,5.86829557793409,21.87560754756673,1.5588519903930118,39.45888912900413,21.48732734209074,3.8868647373224823,1.2093998071443994,0.21332795292875023,3.911482192664562,0.9728565842695616,0.5689340639523436,0,0,1,0,0.6080276984875992,0.1555109042840274,0.2863249994643782,0.34054760855835553,0.8163890812609814,0.4,0.3897131220387471,0.7199447952985266,0.30794388078381674,0.6511200239556934,0.3486742149957722
22.432878165146484,17.946302532117187,14.26307402008095,153.15637975171143,8.594319121718385,88.96909803002552,204.68513921955002,430.437904614946,0.7347859705993435,11.216439082573242,26.91945379817578,1.5506170733623201,0.828439683099236,1.0229160482880888,0.9200580627651033,6.938876896172421,2.7480000037630745,16.41406539110142,2.4570621976512,3.470341564360708,25.629090720308998,1.3537244166695144,39.46570320435396,22.537285199178466,4.945626810767493,1.9608071462462757,0.30852707680936575,3.082706759507641,0.8050051879296183,0.7483894056114317,0,0,1,0,0.12439621551088909,0.06593639267728828,0.12222340870546548,0.4067331805018378,0.4283404155389231,0.5,0.641237550406424,0.5508042854619685,0.5207730765512,0.7781395205070516,0.4540570801697499
17.532069762116635,14.025655809693308,15.089209033647817,223.95684125008677,10.46490626687126,59.44029566313944,145.85366272473428,477.98119734000034,0.5553413963825069,8.766034881058317,21.03848371453996,1.9396296063471328,0.9192495389312807,1.135114469109035,0.855211058555876,8.517964995505,1.168393494215586,15.780000797352557,2.5491398839743376,3.973651739942908,24.62814821596156,1.1799187386300352,31.150494702153466,24.768050254490092,3.8923831116767804,1.3129187113641927,0.4551701102414867,2.940143184005612,0.5323270004654067,0.6996403227871728,0,0,1,0,0.38508618236831543,0.048345872532518826,0.14983206514551978,0.22933192550386786,0.16521375447361056,0.4,0.391822427577931,0.786574287726416,0.27334603108931577,0.6334229581896713,0.4868300772509813
35.72148218868625,28.577185750949003,10.059029583996118,221.19474955068873,5.807264162035793,55.89542172327867,107.89008005117147,210.03277132074408,1.1804825537483095,17.860741094343126,42.8657786264235,1.634110455278806,1.212328606888379,0.937468768796861,1.078647435440569,11.949127534459098,2.5982614092292726,18.127071202191058,4.500717439621516,6.814631215464118,27.980898470373827,1.4162109227917137,31.123474198781302,19.686121425126583,4.507509282464372,1.6720192122057762,0.37646272988335694,2.127555723409852,0.5850972833860468,1.3818572452096172,0,0,1,0,0.7026476882851426,0.11898784504450904,0.2580883875484376,0.3371290166088466,0.018493175062798684,0.1,0.7212096108932741,0.5586273154948904,0.6884429399391063,0.6995373905373217,0.30841265387254335
27.23093496632748,21.784747973061986,14.661209408935408,208.84919511532567,12.2301765384281,100.72176602147388,294.65189377156617,485.26519671845506,0.6552564338698506,13.61546748316374,32.677121959592974,1.3279951189284147,1.1118774398891837,1.0226491186175486,1.036477406323118,8.976257997160364,2.9388512657471555,24.568320592317104,4.3249206419254005,7.978872041155087,23.909998516699403,2.6974416404094095,31.686684129929226,22.85402911787423,4.912515153191551,1.282840499844135,0.39687640735126906,2.391227707736612,0.5951676196468494,0.9508412450574998,0,0,1,0,0.42556186280618213,0.14981707766199562,0.10954375221771354,0.2655818899303169,0.4225129552945638,0.5,0.4187633216251187,0.6860972465909827,0.26711526676542907,0.5461545903464957,0.3474807361589245
25.765560309559717,20.612448247647777,10.102280467317463,232.44208605635237,14.097611346102703,140.77858094454825,168.4729864153154,367.6128295057881,1.2582555464461487,12.882780154779859,30.918672371471658,1.627049905915171,1.040525357433045,1.0448697268537415,0.9387425804800495,8.145741845761616,2.6930495121494182,23.93500433247909,3.8473838746300206,7.808289539636378,27.324133313164218,1.4053174305126943,37.55326027360235,23.098552947556353,2.1724057736826077,1.623087381191758,0.2573676562254845,2.681180635440086,0.36887910030496773,1.2918043778750992,0,0,1,0,0.5366478912383081,0.12047877622055032,0.09292465936180751,0.34092877223656404,0.6208397438480417,0.6,0.4556823605467517,0.5590823374152794,0.39213469598621464,0.47693348972239086,0.518587147331303
28.792043570279297,23.03363485622344,15.540197365805373,236.41091674060587,6.731112956384294,131.82839693839327,261.6353615075311,494.1319566954669,0.9273951339129239,14.396021785139649,34.55045228433516,1.2096352424331225,1.2534866655977537,0.8006959399447663,0.914274032882707,14.90302774548841,1.961423342405334,18.66214660382163,3.6662992459796673,6.174185388859949,28.780523210592243,2.715193858711076,38.65242529938887,21.660281030201602,2.4758111829118685,0.7559495333472267,0.1101620362916873,3.7301881222636855,0.6680391696853285,1.239157438163189,0,0,1,0,0.5286669451186212,0.04254275299098865,0.07074572250617049,0.20814682884150165,0.7055015928946597,0.8,0.6743660164203784,0.6950641174919451,0.6330464214499938,0.43660053081016453,0.575381813543153
35.2485626078215,28.1988500862572,11.949772498106626,206.93827483822534,9.831892740040216,145.98347539237773,267.0005988128519,391.00724598170393,0.7209026523027684,17.62428130391075,42.29827512938579,1.5538619853213333,1.4148117333419699,0.8010305381639449,1.0623054864422228,14.171609547837459,1.2244719158831905,18.625850881158485,4.737847031804473,6.3641583088657985,25.39276647825745,1.0116819326866813,32.49509773988818,22.34127120390875,2.1379613811639744,1.0185498763501406,0.1360292638742928,2.6600959237160318,0.8218789438216003,0.966509999922916,0,0,1,0,0.09744983907434299,0.1313221154943382,0.27571757349536397,0.22827345269345656,0.8880919379559625,0.9,0.7515783635916857,0.5881716684656508,0.6523425842627772,0.6783206156772641,0.28744964013555785
34.08232328569812,27.2658586285585,14.388153033733106,257.8728608243476,9.078366274732208,76.87902937783579,297.63894864790586,403.8505505145313,1.4117976586233887,17.04116164284906,40.89878794283775,1.6637258147723784,1.3771135319738244,1.1196683550778073,0.8114039869758849,5.966295723867092,1.5264561669211139,21.71705696751297,4.2691321567023355,6.096129398577849,26.26870297436921,2.5977350722847192,39.555530648450016,22.066890627578278,2.120862990663408,1.2867032304047605,0.36283724432471065,3.4329742810884705,0.8203272145684948,1.0096499776475074,0,0,1,0,0.30992105433807027,0.15656098543771627,0.14209432817144602,0.4733376229807813,0.6916882679200697,0.9,0.3751369761889113,0.6812821820614037,0.4924288311116188,0.4530233073129492,0.2841089340141998
22.610696476502866,18.088557181202294,16.90797721090549,226.35268141551813,9.731032631374852,145.3094087556786,258.3091694757601,335.0783167461867,0.5184161438912188,11.305348238251433,27.13283577180344,1.6577615441494054,1.0359443565653308,1.0799521504765768,0.8124073925509148,7.71958327288919,1.059282365112544,23.266651204769687,3.9130290802788688,6.928191608313813,24.376901010191432,1.8084413946128792,36.092634841292615,22.631233044332117,3.751570972682767,1.5414118779897867,0.20365830419834727,3.887220258704422,0.87317226117318,0.83905444411853,0,0,1,0,0.45434449148448375,0.137543714937238,0.2557429497840518,0.464606583674191,0.6776437752757194,0.3,0.35883936947355977,0.594960302425179,0.383011892259994,0.623549331085631,0.2562204906097435
40.31017929902778,32.248143439222225,12.391380527664499,181.9155807865724,13.278050684754788,121.09554049850965,185.79176905285684,238.62330215524352,1.444754703399784,20.15508964951389,48.372215158833335,1.2834594257538106,0.9093717426653272,1.0179379080666962,0.9851784070300825,10.954906292839405,1.8183397301588449,19.800268067579296,3.0669593822918184,7.786798685270892,21.39225100554989,1.35998885159105,39.61159914139883,22.559998612411814,4.20833851745373,0.9287648368065035,0.4317495579848881,2.1860342087141476,0.5161296933358499,0.6149526754194071,0,0,1,0,0.08632811444903578,0.06955524265019175,0.0633051748104068,0.2702660890012069,0.841597741430973,0.6,0.5815698741169493,0.6943127858521806,0.2715818032689148,0.8427134658058594,0.5018340894107184
18.789970541123132,15.031976432898507,14.203321760607965,173.83344857981885,8.32851192147742,94.16026387815769,134.4156635262501,498.92429382215505,1.399585178187015,9.394985270561566,22.547964649347758,1.9361746715898873,1.2602761363346768,1.167334797441011,1.0009313298701905,11.42056672979071,2.518189601329272,20.82218629817227,2.4027431587951167,7.267582268447424,27.553897952003084,1.178349831016081,32.71545452507331,22.897656244185846,4.5083312379051765,1.240768862823354,0.380193969065739,2.8909213055425416,0.9458919091265334,1.1813874802487616,0,0,1,0,0.08720202101276782,0.0936777644122546,0.2100053424433491,0.3881452975163844,0.42908030994456026,0.8,0.7819491267953531,0.7292934562261327,0.20377728446800825,0.6136454231144275,0.3558782997834283
37.32970778145925,29.8637662251674,17.01379155651602,180.24653277160195,13.965429923395122,66.18240614707105,129.64678037068887,271.2401829020784,0.5128363453787482,18.664853890729624,44.795649337751094,1.9588262833858319,1.1636780039190284,1.0505491765997288,1.0136539413465993,6.775718671102053,1.0695903249868983,24.503992565854332,4.199411378583484,5.300324560036403,24.19449317749788,2.9889886874290164,35.89552001858962,19.02209005321311,3.666999898710262,1.4082632366134944,0.10529044100626837,2.487156260032895,0.6286279581517459,1.4334433168618013,0,0,1,0,0.14356427660940088,0.1401024732234115,0.1982330386199022,0.37497060179099584,0.735496933882707,0.8,0.6416655426894253,0.5259756044314893,0.28219910328156617,0.4634172185506799,0.2224990261076426
28.26023403610106,22.60818722888085,10.056604118966767,279.26997742891274,10.874234806286378,87.04838535139945,284.0691144265936,288.3413114603568,1.368462869704488,14.13011701805053,33.91228084332127,1.3928649692542048,1.164648866812067,0.8167892146446321,0.8732473707657797,10.25912920995864,1.503749249888638,22.174384959128744,4.9391934430121704,4.087583492836389,20.44373986825376,2.4420485610814504,33.89468069344663,24.06408100302238,2.9345463213005503,1.4772559382020263,0.267682612252501,3.2217871840762173,0.904932226209312,0.9963609940421906,0,0,1,0,0.7413819157578939,0.15375165009602446,0.09358627225241616,0.43208175935698295,0.3869359720229507,0.7,0.5738318142485156,0.5428694979176215,0.26472041135212954,0.6819885301166044,0.29976174225175667
35.358313308382186,28.286650646705752,12.33820361955224,216.34449249540697,10.958717799085631,121.8196614395901,218.65842834894602,433.96879366618396,0.9751098702858438,17.679156654191093,42.42997597005862,1.4712773822875436,1.186806346750867,1.0585800698401604,1.0731619071473344,5.3442213152083795,2.844084016893606,16.9371640668714,4.75024527589145,3.382503050517416,22.11994857456371,1.1956611062256244,32.6610631156452,24.587423643480342,2.6712973282507173,0.5244414153544215,0.2340785661793716,2.924683817198821,0.6675348386292761,1.384124487416361,0,0,1,0,0.7329628001362123,0.06144143306070839,0.0639822942375777,0.33083630764611,0.5913819156612292,0.0,0.6023030130227419,0.6412672239658156,0.5247658992962999,0.47023147796514414,0.34197437007337483
19.582031516504944,15.665625213203956,16.800984377361686,226.08986376979828,6.418572495162794,80.38087204031672,274.06473690466396,405.89762615039734,1.069630264194271,9.791015758252472,23.498437819805932,1.5775059213951619,1.2488455498509792,1.0979933102433763,0.8954850547107034,13.838061427382494,1.6656936922968208,15.67755544968251,4.972871601075944,4.716142120769461,27.88330642494922,2.7946672410983755,36.17997014423993,23.525364527065722,3.088153488408712,0.9420259003461304,0.36976648425250824,3.6889425049519238,0.30186592035509646,0.6756078366742649,0,0,1,0,0.3040436564158632,0.13743730691645306,0.05616704230004814,0.3084429492059111,0.4861815194614799,0.1,0.7424154841789566,0.7102025194199297,0.27186111139059566,0.6403395394947042,0.4094075338839387
12.29880289782111,9.839042318256888,19.680349736300588,234.08169441747367,5.255589708895708,136.98651347330548,157.0059501390686,262.20553133082944,1.149585277857856,6.149401448910555,14.758563477385332,1.27131233178581,1.3187243746173434,0.9929889338116749,1.0195912648997982,12.685237181273349,1.5131395046237495,24.949214377702198,4.730836123361458,7.35628640649417,23.618695152557514,2.624985813862344,38.542608872304996,24.04080565395077,3.175980134991181,0.9676790931129302,0.42565248491386865,3.794185596724196,0.8025270621215175,1.2067979264538375,0,0,1,0,0.39187906524924615,0.0839130215464503,0.060385978524888764,0.2616045944102212,0.5522880356884896,0.3,0.6285473913494668,0.7506229549614403,0.4955168617006021,0.8096452392508138,0.5000246923563787
22.999929123990306,18.399943299192245,19.5207671953903,245.80203960402528,11.529293755586732,79.39971069854167,243.79421373682544,254.1465690897687,1.466774756384062,11.499964561995153,27.599914948788367,1.4091337183004542,1.3065693286111804,1.0135082189788827,1.1822471349438097,6.1116288059487385,2.6886305899377247,23.56518738550581,2.703091769601528,5.633037912598191,26.427184216535327,2.8368969540130085,35.841482388237665,20.60242124333605,4.735716871088444,1.3355191063050278,0.21125796447887915,2.80029098681148,0.9944364749461327,0.5899478882184946,0,0,1,0,0.33423086348195347,0.08324527012347971,0.2855027859130839,0.4934877785661027,0.6555279538276171,0.0,0.31708414190223194,0.7935960010654315,0.4525677460117239,0.5581405614577111,0.38312138972171994
31.718567893988276,25.37485431519062,19.150580572925904,261.5568745121228,13.06664118185363,77.40871354490083,258.27984015396345,349.6801998651032,0.6646403570755154,15.859283946994138,38.062281472785926,1.82073355695169,1.3164669210793742,0.8149074585847728,1.1583630216841814,6.183424682283234,1.3975107566043692,19.675164046937933,4.9307904306159305,3.6828120774662905,24.116920154114084,2.841408746726062,33.40672186352537,21.5974102870483,2.5273991182957065,0.9544953597286211,0.41790904756053104,3.062087738784057,0.6068651080287885,1.3400238945350138,0,0,1,0,0.4054606391465475,0.10128881440944834,0.20791592892194607,0.29387850016222455,0.6961197224256708,0.5,0.47207771651232794,0.6982798550964212,0.3447450339989553,0.4778567253686988,0.5771777305579415
13.498319876532467,10.798655901225974,18.886550962974574,212.11301725084488,13.482056478332975,55.67069898072647,202.28557314053808,368.1317444227094,0.5679424670837815,6.749159938266233,16.19798385183896,1.2253016532087297,1.0285976331344644,1.1377314646673509,1.0750656177552227,9.898745122407579,2.952710930003941,15.534050190623772,4.7207027218059086,7.32670114859509,28.649914656861526,2.3528202729886907,38.36232689734849,19.162999265748923,3.1149417473500436,1.222168179906708,0.4688860678183925,2.310732388730453,0.9828758842216807,1.057952811456249,0,0,1,0,0.447709358578536,0.10494831731328677,0.16560808768883015,0.4345476388169021,0.8500176000239759,0.0,0.6763107615124877,0.7789028354041677,0.29981175879169736,0.5150988243414814,0.2783479757869236
33.358939230594544,26.687151384475637,10.132843892067312,219.74082647184593,9.496117946429372,66.11925741583757,186.2005898161787,465.1991749422286,1.241015135706553,16.679469615297272,40.030727076713454,1.30744476588358,0.8774876090693136,0.895521552339104,1.0878549281598588,12.562780266679223,1.8191339949710348,22.371095030652796,2.8119600406049594,7.696373887454085,26.15336587511972,1.9011028338512121,33.213156401949995,24.689112361569208,2.2400246189680946,0.8800516104092229,0.27572771305159216,2.9705680717867975,0.5297716945673011,1.4976116346858708,0,0,1,0,0.14541243588512104,0.12101933649575088,0.1631045850785104,0.36380459781006363,0.5651553390321417,0.4,0.3218964742747252,0.8153847453302083,0.6679367032523756,0.475368120467497,0.36282614873568725
2.3030673584075068,1.8424538867260054,11.54627561580339,247.86904129665317,10.65305812000484,88.89861301913434,250.46691279352302,352.5789639949245,1.4050839826767587,1.1515336792037534,2.763680830089008,1.9018591381385932,1.1807928195282287,1.16774363315167,1.0182075298587936,5.236916310815962,2.752078781809888,20.01855286192251,2.451667372743117,4.203444447332084,25.631963881983545,1.3922175263746206,35.43206650395871,22.961157823950906,3.1753723233103153,1.0550187453815985,0.10411141138096275,2.9015136391223972,0.4552766273131992,1.2885247657725296,0,0,1,0,0.35122091643441855,0.0926397717289874,0.2880010940430962,0.44290266028352293,0.7247568294155676,0.4,0.48870686039468003,0.6111759571403453,0.2174595010188718,0.40834799287701107,0.3707857056200641
13.309191833721373,10.6473534669771,11.221398657723899,207.83491412752758,9.612648303329838,141.87355877506502,282.73098824696854,315.16772251866195,1.2005713940673013,6.6545959168606865,15.971030200465647,1.6540668762060662,1.3482219311948676,1.1258613689664367,0.9979026725413869,14.16153243477067,1.1352817439055187,21.30449831082243,2.3696206421090387,4.529839513453781,28.342436351092964,2.489813416713857,31.114693361511783,22.79145708212284,4.204741025143014,1.4396949704622743,0.37498058089434316,2.5461219395579047,0.6353572575446207,1.1199248407927893,0,0,1,0,0.2761166590066129,0.09871923310894744,0.07920753676794419,0.40312662572407176,0.17928016747635642,0.2,0.5039489304665368,0.6799092724294509,0.35481548175175104,0.7425767258898797,0.4125690487661164
17.35173551749047,13.881388413992378,12.878873489622142,230.134651020946,5.839178772003535,133.37057401051527,229.1045104018696,301.9971889513249,0.9959618095191198,8.675867758745236,20.822082620988564,1.8459802896531778,1.122311243936747,1.0084079311336882,1.1808657082122802,9.816114132021303,2.8009521783877545,22.125450488632893,4.510072318731839,4.211730443247172,24.005979460445865,2.454610208651114,33.600878320930306,24.42775826777867,2.525743927379433,1.3482317939603679,0.4140741975098958,3.293013606121126,0.7641253350525459,0.7838509426888153,0,0,1,0,0.12320008295989995,0.0926147750958642,0.18040007514819473,0.3205971341433068,0.8592122734671075,0.1,0.5440922429211833,0.7037430629982778,0.3278821569220526,0.727743908266665,0.2794667534134497
17.321689582550157,13.857351666040126,12.863964088028496,236.4081378078984,6.419673743820101,59.91924731711153,177.43568293152347,494.2337338613552,1.0261194763971266,8.660844791275078,20.786027499060186,1.8251096613216138,1.0176011102791562,1.0431257911997325,0.8578159275440869,5.705032993138278,1.958297282157897,19.56611336315148,4.651359439225381,4.4194881501414605,23.04079523404654,2.8178512835688325,35.57734923989441,23.878916526491356,2.325470950884664,0.5522978303767154,0.378080820612662,3.786046282604273,0.46457727296027346,1.285167662776193,0,0,1,0,0.6577430971343309,0.09322368565722737,0.21653012491953588,0.34303605607062676,0.33966065502533804,0.3,0.4051153979885791,0.8566410603133374,0.4355732481264706,0.5153564828030275,0.37824242606421826
33.12217068205057,26.49773654564046,10.873085213844686,216.7994110984504,10.8955732695663,93.86827949153376,281.4340004383099,324.58938898725114,0.6686859160592423,16.561085341025287,39.74660481846069,1.5921760231405258,1.1112917981851682,0.8058431916293611,1.1397429202996388,12.624965589102892,1.9445895642117903,18.764893796270677,3.340577252075935,4.489879771443336,26.320650890835086,2.1254843982170057,36.61076343391101,19.30293161913484,3.0369232069434027,1.2934623183582856,0.14990294722505337,2.312719150546214,0.8828628575960298,1.4109145349072745,0,0,1,0,0.2826082709535691,0.1481352040372582,0.11338103535669751,0.48701757328994355,0.0379198440410915,0.6,0.7960588426671138,0.5204501774306807,0.36113611816138946,0.646226033612929,0.3103265816023887
29.631931291844992,23.705545033475996,10.389685314465565,175.06846799399355,7.255502732336319,112.79636705080367,132.89600424940684,310.01442419490286,0.7284137119321163,14.815965645922496,35.55831755021399,1.7646903834681744,1.479944154903086,0.9988346910919426,0.9505049918511446,13.952740595811795,2.992437697312525,22.745406246338714,2.3659612163751538,5.615709233395669,25.565970589544502,1.6507773319165837,38.96533425082522,24.81852427767913,2.952539587386411,1.6003396076440393,0.14999617178025515,2.2819680169430567,0.5905419111976492,1.32105301290432,0,0,1,0,0.13993988482729186,0.10937021515610593,0.12986120447385263,0.41362250500232434,0.813999265647504,0.2,0.6849021285781806,0.8985320003098145,0.46815086545638485,0.4775871330096889,0.4013840733077315
19.761571465352926,15.809257172282342,14.813339264683016,212.98476714434102,5.521854482244465,116.42881663626919,145.08551763465323,456.81143848455895,1.2397383878905548,9.880785732676463,23.713885758423512,1.1406117056948835,0.9613774816057198,0.8704513522074097,1.1313564078283567,14.060697246575039,1.8506963337875493,17.41971575655431,2.471965714344143,5.934684855252787,25.48768748451338,1.676617802883989,35.05927175069685,22.813660853849797,2.0257715606459046,0.9726510149914298,0.40184841736982835,3.1096796717849706,0.7559669214869305,0.6673998363172922,0,0,1,0,0.7065585422123526,0.05557415971162286,0.0716659487031243,0.3548380956661098,0.3750907327095336,0.2,0.763835010695392,0.6552900202603897,0.540929055803695,0.5694897206420788,0.4696733219072367
27.789859308873805,22.231887447099044,19.017520866640858,181.82080095538743,13.10078592571502,123.39741170772697,293.8200478469229,378.90355095828033,0.6014744363344938,13.894929654436902,33.34783117064856,1.7989349500536296,1.2444445900564347,0.8521132471134027,1.1300549904766863,11.520080360786153,2.3589868928421445,24.033901990941242,3.9492530585987007,4.135272398216873,24.297708025976526,2.0842571606015734,37.2321538733485,19.22044208740603,4.594420956124407,1.8539528072589817,0.16680311095077927,3.275090639463313,0.6132145499675797,0.7215364046151066,0,0,1,0,0.5501630986333974,0.08335242349535074,0.17031136051932222,0.3875154881413232,0.3702757921849051,0.6,0.6944092599214089,0.6186450233387821,0.48214663835321836,0.5692854136041955,0.4000943503061969
22.183683804413505,17.746947043530806,14.951816079537469,214.83102442997446,12.934329148185105,58.983870501777034,150.76363522633494,464.70002331823036,1.1310175202003068,11.091841902206752,26.620420565296204,1.3219536014838122,1.2577155145007994,1.1886633085118496,0.8178007049085686,13.419667233171452,1.6654186238083188,17.16685606930789,2.2076586677379764,5.513210590203089,24.48284705959345,1.9059788329241787,31.864510646451738,18.02180045238562,2.90314076046966,0.8095542479167643,0.1561104139968036,3.071109493493193,0.8864472108715347,1.0417408044431584,0,0,1,0,0.11519470735386543,0.062164987017714654,0.22819555918403087,0.40841628169667005,0.1723653725284251,0.1,0.7547846502801698,0.876280354371381,0.6031642757401083,0.5409254717376598,0.3176871922440665
19.83133379220365,15.865067033762921,19.101374745343684,246.45502086284728,14.87273025801111,102.79380651389744,230.26835909413347,499.6772982993479,1.0857697341910888,9.915666896101826,23.79760055064438,1.7535251117666881,0.8464829754015792,1.0849542647083683,1.0923887100667309,9.631541123825256,2.6832616964769196,22.281387094018932,3.089102636452309,3.6309325996513877,26.273058921215263,1.9057325383335768,39.26418360502656,22.240307247448712,4.463447198557778,1.7489705563488753,0.15670931084321693,3.426404763165051,0.42062413221774525,1.410588670948377,0,0,1,0,0.19517967209301784,0.14069733791321126,0.2693518686498094,0.48518921879177135,0.2381294068615688,0.2,0.457637923336581,0.7827381188419271,0.49051339705074487,0.6642696594001556,0.37702077729190897
29.72667228148908,23.781337825191265,14.473571147190508,215.55494973395895,13.959908448205203,69.49589390380993,217.7816399404934,214.1644510882515,0.7541850016364408,14.86333614074454,35.672006737786894,1.6500251398027859,1.2121065191497244,0.9639850611675134,0.921778342254828,11.303805833878808,1.186889718058687,15.31107024833781,4.30830693968612,7.77732772924597,29.813941466367687,1.7528108800159763,30.7811322740805,21.935509562425963,3.5052864940484048,1.387942596508803,0.1502144478070121,3.5048115294228386,0.6762817423330582,1.4507100746992854,0,0,1,0,0.6014316563844739,0.05821694957212143,0.06070906065469421,0.2537926854964034,0.42894340037253664,0.0,0.3033272534485586,0.505798304126212,0.6189997950894,0.8120426151723437,0.35221747847454427
