frequency,intensity_0,intensity_1,intensity_2,intensity_3,intensity_4,intensity_5,intensity_6,intensity_7,duration,confidence
11.970104563923062,23.173446962253436,24.855226333607142,25.300020551535432,24.28272312362676,33.86227473944774,28.543836074034555,25.05394715341273,17.30616174590365,21.681658893213257,0.9247165608026586
10.515945141126416,32.00232658892269,19.735667425017784,41.80605630426906,33.89820880615867,30.138639336523127,29.43944414025112,31.390602042178312,30.19244587367265,14.630796941562469,0.7793861622948663
6.615858226661876,14.626836577056917,23.957546603118853,28.599445846232385,28.01085774363556,33.674108975551405,22.379723823348225,23.313005095333164,23.531516529688957,27.712418544536526,0.8315660988030185
9.596220562565689,26.958465816840874,34.59587003102081,24.991322727405247,27.287765263378667,22.400794546443706,28.76763763914947,27.41570454309133,29.784733737205897,22.466965150998032,0.9490345919748802
3.9358457689709923,45.878836805654196,40.57845358766194,48.90597698553975,40.21096886557905,43.49635965779486,43.93002626172625,32.34359999898378,30.20794041338006,29.875532873272725,0.8837697306794584
9.939501307832472,32.10675127831778,29.914187817386914,25.866496986626995,18.501191139178278,29.03420888979567,30.90842946411018,37.564910501297526,25.193366535722078,18.574024775549898,0.9290959562577925
8.157016303794144,37.64835182197045,31.44882982018427,37.10848508493999,39.17135338554879,33.396855915409255,36.960151540699904,42.96382575131134,39.797693102851994,22.957618012167163,0.734694378697206
7.760053966287459,41.18018404259294,27.106826056162546,42.976771456313344,40.04991268358214,45.181698165307864,36.123353895859545,34.39458846638526,38.2437092478987,31.544221607600754,0.7830897655169443
8.954922157528044,33.65500733756426,37.73281858724776,33.17899479016537,19.190125934476324,30.461419221835317,26.29289770114791,31.97199602949884,26.35652696432578,34.35816697009016,0.7122168370571305
10.53184120340383,18.808627408114905,35.006015646434804,16.332701234138092,16.150401331615427,18.859519994960984,15.344113710211689,26.104592022203356,26.43016852024077,27.100206928767772,0.7965050790658801
10.374699244279869,36.08582620020516,35.829044040419106,34.25848950760076,40.79316036900682,35.41647922072342,19.556444256981585,37.13138342213817,33.70749528468834,26.758095371991853,0.7328282739579157
5.888787185654715,28.59427493132484,24.674546291780562,25.824972365924207,27.917128613798475,28.696812198106116,23.013229298224374,20.153616834017964,17.87232576948218,23.7320395369744,0.852483330910901
11.15794689258593,21.949848966038225,24.34001571067973,34.751534036088614,30.538455989791842,29.57078789816584,22.92198685617442,25.608363760102186,30.20860500994155,20.29440987354935,0.7533475245047447
9.175221113542205,28.064287157071046,30.71690725037808,22.497439602945285,36.17697582764606,31.528881730465088,30.41098865235628,36.65335290901096,25.69676549744924,27.098008932293588,0.8939820983016084
10.062569806652595,38.69705886429746,40.30872701909287,41.43500644403353,36.5255403896189,25.54311229739128,31.167673228231266,34.00551256143396,37.55357518383797,23.942056878411382,0.836068932075528
10.607194018419676,24.804850761795716,31.317393566393193,12.327104779431107,20.690844670356192,17.083157680796518,22.62225951724667,24.02707586731422,30.287865382118028,16.091146913963843,0.8410281083370726
11.015681666280416,33.359060091214744,40.507061221598,37.14796244752688,34.064117578163724,27.86224969328128,29.075020040072868,29.67453131848905,28.01346795790824,17.464672587827465,0.8057286832690114
8.2317754321182,34.850266711971514,34.528493356585216,26.17266535025555,31.87354240901273,29.926631869838925,32.41520907396802,42.26186985340692,37.288509912539666,29.104654239460054,0.8785156813449959
9.551345611817801,32.82026436045639,38.067619280236,31.16545049279877,34.604579784488024,13.214201878549307,26.089029286905024,29.702795842696982,30.771439208368736,20.06590462344558,0.831706737001243
5.991115424174626,19.417466408027117,15.899311286964306,25.479057233547834,21.08949825754148,21.090220594883537,23.87435330944164,24.15305469524283,27.47559059083092,22.037031933909322,0.9354521878668242
8.495815113624282,29.265347331093434,27.31337159113466,34.699058279974544,32.97703865916684,33.324649193208266,36.12520671263152,42.704331060741104,39.352287168665136,23.477935039422047,0.7293328756927986
8.148353794573946,35.80572166318164,46.73620184091075,41.897597652723356,35.31710350830026,44.56482036281435,42.36733701160461,41.44780977059828,38.702217255659605,26.99189920384665,0.8754657352804985
7.794644813356085,46.98180543014196,31.549058666460116,48.49602711628913,42.2729548101429,42.01729521837384,49.01613926895431,37.221583616019956,44.244613960402475,15.893897445188134,0.8300554071097663
11.622551768011366,34.702753829691886,26.35455121648136,27.149589345929574,28.978696712974124,32.938148953993334,32.681099777364246,36.10496170108094,32.591692915313956,22.898486115399898,0.7387419263879849
17.617825017318083,30.75037969537884,27.05320546759776,33.68081795745845,34.42446158991503,28.326710132532217,30.892187013107424,20.98180314301523,29.686522246313086,29.391491813594612,0.8439008983126961
8.301490650519172,27.952751578394565,20.598018895774327,36.479771993821764,31.561617543366502,25.88139176086824,29.057905766374244,27.121848722775933,23.214180000227444,21.258775223863097,0.7142528001236217
8.228059892813315,35.35527169327432,47.16046282405006,43.461072888163955,36.30446212694833,36.20206694506348,44.196562153709294,35.93088172577304,33.89333783830275,20.603760166722175,0.9012798196056353
10.698597446922438,44.20290999517201,45.3690371789403,38.06379816009224,37.96226416793591,39.68166646789431,43.72327315516341,46.795235261342604,43.67474988241112,22.591886400728708,0.7611211229129291
8.245413218029348,22.733413339721817,29.12860690319885,40.90927664438337,34.68838742525017,32.73478184534835,29.3657560063985,41.041565301279924,39.51844588209111,19.383121908194987,0.9189179073693431
10.516836719603138,26.521736229497353,19.58876251053512,28.554212515612157,26.361410071992474,27.665357618404784,19.043047456014904,23.731179739165587,24.685850481266257,19.650487144098303,0.8910125035964199
10.58568550800973,33.549524443052405,31.179482631530966,37.90621309330425,38.35248066404555,38.64838369979916,35.3637444248836,35.79248165532468,40.36725219354507,28.087625955990365,0.9282847276372285
9.843683493370884,23.870489226769315,29.059715171052005,23.477191719779515,26.276649665199237,22.85168657448093,21.97970001864046,25.974224118433725,25.210016108686816,18.957064704059114,0.9046003010929107
5.772524394815411,25.108622892937806,10.207368782207256,19.31833777339799,17.11156232091823,16.31173012759986,22.141533978049498,25.115293155877787,19.473575027413688,29.25344258267239,0.9048620079855834
11.092340696226925,33.158426522274816,33.36558049662425,27.187495156294126,16.830785151665197,19.433602082859966,21.72719349266181,29.83006303316049,30.534165187367677,29.876730204651818,0.8481844022957546
14.792277832070717,26.1151974692921,28.2023118718121,27.290277268787797,17.20445121310211,23.286852463381955,17.021289804326386,27.257361897536,8.866176041213809,23.36466196922497,0.8411204795806893
8.780389711706452,26.13091437779868,11.98352396175912,20.26549684786209,21.987905305246084,19.0958887183956,18.2745091301252,19.736412619157935,29.003814290026085,21.383652448005552,0.8623641048505573
10.027093374334232,23.40389607090088,34.7149978659322,36.218607638873166,34.137418123172246,39.583696423183525,30.806917458605007,24.43146207724443,30.36642369894093,24.23494293435052,0.7912761562384382
7.451534817587009,24.801573778545325,27.321639853365145,32.57657738706598,30.801144157541646,22.246142051743696,28.378402693862746,20.650233714304132,16.26975678234964,16.79542107899593,0.885714262654292
9.288441928133372,27.92648714765829,20.93809808896727,33.86387887006865,22.99384280362358,17.32125458826902,24.95157275774564,25.130418172326024,31.575939221915682,18.764350787318897,0.9092893082870774
11.113131232803179,38.62771646669878,36.85319703939348,29.1142655976935,30.171845795065074,42.27544682091642,37.51784041856072,36.49025488291378,42.108175329602375,24.2269632452211,0.726372977432025
7.860935230592867,29.42966177437966,17.409633356601862,27.850286272856547,25.9566148645468,28.14076270901902,35.451101038149034,30.218127739068315,25.996974768413867,27.497174072056488,0.7864049506708465
9.38681552959944,30.297498290567745,36.1284167072445,34.80014160475451,45.609955118618764,30.222644476269615,43.660761634536506,37.08930591386406,42.216153831862925,19.237524436985858,0.7139330291814154
6.674357135788951,19.500487466045552,13.155629485065518,20.728117515963724,16.04048743675784,19.88466074057036,15.626809242181562,17.269410561058972,14.803009686194146,18.706281977763147,0.9188339596505506
8.41723197556024,34.10639618721132,30.64331509704631,21.927439587650507,16.944987493638187,15.201099956501343,22.83894756367861,23.03891202348264,11.456367748416923,29.694977657437807,0.7777651183800751
10.823367929463778,44.199999604379606,39.24849259933902,42.177248255517355,38.68740884897167,42.921148528789075,41.497470152219066,38.759486041054984,45.15679833496175,31.471497596686426,0.8211208565125789
14.398424151297998,36.74413952614217,35.27123095127211,38.987642475597376,35.83156829925006,40.16897862988907,40.10656184360898,38.31639765994101,40.741518949573205,27.23594845085099,0.8504654507228679
5.662572507816044,33.88879577007014,31.361872511948093,29.534739457555837,26.27387262353288,35.911241016937176,31.087767504405225,37.777298207524694,34.97889832953576,25.560105201095613,0.7241616761856807
9.841281506391404,22.138475481748497,22.102779538042196,9.838984886365983,9.345041534841256,8.42649802707379,23.673684053982768,19.446097837864826,22.61268394391398,31.905065584515903,0.9460054750953015
5.569810139897973,27.07325460660138,24.684634979022693,26.053619181234335,16.51699929832831,19.597404106994322,21.557587858978838,33.889977300215136,32.15715330326886,24.51716176645622,0.9480777217622786
7.777380711765915,40.86705613345268,26.959302146424918,40.157773182958294,37.786640928697764,22.00128052541181,34.81522318773982,34.21178133373231,35.0702830791871,24.18384314437698,0.9438392848330921
13.30476491756733,21.102707518864456,33.4053778614562,27.98859082190158,19.75735951973749,20.307138243769913,32.14159143563667,28.900544372728405,30.54702727748007,23.547543888844668,0.7139308352165602
13.647163647327208,36.337153995735775,41.28871609616209,40.29573810330553,39.53922732333663,43.71629453365348,47.91235046402429,37.87275034501775,36.99281817734713,32.999216709715796,0.8445506824970611
10.356003657550858,28.23737508250965,23.24728532280509,29.71614241057589,22.76872239667138,18.89007819499832,24.77198067006111,25.84993236753794,26.622872121812,25.01909622385462,0.7424149145213508
17.039995800351367,28.686310283893405,33.17987601332384,37.42930889128291,33.163184237662065,37.69177154355394,34.47398979233579,29.154903469312586,33.01208271757813,28.957309205462938,0.9277604196290516
10.731840483004262,21.9755748437318,23.969991282634133,23.830224687080236,28.197705078345464,30.026510319375973,18.62747031198221,26.26552294155359,22.02340968936674,26.026013760030366,0.9094335076560481
10.153721562212906,36.480538855681445,30.954237381087495,34.4222495765055,34.00889913825881,27.450420965549526,37.77850644830025,29.425152567578312,30.565234331081207,23.89932399396211,0.786743225066543
10.91863684852593,27.576576371332237,15.769655572484165,16.454627430210493,19.34179380636063,17.819105977898474,21.330173224730625,21.976373298090216,26.85290313413203,23.571808693759174,0.7470269161109044
8.0477488319171,20.677048243653914,34.49937991162861,27.41666401254536,21.87716937347898,24.139152486331753,20.098830435798472,23.09098953697179,32.97933354717314,21.445340705299326,0.8587200418901393
13.053858455530078,28.158189424074816,27.876651145737686,26.266554164870822,20.04911830727881,26.627705909243712,27.51519128565923,19.300807203785144,37.43814805826878,25.97026312910092,0.8525518730976415
11.044974587229419,25.612861481074262,23.79744523326734,22.036273062962202,24.882290380952252,26.770729050146674,25.014290195375924,32.872904378101154,23.55914930262486,32.34160645810864,0.7171243308424683
14.198937789398055,50.05509472031138,50.23334562623674,41.47231602305309,40.85979181004261,48.87905820685649,48.622621565110215,49.86788812984561,41.81036437933575,30.715359083511668,0.7064535621119732
30.578109876828506,47.379111183881,53.75458447739509,57.56453943440402,48.074741189310345,46.651548293632366,42.35732305825297,48.290895656902954,38.549143829076066,27.361632575738035,0.9029147819165574
22.616975539224804,41.33788478862566,48.304712197188536,52.901260620492835,43.95495062097839,47.54466966875372,51.00043626646039,45.1573803643553,45.19506143098986,34.594253644120755,0.8463840278187531
14.709947644086238,47.14281065231792,48.1719303861872,60.05664702519705,49.67719492511965,53.12613825609595,54.79907767639939,50.10370379903494,49.66214318610685,20.614711518040806,0.8029700745948039
23.451109244018816,29.086548845302453,35.30420751700985,37.50945403803578,32.636298832815704,35.54536943924041,35.36983033634402,37.069896099747744,33.2422739044799,32.57248788346684,0.8731014840992648
28.382689511296437,41.45680752439349,38.86829174654875,42.827736586344514,45.32615961144629,50.506385077794505,39.960651806099065,46.281844887089946,45.332895526236975,43.08516848716279,0.8722106489842334
19.753828220864836,50.37782580593088,42.16828444039773,48.129877077366935,46.74305075620481,43.833318452925006,47.31555184572409,39.469947536831896,43.43383390244137,35.531379954149145,0.8642769558817981
12.606304912391108,42.25193762912143,44.928742149214436,34.21090770389752,37.432663794833154,39.97307257619002,34.09845605728112,44.94522308448151,38.63773027145877,28.054270511704416,0.7972831631074078
23.338595694159018,27.487701290388394,30.674205804132985,22.157051016622518,27.123360718956324,24.69865710247445,29.524383938538907,30.058870062966392,42.81558061306206,28.807174585254717,0.911243603647111
19.924460832894876,24.526297631484955,25.751950899109577,25.409800755608995,23.82382242210539,29.76491921315561,27.92569937581736,26.871117123297644,26.490219786820845,28.223432816236127,0.8842215023642552
18.829706829148268,71.02222725795802,61.07378820901534,59.98338785774469,70.50715722054952,58.268424419551295,69.93404357881313,54.92005784537575,75.86205829055582,32.63685101229147,0.9059405632982382
21.065458014815434,48.80284661178184,52.20797495418641,45.287535036263634,50.79631756732127,47.497783611889545,46.09152330081228,45.20571077167896,51.457500922949215,33.2918410401287,0.7421868880941442
21.034516237483174,54.86158472459794,66.95712140958418,65.89395376565605,65.58494919321096,54.40929279059827,58.865742959557465,64.39372362445889,58.65930136336921,21.862910847498146,0.8261264125446204
23.40466132366609,56.56796648059628,63.94893832755743,51.84745237184048,51.24072429365476,45.729064577952464,58.043079456427265,53.61890275004007,49.66603869286775,23.576057945023678,0.8968521558350195
19.291152512189853,52.784403337656265,64.8622354554437,57.1221619138503,52.6475081644886,66.8911223042839,58.23720635225199,58.92119577031749,53.95873066746906,24.42454995709874,0.7838407667617775
19.797283052168353,42.61349368160443,47.347565949166295,48.76412870646855,49.128054128967186,55.018224073345365,47.30439027194094,56.83168174527066,50.007956088144965,33.763447064482214,0.8791963356737851
20.175736599545715,38.12909867114667,39.35155368804189,49.987023664864175,41.43188909025887,43.957811126081324,36.163681701854394,44.84519441605378,49.78889096483579,24.240717263157677,0.8696385815633547
27.216580166680117,47.409458844444,45.79823799729437,42.90160379826304,40.876516849500625,41.273924848895504,47.02115165746038,47.05165387143775,40.62556578730842,32.005714937236036,0.9225548811577806
28.877262389174646,34.539616847985855,47.8759834600784,30.420807098057335,38.946119883889025,44.40952803353149,33.551107690560706,39.33798948499105,37.516263436046366,36.547892145913,0.9350241807371924
28.774777068153366,63.40796521431877,70.86541221493107,62.58495271975894,71.36490282805053,64.61530944632494,68.05249745156578,61.486350836709846,67.1454910254376,27.516190581745306,0.8230395980021591
17.391341591352706,51.56515750682009,39.49313952457062,52.55617310893517,42.16166878694413,38.72484365479324,37.182848291465746,57.59065044717008,47.68105378784507,36.60152977695793,0.7435921305262833
24.134168040448277,61.29450904761119,67.59018643647141,63.79681930385621,59.21532326980412,60.2369923232126,62.20880713759337,64.79889494852789,65.26782354573955,29.785677423362124,0.9246588908638087
25.720670278756696,31.919873366919106,20.35918122328175,29.029311438891554,27.32413961881089,26.83528495483971,31.809470330511765,23.5881069370936,26.634908400583846,38.502675323903304,0.706409096180838
31.53671303681184,44.59950851547229,44.027673037488334,44.234491290839244,34.43643447758616,39.10923641813321,53.135633206433845,45.594275513367734,47.583830696989054,37.08030945752374,0.8968026113694105
21.752571625899748,51.91583294649308,62.28350800373161,47.944769596250104,46.65710464223882,58.793864785464805,43.688715515564546,51.49919025561785,43.96196903070205,28.486276915471844,0.7064555845513046
26.718976651400897,42.94675605232063,43.85847255132985,48.33025315194884,37.63349957269758,46.09429159003929,31.78031021312042,39.84588794510362,42.322250522155564,25.356939066532284,0.7385020542193697
18.26139983679862,37.20963723389686,36.117072258296076,36.5345366335941,32.79065182372039,40.23542639097453,34.25084231757712,39.55669574236078,43.85047558665578,34.06416268984271,0.8895410622355759
14.513731226460873,34.859026555015944,38.29770171193535,45.569834580501805,37.219434394997585,43.095872150009896,38.325093265320376,47.853237038039524,38.30542522181926,26.519136297760596,0.8405229530713813
17.52752379830106,52.409469369106546,54.41750925569422,63.86477925962244,56.704531859773674,49.529643587925754,59.790185687511716,53.26392250111798,49.755074108381166,24.86115479378945,0.7494933277583722
18.37997542192562,38.59657100923141,33.97881219743692,33.75201028453154,41.73540575383363,43.12820128453383,35.79345520386511,31.766273454900094,33.654014877234175,35.36090164576359,0.8740434013963266
19.88719492235021,61.10754112745783,53.65898597531461,60.52920430218574,60.449892756527824,56.97995867396407,59.12560625227218,58.371055716393485,65.92101763552024,30.06948754294823,0.7245894036418372
23.863633454046543,44.50174517450937,41.85973319394461,32.73789030295022,36.4936146667867,44.81533018759499,41.999237115239914,40.90799063461446,39.99012505199739,29.760792029940838,0.7328636692262573
20.370541637813297,52.07441556148691,44.6518391090942,64.23784790050931,42.16511683963877,59.200851679004145,43.05387322825869,45.055682143066015,58.00006437821237,32.920398194076675,0.7253924525751506
15.138755619108938,24.651456469372178,22.198382073655782,36.404564482555045,18.525062150938144,19.22050523883079,17.827066486922277,26.538210317755947,28.55008091499778,25.65525423884747,0.7740526869920723
21.417241954876022,68.43400010335165,63.77367967549637,66.8578016902205,73.95646067440677,68.25811897842311,62.45103527968519,65.22793706144871,60.31575328376764,28.89361213473487,0.8502133574138907
14.471026543045467,44.21195672319749,36.90930414922517,46.73979854914893,36.125664838305084,40.534825600472765,43.886876556992256,41.27491065288667,42.52946524449449,24.194172330179445,0.8925143561683654
20.15599222213392,41.63514725855208,47.15005042265164,48.1057680633956,44.65899326256799,47.20684109983438,42.15864045556202,43.05089709415696,41.155351527080434,23.60650932037613,0.8038545272097453
16.374425608436496,41.75753212959345,36.77445487336171,40.93861367329963,45.59108157547941,39.83276555306166,47.50227628981447,40.00234204146194,33.8283779860011,36.092593497063945,0.9385068155308782
11.519813913971479,60.542063537459526,58.69223135999472,65.70880568265528,54.098323797887346,52.133823688538364,54.135243787708475,60.471361997850366,59.354711509738415,23.68079045214235,0.7120498057551338
28.633495639762913,34.75577868709561,43.83451029935236,48.119538932295654,44.18190303673277,45.95821517621737,40.26104830349604,46.74630464335971,41.73160201565407,30.97463138578767,0.9271032195528421
15.364089126756657,49.41164966159751,47.26783615523086,49.15576132073149,48.692514255964156,53.915636297351234,53.434329085544775,50.772513898333536,52.25036524655256,30.84265227099396,0.8901420753733675
19.637943847281964,59.96070868790958,58.23717780853872,50.40364307210336,52.88211615630421,62.622570867588415,51.71421106719569,52.47907743487239,54.79828230608658,28.80237017987865,0.7910272348851249
24.53563636424475,45.91797003591189,52.687072960509745,48.23605729226498,55.04466651240321,48.15030642164724,47.2260238506863,42.32195717568161,49.13611431610656,31.37542600405452,0.8209285629948069
22.204255315262316,58.01502665332274,49.85781087250343,47.07297158120128,48.45752130095835,55.860004132365155,52.9827223051004,38.99552612105763,51.65704460461171,23.03467365406563,0.9181714302310018
13.001621425463465,33.73049941548892,30.23279953935825,35.67658929992654,33.5702512106953,45.85788333587545,29.348998669624706,43.00481339439641,45.346536870970695,28.750380248900726,0.9362203039130836
18.86069309408094,52.952263402214044,53.07257170104391,56.65063215940571,50.606071710623,46.07058392009507,41.47616066252728,49.73453309493383,47.894658526392,26.941570424923555,0.7389880183450301
21.91170036401726,35.06302221801703,37.21459513194691,29.551427759411823,31.373533451629793,32.22130961931919,36.12396505310284,32.860887887938965,26.26173907806033,23.579345517502528,0.7274487330535382
26.87782444920619,46.27230375344148,44.3223617739726,44.457107819188806,45.41474152038501,54.57186721030263,41.86243984150346,38.611406835311776,47.029186755990544,32.05149423056649,0.9072820907307241
20.60526058100768,24.288383887758677,28.82813576329775,30.238309298407874,38.01238758213665,30.401347727042207,26.347694656324013,28.831027540871403,31.85121355167874,33.98651576142661,0.8204378911845425
29.671310228165495,57.63245739927391,60.05802739100407,55.97081981154981,58.97859906215599,64.81669664116157,64.17214169069182,49.41109712324692,59.73822471707292,27.227789969969955,0.7466508182339966
26.227714721877845,61.88025092817349,51.247344897685814,48.70210757862023,43.54085483763431,60.48359152159138,55.523701380335545,55.74534345017663,55.34266662970076,28.13907477653725,0.738623981990454
28.479354570015087,46.486829923399256,46.18368007648047,41.943397726178866,50.37902753698129,43.74920563043358,49.57756669637655,39.3533653466774,58.126787672910496,33.10607649241015,0.8124791460690406
18.559603971518392,59.89066404401528,49.5440570933624,58.05431252670964,47.68274824486795,64.21084239749159,51.0239373910391,57.54742804504456,53.80590825328572,22.989349503370235,0.8130682393953808
19.53317935986312,49.60629440258217,49.9778388230229,46.588222070114895,53.420335000988246,46.03018668376023,50.35462941782932,44.032127600663806,54.63941664892295,22.82858515067668,0.8906760264592413
13.263484380752905,69.59282412451913,51.149733168441884,54.867729670374466,52.95221717885661,54.29578096378798,58.27401574967885,52.50716723478403,64.46398302716268,22.73305345604636,0.7478173798069716
33.48787861598199,53.2428652896994,60.91763744791519,49.03699281632455,57.3451451547135,52.4168123137087,58.615462623220296,54.286222907858466,60.44105891016435,38.854413714956436,0.9176142682981615
17.18187283500314,47.968286980566795,52.24274200688912,52.696719319623575,52.60010965385198,57.55714981792403,48.85473942081084,47.98856609787141,49.25160956330954,22.204887007293795,0.9366877156888089
21.442827092331086,30.710288933394484,25.009709074518714,22.67000549696533,28.63409041863836,28.14206189428281,30.14763118666012,27.538586299291417,28.449807197452852,27.076196373931946,0.702499408471536
17.482727823233326,18.09816051869524,18.92054717970841,19.294767354360175,26.437039271566974,26.589992146900258,13.748095012654899,19.924002728810887,26.575014794946924,29.354844739562264,0.7821351979693889
15.375707421379014,41.8758996689937,40.77700024980279,41.509184312644486,47.857932210420856,43.46713684070738,44.51461936375065,42.227385323922334,42.6591219748652,26.456819218721336,0.8847983063789754
21.048332191926338,50.01069845043245,50.020382961287545,46.498208888283095,44.44944676302673,46.641593462369634,39.79224663331449,52.038789042660795,43.027520022432036,34.43317142418919,0.8060791452396197
12.006392408088818,47.25978119022321,52.769194950202866,45.666022203143754,54.439566871881894,46.28606480226749,40.039319148937444,42.063172704663685,55.675600509753835,32.465321835075706,0.8741980970989147
13.647344105128719,51.90259414183083,44.27365492748172,60.12502174434424,43.92366385876702,42.957267553786444,54.42308319534784,39.004441409153344,46.817693126311966,29.708420272626046,0.7229251687938156
18.693231297648936,37.93511935571379,38.57781065229624,43.44881768332234,41.02795083567701,45.520801545010045,44.33834678434686,38.72346876860768,39.935596032150386,28.926288809745625,0.782944394092555
20.99662260669421,54.04700766437236,43.75172452873249,36.33302552224517,42.03898937624334,46.73325281196497,34.86066610328957,41.65326326919109,40.439492665827125,29.53303457276229,0.930577808960442
18.013013861041163,29.777752866127653,29.541205684334592,30.121882592327026,29.428932595560294,31.490013422272188,33.847604893602,22.4390995966944,29.911864883792745,30.87262646500846,0.8586655607445159
17.37081641656603,37.01158737270744,36.546486339555884,35.84646285955786,41.96646020015782,41.92753892822121,49.541617003250224,38.75937661676341,39.09453264547411,22.89655966590991,0.8412982242556726
10.339829274695285,50.95993917663974,54.46278495468263,42.905260590558754,47.46177678895267,51.49485010688539,44.90352482323167,47.52279251300819,56.04413678736176,28.540693096649754,0.7885867861272257
18.739166071699252,42.258920281095776,39.00564219835082,36.782785999836115,46.78306366752875,43.60000117348328,43.483546240927105,35.454876048894064,37.036985083459335,37.86283069381457,0.942735379446933
13.77808876400727,29.762170081765632,22.35519880993695,27.540427581498427,25.32119564092279,30.581345458747812,26.018036798751286,27.148030922132687,30.066219737266366,29.857109516492688,0.8327373781049792
21.199660639696745,45.491666792222475,43.8016582816673,51.81217497780885,36.40049889673901,36.76371361710546,47.61256546264288,44.645720223926844,45.835518896080195,20.76834079965824,0.7840865692092852
14.3122956412274,46.38541926885361,51.81494753702472,44.142235732902876,42.44996934073639,49.78628242613249,49.41646164231845,39.18595279160625,46.138339548209174,24.661348009852066,0.9256391215255502
14.123699837823308,34.87036145164925,30.12760754845266,39.2470820782996,30.977776706803706,33.03734569365829,35.33133658630932,37.13810098928667,20.906458936679805,29.18650458628638,0.806173614582796
14.396922119757363,40.459266685215056,36.761608254617656,37.7374730430527,41.76249091993051,34.50068624699832,40.89573687125305,35.24071989215659,42.49413693134736,26.62791166850355,0.935765488854608
14.613558699605088,29.023871147504533,32.08241321161273,40.05805958124277,44.06581063245926,36.79608954060248,36.62950383870037,29.062100435926524,38.93574268278144,33.347098429950606,0.8650742100624169
22.968407014196345,38.218261910103195,46.36554662992886,26.939358919524125,45.076693116386785,39.726982236109386,38.18645348986659,44.456075639297474,45.2276681223099,25.89636325780314,0.7795897119662621
7.715572577662924,21.83919137216059,31.009761692791084,29.59189729531131,35.3853241279527,30.841665714397806,29.999686308671887,34.641307913684415,29.21845621119478,28.618546449220723,0.8329252936167493
13.204510591270978,46.27480615564686,41.505293578480426,53.063070941138044,48.60235511776325,46.07015068506171,43.57021296016996,43.383087853665565,43.45294647420161,32.39030044515201,0.71288085021322
16.444214893838193,30.253416548341214,31.04395858390662,33.58633802001129,33.45589783192568,33.32462909002315,36.82686230674236,29.533552917184842,37.34538159693754,32.97679476371103,0.7926209899668941
12.975494398725264,59.24466629610077,43.247613901961046,44.83420838002115,51.76143468049459,48.66930546553383,51.70164726351771,48.89483000091873,51.77870323779022,30.862048167512828,0.9003646390589005
11.95631990136656,19.209076364285714,23.315585316903032,28.696224134254553,21.71331193172318,27.810621102657404,28.009474905546153,22.767721446382538,23.088768236191733,37.48973260905069,0.7094607271231954
12.162063594652938,42.5587480190227,35.1649769842181,37.91365309068223,37.028382515320445,34.753716651635294,28.812792346433454,41.20849810765256,38.70500627579883,25.365717668610646,0.7894273071725816
16.967754605254825,33.92954210081708,41.866020919618336,38.26376048030537,28.537864480388414,36.424124844847,41.228446732955234,38.57419151986287,42.60107463081799,26.994953783015198,0.7360015919201126
16.99123955962731,41.95469290292444,43.073447621809734,35.12950755252251,32.477343432180206,35.67745594853458,49.35114350865378,32.416821660552394,33.3115320247205,22.77708114592931,0.8855277837137432
21.59976562281187,27.572563288987062,17.696863892735866,23.89896091332824,18.99889408503546,25.52842269605249,15.380849894882047,28.423214405704506,24.610763844693846,35.845339619149,0.7107626245965754
22.009618946156397,44.51455828971122,47.14663142573402,34.02907452034565,41.75894010942323,44.1949832289435,44.34428760678003,36.40896522540026,32.74255413134992,31.92621890821971,0.8266218531747084
14.52777694208454,51.42250336793939,47.81929584599793,41.58163906118422,50.54773095411278,50.7092774979844,51.63630090003796,47.30491252120541,52.28511254512614,31.005531369409514,0.8943296765599377
17.834522901725915,34.26222163223521,49.64386090019917,44.02610444681131,53.982968994656076,45.547336108820474,46.89395406504531,45.50170676688574,45.53296500394296,20.854747266508166,0.7110541747951641
16.492598394038957,36.81467299605868,38.721872556183804,40.050190481150416,42.55144567134562,24.40169546404026,37.58568855600434,42.35651663569894,44.7555525684794,24.933957967793972,0.8385347618547806
20.208141306854202,49.966212874927336,54.144107168944046,54.48040017506941,52.55228653613557,51.941495876929025,64.7878298247068,56.88202935427939,44.66294869462515,28.987652551622215,0.8317892237560912
17.792208405963713,43.10991307632576,43.642410282488626,53.8026190655734,57.07603638121992,49.61827593076321,44.30919862854234,51.00378838180174,41.16627645636285,25.69466212575112,0.8837982245621289
21.914905273673842,33.487036497400815,34.12389125551087,31.238978605924792,35.09518198475992,21.508254836849076,27.694606627263802,23.370274706078007,20.41206351020959,33.55146338978434,0.8780508987925736
11.68831182994972,42.23981549020259,44.868734075974814,38.21530157832058,47.38960426535762,39.26968056518893,50.30560463264902,37.43738759574109,41.218726864693465,36.767087426469026,0.8446800771798082
16.96620246198072,41.75003899576551,55.56773987962149,39.84873536633837,37.71617959615741,53.315140839227865,46.59823145437341,36.7442582662635,47.99015874538635,29.412601972948906,0.7558709860694182
21.35028181528584,32.174348265902786,35.43349416873531,34.43215706539834,36.877884840072,34.633758633846256,35.47898851559757,38.46405974484293,29.659983050713635,30.835587906393172,0.8564804594263085
19.76036850166545,65.54383242828857,60.577748521524185,58.835373125093966,64.00429446997317,52.94729126293146,55.687891333750734,55.88863695289381,59.0451167857008,25.92503782753426,0.8921994436659626
16.514676888550802,37.75537321986154,41.40408648165584,40.132757399610846,39.08958580373257,33.42331090407863,37.69888614221635,31.26575736011455,34.56085372026828,37.2050774667117,0.8815649853246871
16.95467612084879,50.59987895533966,53.267836915569724,48.05767710699136,52.709795778989275,45.74877331904996,53.38332154081999,53.90758360265801,50.909623720656505,28.731177884312284,0.8189337368085636
10.519434866271471,36.65403439400927,31.696845270397723,39.67406088112817,43.36431509309518,29.604985268981608,39.494151159788,35.47378842330924,34.915425509559086,30.865855527379853,0.7579374516196794
18.33259282462794,36.185547720174284,30.471226100876805,30.362580247990003,30.656772950284047,31.37455587173994,29.63004060379421,24.691021571580492,27.04089975627853,31.71828274697233,0.8096350086639389
15.711699186791508,51.78884122077695,47.40508859277034,50.58737880464319,46.98683328948483,38.13594102336074,56.08431338793541,43.17461211812725,40.50942812161627,28.389845141733197,0.878704481000897
11.779340088544611,42.93109587196837,34.14615584233914,46.463767094445856,46.1493417177454,44.32950363441584,45.533153406370154,41.30285713508793,44.51718253476819,31.54430874972872,0.8321094493210536
13.609224797737102,49.53347813742287,35.91035011738969,43.19799018114891,40.494231174982765,43.62595062234625,48.34219564368475,36.499732873925154,38.65228105102932,29.001230640831533,0.871056883536371
15.298928588396608,38.60718841895102,42.82238321147838,45.44831325047448,34.037233734951286,43.113697163603064,45.25265168423398,41.46088736227259,42.154041698535586,24.219701909866266,0.8616956748667312
12.287835380698212,40.044849970530535,47.549188904734166,42.627702362542074,28.112379225905407,31.44747945807811,44.81554947204765,44.34400176175684,43.76007143288341,30.774059856420546,0.8322241784993772
17.4960347523338,37.8330656078255,33.42559428790746,26.48346990041307,18.34233708631557,25.5392908422469,35.063414589475144,27.411744622758842,27.35590976182612,25.57551715293329,0.8934232253872216
12.900161641613371,29.977840493823667,36.82775927184961,34.77142601894721,25.039324527979126,34.26098431223799,44.92417785483518,26.584198916126326,23.519354359775797,36.65402051415423,0.8726223092259819
17.80799269254269,20.12938181911808,29.9270742830069,26.60449271484814,27.3445142408063,34.05043308269713,32.823672520006255,29.148898203991084,38.69169232615469,24.4924456774283,0.9266580166220529
20.654383524813692,41.59923598425806,51.27325966911432,41.51061617873691,45.63814994413957,47.70846290503633,52.97474760846175,39.89137958646009,56.51795773070006,22.268596672688446,0.9050395769777559
18.598236235524606,37.05440902452875,30.672819126652914,34.290688716322734,31.551316421500626,27.726197709437784,36.287783037962164,37.65211116815142,41.49718890913039,24.476543891502438,0.9147887432086881
13.933897685607343,31.53940424484857,33.276392353898956,39.96072488088937,30.234102002973472,28.543054234264282,35.151519803319005,26.235760487737224,30.597634649518874,24.54189267590358,0.7741015537063989
9.104673862149156,25.231533479081495,37.62281818880713,37.442847879919434,34.187128303657666,29.942996512079503,38.622578819981314,31.856077413583666,28.31270294909426,24.182041568287143,0.8661825820596022
15.602678006897031,49.690117656029926,46.177028544000365,42.077504944471194,44.94613273223258,41.42786961736362,42.82326138178248,42.072677971881504,36.40171080143251,27.9990363963748,0.8103564753242735
12.425923774947915,43.14220478012651,28.51883427727781,44.34438845222012,44.45287315052179,40.134061902101706,43.573871544825764,34.409019310697175,41.81298427223781,27.51715898001654,0.8381950389106243
24.429716635807587,50.81876662104882,46.74840996629976,47.34891187418026,38.050505101032876,44.557721617268314,46.38719886483939,52.52958192270172,57.09681028998843,35.94791326289277,0.8320078650693674
12.30223693093094,50.105830296256,38.55676183099966,43.08858439344472,28.49920827672328,43.63932295126001,31.264321872972495,33.606636717422354,37.15502807700948,34.59721123798412,0.8025169703513679
20.651847432338176,38.25682261883747,34.60530910402738,37.84588994618488,28.67225056863188,35.82048775361595,43.322915656369425,31.75272981015209,23.887184932975426,22.405716675450016,0.7471722548970889
20.610435872973984,40.68887909934886,39.08439938051148,44.18141296486567,40.883348635871414,43.2702730399279,37.61470100909421,47.02817865361685,46.54041181490873,21.507809365332115,0.9149567204617425
15.92176181029781,57.694828881176655,50.02623725018084,64.53733921225289,60.46694094341673,57.23002782489228,49.99818585618502,46.38453191463496,57.531700784076826,22.690571781738143,0.8234679843671275
14.048488245571848,59.425608661663645,58.285204373559594,61.984651688307885,45.90425489498511,57.97758324582221,60.4351338464295,45.73622650465892,57.467309915452695,22.998424003562924,0.9288836436465284
26.445207846200805,38.788491131664856,45.25805247241742,46.55484033335558,48.187165757045854,48.203530866710395,40.83714502025283,51.62025730551263,51.31568111687883,29.222638372922976,0.7691808940067517
29.692783536061363,43.62139863721937,40.710219843732304,38.90444162465044,49.649025777669806,40.828404968131906,44.768642089631996,41.392131522961705,43.852997841225104,45.58776929454922,0.7304590736763258
21.419986199715098,46.54364285808487,60.320296577308305,54.374031688404315,46.248333145717815,61.18403629685553,51.85655478722774,48.238593198738954,48.253270040649625,47.74624221665562,0.7907375910529485
7.405006196395558,55.7341015918654,49.92163008654579,59.88427475534754,52.60180406907917,57.653133075571006,55.07836477799974,57.2606650463817,53.637929793703634,36.65433475207577,0.7878351500288231
18.911145657546136,40.91480982970936,40.39224738747675,41.44933623653202,30.592073825273538,30.948298190640923,28.73999416147084,43.33237113739105,37.369852655573425,38.28994759847961,0.8221159066897791
24.91869554093115,64.26223502779108,50.46935389271712,60.05364515812116,71.29845791706265,60.49492301355491,58.02940258008199,54.9393085179654,54.76634809432211,32.851995238064944,0.8312783258124243
18.937673216076046,50.32624215276581,41.96956659853626,50.88933096485022,44.156488946476145,46.49080530413828,68.2178839165924,56.20998271432526,55.29175416370249,35.12302142849587,0.7718985624739709
31.703108985960434,67.22685255346629,60.187868601135506,73.42258301157821,62.97664207615869,61.80331458861913,63.47572568088177,64.58665700559337,70.3152412731807,35.98688461974134,0.8110938896182676
26.13331405202731,58.0708588316365,61.95276158070376,59.698363574338,65.27325484897334,55.96739714371337,67.63808084839022,63.30761097821289,57.00178407399915,43.66708035856257,0.7251202255346255
26.458025058456442,50.7536449341421,65.90599581202675,62.01467939816193,59.91030620175439,56.863129600266056,58.66339979648023,56.0437539609167,49.37226111573353,30.330150497012863,0.7651999586001309
31.997817037567234,52.139095909712545,51.908973474943764,47.93663853315239,55.41498827853129,53.60458210135042,54.23098531135641,57.3709023112513,53.20317472592831,33.415049793619104,0.9056887814808061
33.15412366477206,37.079272091689155,40.9597361176009,47.481855100513314,47.6790044950778,33.96823854474017,45.91030681086188,39.69160562957999,44.568352531877146,40.819495879845945,0.8430801621056303
29.812855380198727,33.59730078885123,51.00036811264905,40.19294657524993,40.02076082649733,46.25025108089096,32.89379749220899,38.22251182715367,39.289126809663934,33.90586886330537,0.8230657569692638
22.73447572435679,36.9483265762684,42.45555077572046,40.11565475569362,25.827210744030754,29.168562453019998,38.350460865048746,44.78419652839621,37.6684140559481,30.20610465273502,0.7562489356886903
30.98046741507334,39.75130552089447,35.719204564024125,31.03693723549179,30.93787869112248,27.950917561089952,39.42556898491491,31.44003240447071,33.080670345060675,36.62584297224667,0.7413581361847186
30.69274826303247,51.55571184173505,55.37780145567301,46.76294608503805,49.6752166160055,42.49876809360142,52.03693756671866,51.9536663437862,43.93717550311799,30.786187741704428,0.857581764085638
22.530687350883614,59.00899154667318,56.160772673838906,55.86345296253202,51.37492199258518,63.94761498412501,61.8013806235787,55.44031279059704,56.20617191677745,31.161647723237603,0.8084522478066957
28.623410226164168,48.09328457602379,59.23617767804485,55.139790146589846,54.121523172466404,62.19963919599702,52.46173179651502,59.92980620092842,57.3412448317516,22.60355964214843,0.890152167135578
32.53880260146892,58.002616328982555,53.5020976880121,58.97726592071209,50.178894317826355,55.78812176198703,51.294888443182344,57.80114630720546,53.88592652917604,34.734334381067775,0.9230813784471901
24.931776515593878,49.249752562324225,46.147555760465785,50.38516513712957,45.6374200568695,45.39817147176829,54.56770177437997,31.57384668856291,45.21774660635706,40.12310444513791,0.9112580260581568
14.55330332592844,50.30250203020192,50.424146103707145,68.2946984308514,57.16330121430202,57.79125153011464,57.61981741268992,66.48787458899596,62.397429013539195,30.5447478213852,0.7316048802492072
31.93751897728911,49.6991548652895,46.38180711446406,47.205939183338465,48.978464784455944,45.06412272268584,42.800283095793965,35.96345116949904,42.51544607496608,30.567984210448888,0.9111972762282357
24.013191997920156,40.73344009292255,39.56270124632513,45.463815973636336,31.736778811977395,36.98502603298374,36.44914750565363,46.14265409898601,37.289288717829464,40.13144508960279,0.9467446268392059
25.059428529447406,55.55692040747917,48.07451381332889,55.76505759179763,51.09260774957264,58.14587513800471,58.263263479878105,52.306171754143215,46.13424716913673,39.16748658661094,0.7589865296324373
18.187476244654196,64.72421926491599,58.28774315258863,63.11426056148318,64.60967806219622,67.82639702861164,63.393952313980414,63.06569812517084,56.50148922952003,33.436619715278184,0.8145821869558111
21.313691875581885,62.991195170387385,68.08800980686019,57.30922579254465,65.23289420563425,63.010266491081225,52.21422352023151,58.98902711360092,63.949262186912094,33.76334302049097,0.8520554462306655
26.56188587899112,51.57340259224887,44.43341357271348,38.207682342133594,47.50832580316569,43.52854308600066,39.58673176390159,50.29106282239457,47.9247450275251,26.19497787756362,0.7886912223994466
25.623048859954746,76.18996979033236,68.70519880826421,67.04314092638369,59.131397255521705,64.90828634879492,67.2261159980527,61.60348004337757,80.83195166300168,32.273885359534425,0.7332735985028856
26.166503892890297,48.48046197433828,59.85605366976998,53.7367051099276,49.86708510094164,48.37529993735575,48.986871083373416,50.91804308342885,55.83308671806815,38.01514227491678,0.8133923040889406
25.07211770836044,49.176783590359285,47.54911894217705,51.45231103724841,35.27928838007802,47.737383374316686,42.63296358080163,53.66181122780319,56.80896839399746,41.6305932094031,0.761618268136369
23.147914415231046,47.33355171614658,51.42339623554609,47.43810181111148,58.18728477931833,52.12255776432286,48.814123250151304,41.199904006419445,47.56384431950757,29.873753681788067,0.8784320767146558
23.061660550783344,64.32083940244529,57.543547349867396,63.92549636410539,59.52483614048429,60.41180718852388,60.86931383382969,62.11087054376051,60.0818866633334,33.11888546695824,0.8481552769508782
30.234283353158535,40.891208971183005,38.304922068992575,39.20886416973802,29.871974876228975,41.61790360025106,33.73541142564571,39.88239530302229,44.075560818709974,34.59529204536289,0.9224218889452809
18.39212322472912,22.53745134988035,35.980435170174744,29.0490367826703,28.28327536160396,31.777692197724104,34.235296258516094,26.92530155718127,29.968956272903238,36.158149977059914,0.8264418004792031
28.98357056967568,38.088892274613286,39.004687523429645,45.42704654131922,31.082666631531676,32.268063287256666,48.038151358802956,25.06732843879271,38.250935453190735,41.22098059154786,0.9198736247313671
26.708514566936888,49.59999729709854,45.24654507705709,56.559737832064876,54.366858884108304,57.211724038918334,57.62567799886542,44.76882821640927,46.89306366161608,38.3194254408051,0.9304656653186358
24.94210821848631,45.545908379640274,34.74501176655974,42.11085221961134,41.47499834521463,44.471474371074365,42.145254478158535,43.26673757615196,43.448711557050736,40.50315103894445,0.8555131017480422
24.867675684140796,50.023077903959994,50.09991212768052,56.96527948557283,48.63057646431585,54.45275255957789,53.63733422680391,57.02267767003701,51.799039113027426,37.65248851632626,0.8315037560993583
33.01057621465077,53.953877612802145,48.759379638473526,48.79296035007772,46.893976641732515,44.95877933451204,42.586649047951454,52.68431742881063,49.82133304385885,34.816571359127586,0.8377935943923948
25.51353033345318,49.27426696540951,43.116290244375044,45.822623152090586,40.91530800005016,41.4706382047953,45.71648225147372,43.35500811384671,55.66267276498432,35.63906732103715,0.9116313685364994
27.28637419719987,53.874282347227464,60.84550695056144,71.24795003384634,53.566128646005346,49.861220287271756,51.6263867066627,60.51270958600755,52.78677085970205,31.458549720907076,0.7142574498509389
20.71353362857581,46.818895123835055,53.1460291829219,52.59384107283818,54.81261437545328,44.618368802088845,58.50487828702318,50.142925770684116,56.90765237916915,33.645880525506165,0.9285325885461718
29.638192672541756,57.211330836517796,43.65163728158299,59.48214403441673,70.42907607052632,52.60011417538265,54.05343941343027,63.16847706220336,54.8299743255621,26.61966571123655,0.7362870688536893
21.168619403105986,58.81176029828089,56.25949771393729,66.48957677927838,54.52561473757491,58.41695790127495,66.70777118111467,52.95304851475976,61.57199373249139,36.797804588555024,0.720534672992648
24.956878481972364,64.32169923113138,69.88223829279433,67.63785099600652,69.44878785316595,63.171439743160185,72.14667958655889,73.9159474098858,63.9699529460464,36.874963500368246,0.926562856974397
25.52963388106745,69.70868384900164,64.23921326279894,64.84202347113123,52.34701110060695,51.39587950924583,46.59598537272036,54.21383704814541,62.9777629703311,29.214274650875414,0.9028352538665216
23.18566117337836,53.18441614297069,43.0033722158881,47.59936788533644,54.049191318928365,41.79843203792639,41.12508521626454,47.47984071191303,41.58987893352988,36.04223642854248,0.7012544971328005
25.388033098515315,60.137117561575415,47.15254142513787,59.809524579614745,45.06835628137851,48.529893835680305,51.36270730310254,51.486763183397954,49.025984594062905,28.778334882212604,0.9214191341163114
22.35157964052842,44.479841743892706,45.01670477913214,44.52011748789327,43.24472445074664,42.61102480238983,50.48433094175828,40.63380191110136,39.017771934243214,29.751794664091108,0.7999685577806037
25.422411547833548,64.4361035572132,66.46578892830235,70.95739718945526,66.37890356867145,64.3899740085441,72.00910881119962,68.54996618957257,62.62155671180581,35.754445227398435,0.7736072402733517
21.621533676074595,56.815238856084186,60.378228297168235,58.39428882625118,55.01805492452784,51.70589932456526,51.47956167144949,65.56124086565563,46.23043496665674,29.727881935997367,0.9132135525870154
27.874061621040653,55.9699706166216,52.89187248327153,55.14243470454068,52.091429279885936,49.16756066610208,55.258717199522366,56.545090949343574,54.535448408208445,33.34944016776161,0.7763478941602052
23.827205582386927,31.815559867502152,35.35651737845479,34.232199814605536,42.449911153990826,34.619651947190775,31.969422653779446,36.775007269173535,42.062805172187446,37.140774620821894,0.8819061034011704
24.21001073400727,57.41991921444623,50.706090454721355,60.77248461129066,56.92739029604358,59.080154163368434,60.59342644325502,66.18273772169121,48.30432896051141,29.97897382008117,0.776308923902501
29.54242596978687,32.152103878507454,43.65418150573227,30.39877135537879,37.87231661196885,32.281823145459356,43.05896696802085,45.93538990526975,46.13791642242101,29.017755331579018,0.8515532951121983
21.955855954669875,42.08847201435379,37.72095995647978,43.10593176061523,49.02683962731544,39.99467948979068,38.83192812529134,36.387820264711415,47.071769879816635,27.817978665614362,0.8996063758200371
20.874169454685692,61.07496070514028,61.49473929497591,58.61219138146865,63.630030121180354,57.92580277516507,56.28761039311778,56.18362972291442,70.95907694231468,41.65252128874553,0.7655690318756492
30.392065378597444,49.19380535495685,43.62738494366809,50.72155193049989,49.51969929824973,43.502826078727495,40.751153512123764,40.41703781679087,50.99327670371353,35.773779202005514,0.7323895471230626
27.638794856267307,39.363574845867205,42.7838991968182,50.059945644598535,47.72063054696004,43.79370655733284,59.281048535781146,52.47119785691248,50.95494044186349,32.77876400151576,0.9133120078588719
26.21637924246887,51.672530188442416,53.49716411720399,48.444998400798376,53.665466874349896,48.85317872162025,55.73711381307807,54.841006010936816,51.49313771999017,38.974927968426016,0.8244221629941301
11.163536084045123,39.83105308571657,35.82987456838076,45.4861720208588,34.81520020111615,49.423480893429115,38.21328693017684,38.718829974966944,33.826488279554454,29.09326587317662,0.7707827557528236
21.100596245804006,45.11788534967198,39.31152310018781,41.682023819211125,39.83365885853674,45.38187086438498,41.61536917303173,47.41459498339009,43.91694078983299,34.34359318277493,0.7758409932747323
8.73629860939522,19.699358842680482,31.338531518172452,35.23058307796372,27.076250513802243,36.89878216633724,31.520488717613052,38.66553253262284,19.99822741807603,31.909310747294878,0.8642927230007539
7.220513320231184,29.129925011121895,30.65707864204223,24.356810618213192,31.310941413160712,22.748896519070396,29.870682213380242,29.00608013950979,38.8684363907344,32.24351345853672,0.7242620969969471
12.67305939891066,39.98973283175889,44.60576614926742,37.993500683404065,37.69243901636315,42.093567252991974,35.8086388274633,36.09836269637296,40.77290781340651,35.60413831519493,0.9247504711896832
13.883563645650614,31.904102778420977,29.368747229486935,28.217577227503455,35.35085229460465,30.771081909755786,25.80782174949325,40.51297413808101,40.53229185108469,30.659830067129242,0.8065390610705492
13.364953370660722,46.28901951295931,51.92145088194562,37.068037089627,56.36602651490567,54.90324316498162,39.939540822579886,50.17507016172092,43.351553429460445,21.535115932024393,0.7218031844417732
9.54210996429308,35.75333520408686,25.920711381076632,25.905209818480948,37.28984429426408,24.54814166893525,24.357447486194545,21.6787294714185,29.1938187272313,31.16266416831976,0.8328356218578155
13.44889422444685,38.5262170705606,40.67108728000097,39.136604822824864,33.320799590273886,37.94056493888785,32.546672445504484,38.8531907162522,38.639224591957024,25.832716221454554,0.7568027929827934
7.301637239120486,47.605100394919525,42.159097938276005,43.72329356195743,36.60042979700696,44.40965773688395,40.29379784404442,46.922731285973725,40.741280938292626,33.4592412543298,0.7474705242390591
8.279523516385055,18.244775320606685,16.643292046459308,18.5217576471041,24.657599754524863,17.370999137156588,19.703298923488063,23.26200655269526,7.3607440626787675,28.19112100683829,0.9020163741138858
8.630183000674197,41.6846479367725,31.98695872832431,36.42186657314393,34.4895635935111,35.00999875101498,41.80457356475164,38.78704417435792,37.57597779656091,16.746949523363007,0.9190251978314369
12.940550770779488,40.264463859564685,42.845424300115404,31.911622135366283,39.56098704596712,39.07805442558296,34.184891752513984,31.084228411985507,33.148580031011235,31.01808276772984,0.7595779311674078
8.189028508122686,34.34435464899052,42.8356137294343,45.57361284672514,46.983474426505396,51.42387858829756,37.58830699286975,45.58469864876643,33.40366190484507,31.131287880540565,0.7346615782333498
8.713147459797188,43.94796497890739,42.81296509099995,43.793612879732066,47.46341356875832,47.64410660085722,46.192916716760514,55.64491501792576,51.520836808893606,37.65129837899013,0.8631423426063405
15.412319552558891,57.14281330285207,51.52459322660956,56.95064596425313,57.44796495156639,45.96891464761614,50.43225095469628,55.28677103495503,50.207716854733334,36.643121229428466,0.8984232986046845
11.566796876071043,29.996541959926162,33.61584930347055,39.317026464095434,35.483793577941206,24.127952679762693,38.087491073332366,28.71765640100213,39.51460742773552,27.710036864764326,0.9340891242750942
13.392411401312962,40.13784965975029,45.59696929775988,45.001730245004886,44.05152738313717,45.918101752481846,47.66890815054804,57.23506631533768,46.053478695187216,25.753481445482294,0.8640519310793805
14.34287262236112,37.045525846172886,34.730541611836934,34.46554248025285,38.73198004402873,48.26917742451731,33.944868856817024,35.87970721280476,34.11003451325473,27.16232947513625,0.8790413138764599
11.446800763417574,26.32740121031341,25.583433514682753,32.68415305811369,30.251614332521623,25.16896012271694,21.818373567829696,27.555338976266388,31.13769541950444,26.795816158718498,0.7601385241005212
15.74442781324791,20.877253547851346,27.447665709202354,29.18830003211409,31.07647807130467,31.4886959096787,35.40015256152955,27.410758312136746,28.07913064959424,30.829807681589696,0.9203073078877275
10.311014496433275,26.303435937401503,32.80534288610255,30.230960692186635,24.454856672203743,24.311280600852836,27.575505691189093,30.58952094504075,36.61487708869629,27.933580320894006,0.7163959093432815
8.302405933728778,37.76014715520688,42.58326663905545,37.5235602567839,33.46521105146867,27.691433639067654,35.537778501153014,32.130057885758966,37.17410839059631,19.60600931560691,0.7151553749987087
12.388786733522013,30.27148482161268,25.18220708496044,38.044900025280036,43.87936951276633,40.37370377192785,34.43350335924074,32.662138523817845,35.724932088821845,33.2344177295378,0.9064798428842654
13.872951239579887,40.69939066105056,42.9062101827227,31.92797242151966,32.725449669752436,26.882904203694363,39.17190451820815,30.62055954933242,36.60000998825356,27.00705384038811,0.8303392933298962
10.814521014851545,54.85621086551674,40.91069567596827,42.420949990197585,50.654812639871075,58.74287855749167,45.75955177772697,51.69186988061634,45.381018926876294,37.44010038719968,0.8823803217683994
1.4943399590534252,37.593428710300174,30.23867897047731,49.05577420440857,37.8691243743191,42.68642126015399,44.835735883458845,45.47126486897987,42.47738302890396,39.0428553778852,0.845426354116005
14.433242561006045,35.31284966359899,32.76136902453067,38.72127066919504,35.60751556314492,31.424302662144836,30.48483353507284,49.21422523526391,35.197977576121,27.166465648139873,0.7149580147532063
8.580505825073672,40.56362523695449,38.639051466851136,45.63767573603714,38.2597533928989,39.28736717889779,38.8216492280882,43.1727016671114,43.83868397117166,33.749396060482916,0.8384518938247228
12.752934675348776,48.2129007140979,45.68743484920798,38.88205217388733,53.05914378315584,44.211955834557266,43.13270990251257,42.462939517332856,53.03798495789544,22.604248665886512,0.9443315336153728
20.430054820752666,32.044686415697235,40.688601237829914,39.50731558369102,38.10972366343234,35.67731081419199,36.586298724174924,37.18874749349085,40.521343158523855,28.514161501703267,0.7885496454959502
18.278659627766686,28.073951805286875,22.051580603998946,25.455610159711085,26.43036261463912,25.212126786969304,25.09579083268098,36.148208314902114,33.19199467683572,28.22299516165073,0.9347170762722432
3.935656886160375,50.702015790985826,52.48144489146325,57.201595980915066,49.351099684758466,51.0380388543691,44.9752584950563,60.183280077052174,41.54077234629032,23.023271867983652,0.7137668808303363
19.204763599208107,28.77958104328043,30.797865410152674,28.338673659026227,22.45385563644536,25.185473628527927,22.68051142895264,20.89260718478313,22.40078599117325,37.16439582307488,0.7628072035442389
5.648037828010962,48.71986747950334,36.78106513257136,41.95897143441875,38.27077781002471,34.471189310585814,38.59130880715384,48.518254120957586,22.167923788748265,25.765954140822334,0.8442988462981335
6.931524868778872,37.403474224571994,34.67059522140306,41.90496622720575,26.664713321047927,35.85171424088654,29.53939658732607,39.13433451896201,36.81706893995996,27.866567360696738,0.8001347266089031
10.17325457796279,27.885361395995226,39.333470017476024,35.24507460922233,33.045406844857624,32.32536665163293,32.38822342687542,32.598591282248776,36.19353487041119,33.07794300095188,0.8352002625392578
9.706381163573827,32.39941739554537,27.639363335740278,27.91176170995676,24.563472771965,31.426984298996047,36.657962078864266,32.15250994750566,31.3835645253994,31.480157668807795,0.854907884580523
13.379106524721934,36.802812987326284,39.551504324830745,31.08149737679958,37.19437407326285,34.68591848032137,34.51715979223444,32.199629539561734,38.545608177257776,29.930895190567888,0.897566759354514
15.657203281801461,32.946566259720385,30.864407114886085,35.257125093706875,38.91115193413972,34.65557013449879,49.16154394533437,36.34971177600101,27.381200370479228,37.61747564125661,0.7561537030366587
13.50740993795848,49.33009878561248,47.77819400468694,38.08144682300224,34.0455372961232,46.887485689882595,45.246986640756596,46.00500848264414,54.64404769100161,21.853321116095007,0.8285827360687985
11.350121491708654,24.193491218837092,40.27568058535682,23.233836534529605,31.005871628084964,15.281189777121432,27.745453436704025,24.479364882985998,12.396535130931833,32.054514737610916,0.8614417267134239
12.623123217873419,37.52441816547644,31.933648669032035,34.339039470022314,32.48298657786717,34.27404387249785,28.1408553124801,31.01203140929526,29.20235842469421,27.329874559893238,0.762127527961455
13.270909943124899,26.481865906782705,27.719383733008755,33.195022955823205,19.891411946518307,26.731657846193798,30.052174779312097,33.3239442159022,36.8227247385163,20.281380871098772,0.7573085040828268
13.476697070682128,39.05996232137222,33.63337974637227,36.43264135010755,46.1411654820638,41.36424659877512,43.66565684309766,41.32857177076516,31.581290143388713,28.389907108293976,0.8834694541834941
15.043094986863125,52.07702770764356,44.27944111843623,50.558203246338174,57.78929599759029,50.98499722915374,50.75128223198499,47.57747718699495,52.60386466922087,25.564446019298945,0.8701316696860013
12.35692196012954,34.66562533445853,28.090382381021392,36.465360352623655,30.817741362124533,38.74800657856769,36.02691565904641,34.5948440309948,34.90066150684357,30.346924104046185,0.9038266525193769
9.610004624953092,24.58397557049869,24.06806939136095,22.915297263178726,23.104942693667883,23.272498537974265,31.036940941052315,32.17675382985039,22.02168014352086,31.22888938388516,0.7703132569434754
13.55044981771971,36.62417683210487,24.610243338430145,26.841192923664334,46.78503924529542,39.480653551918884,44.272165605715756,44.817693817535336,35.96070919755932,27.548404035838555,0.7049345743733857
13.401626086068307,35.888467639745514,34.6431636727802,29.092211688329336,41.73160706408224,28.249568683991775,32.29585530808547,34.92316169443501,33.227638545608045,30.435240813849834,0.7877143286114756
13.04523374534274,42.06116618291206,49.47919917892985,47.54241422948409,38.18073452513066,35.84636854688085,41.82511559626225,39.874509203513696,46.05352001387523,29.786612378371707,0.906794606966814
11.865897590316477,42.283591010541734,46.94147368898837,38.358200660622714,41.255142221256925,47.53352188511333,48.98407017679835,47.74945821781426,51.61440756877792,33.22024767030835,0.7906597185108543
13.87958680887849,26.778556304742974,33.064191874721296,30.163145483397965,23.568744683944537,28.56499927262663,26.771694542761615,31.152770549853166,27.80448010049268,29.16594844491739,0.8259176920071859
9.575245366692966,35.621290800876025,35.97428567495804,44.40811376782637,37.68102199623037,46.320166455623365,37.7088831207725,39.832268970073244,48.700224585304696,31.805875815596405,0.8656428475861584
11.381717528271308,34.33572162080672,35.41225137746255,38.436088533294765,32.901638653068126,35.306435109422914,42.279316078692574,38.591530033898245,40.50518440240348,35.15104555736985,0.9236495946500501
7.56694722489528,27.679816448551215,25.987373553744508,33.731395795030274,31.05615915295352,31.51145599004737,30.044744893608122,20.333493402217876,31.063095083505978,29.925553723141334,0.7805702686167588
15.644563386273834,33.5120068742023,32.33703489289657,31.668708726314627,33.00289757915078,36.025783234018924,25.855499863744583,35.73940517903538,29.311074123764335,22.341732668725236,0.7281481568481942
15.614660506337557,37.058105425089366,34.374366336473734,39.04438465929204,26.352207654505555,39.8581355649927,25.163706529345067,34.93417624060404,32.200742022120366,34.15714762379124,0.9100376942960932
15.50148041371904,49.514197206373204,53.223030826181734,49.25738999660301,47.55425212245398,58.09078044934644,53.94694157013047,45.58355197666111,47.47464027104318,30.30595219325897,0.9448916967246658
11.52038097169788,51.55830166518565,58.8106106963732,52.22822217461696,56.95971458371222,50.9535940567364,53.09366592604268,44.770633834758016,54.22346308298202,16.23455747297001,0.8702316173114997
9.802563097795742,23.299743782935067,24.54407609548589,30.25638324554714,33.499235303520194,36.40562266205108,23.870598222557607,23.08184017591243,27.826671156121456,26.685371519309943,0.7939244055900034
10.791530378954555,41.45511949435561,32.603362645102,39.92890298691013,37.41386415100879,27.868541317271944,34.39463668304861,33.87029136593361,33.385100016473444,21.85099636725482,0.8655357951713154
9.552488587569815,29.414272241774476,32.52413816463925,20.090353703266377,19.619879720506503,21.30769794384265,26.006692699422512,20.80214320208577,20.736407088459657,37.137718958240384,0.8064960189042261
3.5564926471308596,27.611433111999002,31.61741191456184,34.9550551622271,32.68702462673338,34.73119549982305,24.449019669654188,34.69689377715617,15.933548011398162,33.01730182594171,0.9418181613951263
8.948960443057421,28.82884811340856,35.25434672603718,27.38477016351558,36.904277367730344,32.36608771233549,25.4435539675668,43.087957556390855,23.930110285743645,29.947872055523312,0.8558794377209884
8.568490633971576,38.5051403638935,36.64416374218317,33.346251565415656,45.95450013077682,35.23952890114737,34.554120258243486,27.279400160649843,34.03182855797254,25.22114282487209,0.8560536381674106
11.483344987315654,34.63445883500077,33.602808164296036,29.96926345964636,40.004357979262466,37.61002058077637,39.23481717927968,34.83307330016299,36.94035108580142,19.588937733150733,0.8998895596607942
9.833385367038256,23.798148820159454,27.34642166848038,33.510970186472804,27.308849589492873,28.35372432913135,24.67666978542243,30.844565983061578,30.251301014417507,28.825829508465812,0.8045648853007258
9.700077586343152,19.75409946335516,30.64508398962525,27.47761083042097,30.789563812687476,18.61737309855073,16.87966188675732,35.83584156735474,13.41694507669284,31.49494593448654,0.8683831525686041
15.957530976465595,37.13118217174551,34.92834532693453,34.901288135152576,29.84466328365491,37.979670516561995,37.949022451311215,35.81920175207206,32.56348770835626,20.389550584598837,0.8933882857944239
10.11509904515021,20.92392348988629,37.74341486460274,29.63978280935351,31.742138961564677,25.776860842445444,36.706299670048544,35.27755366748807,24.864382854669586,22.617165465620065,0.9206456086565137
6.728064919854346,22.42171440006905,33.10577963938771,33.15829689679134,26.575806203633228,19.08484403334229,24.305750948645677,24.58004293362316,27.81233122173834,18.756941723909907,0.8435217279510474
10.711757769330909,26.562723555608255,30.404662135882116,22.97568416713829,29.342175027863135,30.21290918159295,32.814480181649586,31.1357722245501,33.51560656184641,19.766807096363305,0.9074821748541293
7.621998239756369,22.593020085867174,26.524161596157487,20.12847573348863,15.3202444321192,10.615173395201257,24.866072070625794,28.68439846173997,20.356030336829864,30.433255206180597,0.933617520996353
10.392255525660058,33.95412642394772,50.21141330098256,36.20104250817857,35.30444111101323,35.57295288228952,40.10237961046681,31.988781245199718,29.30308576083518,31.327729676211916,0.7212601521159072
11.490884164343125,38.006700355565535,40.820392803739765,36.828308278504466,24.665689789266867,47.74250228155021,41.176866806849056,36.87769979906061,33.981801555619455,19.263382982486153,0.8886686168587498
9.259620604366626,24.412989235193564,23.146046704565308,38.19927166522899,25.41038729186235,27.050945158627137,24.324757511941943,27.26895713164961,21.699844326262657,26.679732270637256,0.7050159363454077
15.185258443256352,40.29129328818974,50.037625431976515,48.172497055676956,37.82174033950735,49.944190545008105,33.2102971641709,49.134033394526654,46.286608978588234,32.7067188051025,0.9080466145086178
14.599504024022886,15.841794792752872,15.948914684806407,17.02088739618743,16.26849664810397,22.546753315795467,20.452902893733675,18.216483524834548,15.25356152769016,24.80081267113165,0.7224120780732988
10.366776384225107,32.21358916051063,28.66823937540893,29.533262185092916,38.791748934070036,33.30863970335087,24.022304812936653,30.127710105209815,34.08436172627819,28.526195900871492,0.8785181627653452
13.571207928278227,33.37253944510085,28.954423539802168,31.036975624950475,35.32046265919509,34.92068252815187,31.820320585713787,35.00775669065962,29.60300901853967,22.568509029667077,0.7699538006643503
8.445178849182405,16.947221025140887,14.734107106815387,15.882566811406175,15.521609305198403,6.555242329740113,3.804852295547663,14.675659168999173,0.0,25.01644918138743,0.8102237337444969
10.595195895234905,25.881107622249214,27.1610735324782,30.039238873872705,24.477893029703328,30.4054587127689,21.168856342641334,20.568248627267486,30.99683112032262,14.992020308707328,0.7200937529655613
12.91748787450209,34.318901214301526,31.68183506639667,32.6364027032178,30.3039369478052,28.615636079750395,27.64008709671316,27.951351313715268,31.558725932226082,15.573996337091632,0.8223641077088397
6.739022610065263,37.22463562664579,27.20915209911932,24.193438308361912,32.4646688464965,27.554390111221238,24.490665613965895,36.92425038853962,32.68796912095906,18.68954061346402,0.7256775237940487
10.49450636789433,33.272729614237115,33.40169288696888,39.351980928444064,35.40422439980455,39.17178963940003,35.21501874528731,31.798312489121898,41.80403979057925,25.3482929963276,0.7530424383944456
8.387749489646056,47.743610789919174,46.62421009574554,40.93864090365559,51.53296531324134,41.752419604345135,41.07699799571972,39.592618675101384,40.90818231107814,29.007643198625523,0.7850165619606003
17.13359606793606,18.23411551110746,3.957309465546521,23.00162560888788,30.0849338102444,17.617677934813337,17.874578940794887,11.931371124935172,12.865736148451663,17.485134707235424,0.8209513125794627
8.087454479638753,23.170809209483075,33.27997442073401,28.557274991298247,21.23368713457311,32.596941173328204,31.798365671980985,27.769244910111958,35.82406065543164,26.66827464375649,0.8659276624270725
9.206569077352274,37.89098383218973,41.981724411345,32.35630232089449,36.92943201410118,35.527895859788146,35.57757727015916,44.207317080998536,32.91220595240094,22.042559370777,0.8176656823125518
7.8481828243299425,28.201497462474787,33.015404217060194,27.43795008960521,29.080465805203797,23.44435459494308,32.75645326432803,31.090829628653257,19.4908795784037,30.554763931240846,0.7227449898425119
10.22566572224001,30.450901087005008,36.80559637173602,39.94565636201485,38.0457178141947,37.76931295571928,32.87378919367659,33.90505526073565,21.76196319488749,25.873626351278872,0.9001537189152665
6.239178718132804,39.514345561774796,42.32174578682627,40.845397099316166,41.24281254845371,42.86599908782294,41.2357112098749,38.94294476829434,48.94300247058103,24.096738973555798,0.9056909447077929
9.73480865437765,36.36258125625303,37.4274347942153,28.838593349699554,40.25136146864691,40.65667211224319,31.831890892904866,44.442049671786286,40.8596891751626,23.28435336442856,0.7823603390406119
13.371491537992224,37.37709239000814,40.47740419982433,42.52198693395344,44.86566823685764,48.3783773614934,42.68830040624219,41.53105001180499,38.46491554762856,18.234976076594872,0.8774948344808546
12.260419860175928,20.38430011802328,20.05368591084426,9.854258453400542,23.99630239465284,24.389534980992803,20.732784567339458,20.5165345478901,19.91937372084787,21.156125397054037,0.707689359292784
10.588428545942342,34.584571511779416,18.579557124161052,35.19277630560624,25.920816291496077,33.180960825847336,37.92149872704883,34.46603239370242,29.47278221114583,27.249118180983874,0.8718618809516068
17.289690469622666,33.65676788458062,24.751272169849035,43.38516570227628,28.256447224113984,41.674949402597655,29.612443713535143,35.82961046267579,26.907677900564593,23.546294701853142,0.8818231645224807
7.776567152776517,39.29803273123861,40.85587950353538,45.06647913611421,39.20307920821492,41.3503198922087,41.616207567943945,36.26127924260213,41.190186530807956,34.989039286999684,0.8541387033038221
9.981175206414798,34.241331236697576,23.03155940442828,31.948162327998727,27.19006678003939,25.07851133211756,30.567233419025065,24.48916295347612,23.649118023360785,27.77902677163305,0.9337916986628249
19.848816338485566,56.037386117545395,52.96553760280602,45.9668482337387,53.303833049036605,49.197166180047496,50.90058071757435,56.751884469931646,59.47600501099208,30.25592912173648,0.783820836485134
22.16866676493403,52.313231064109104,42.91241962057506,48.42373940231871,45.14600550038449,47.561268180693595,51.24012296906287,51.44686944556932,46.25886953174809,28.970378565379907,0.7586913198964097
11.306971305888478,21.743964788233274,13.257388756982069,22.307384727713593,19.856619742375155,24.078545818264367,19.706461416394163,10.57141694972668,21.154310042332334,28.633108423514894,0.7159403033068346
23.82939042263649,60.51920354848489,54.908022312809955,55.948532904382944,55.3923794244438,55.695168421203284,62.44211640012938,56.32555364316146,56.44598565339297,38.538273605936396,0.8082191780248651
26.578114132456676,34.97237715120009,30.024014791362124,32.80472888892223,29.896387338897966,30.75701161948337,24.838560240286945,32.64483755054432,23.80037070101656,29.194878195330503,0.7209402334842718
23.270670268473985,45.44494838042104,47.67183924453769,49.47403269104188,32.104263282104235,38.47511574630736,41.20976538671507,41.67160151494266,44.239076445505816,33.6656367832404,0.9199155726545831
24.011661561134897,65.57413536605424,67.36829576714428,58.19197806715393,52.809263153533806,64.01733046419778,53.53023075446809,61.61107409456174,54.46463382371229,21.843485033040835,0.7630159283471301
25.5424760036397,49.197726836215736,36.29076516214639,35.504901551102876,41.12493024618734,36.40701531102377,38.85058659368875,36.52299893275968,33.9000182910197,33.30717655871544,0.7073477867776237
21.273561611819304,43.84869393643658,55.25010667904083,41.160287298841936,41.04264163706548,44.114551868720106,35.22332474405792,46.77001229929438,46.57179267459723,25.15383433116633,0.8085460539786108
16.387789373189104,31.158198925459754,35.88760533970574,37.358611800606496,43.76283654173251,43.72648955795559,34.22999730524409,33.945541787437,32.37810900926745,15.360536544291135,0.9151343574322137
21.3582920556889,18.53650509666447,12.07880970006753,17.241631951342892,15.16560992755823,13.878598298709022,10.963574768127767,19.45572941487208,19.025908575895667,33.73569742922702,0.8186819239917149
17.181366561458898,57.21941995977385,60.88612431175191,67.47122541785939,58.88508315000032,69.70758938849877,66.8428375519527,56.39760353668083,57.425597243249754,38.307549944528596,0.7531612587712441
21.205092729307378,28.9614048766222,28.251588882030205,38.66261127903837,31.6746999263678,37.072264286930576,37.77470717850003,42.94687437850002,37.600224579934505,31.525967561806294,0.8708887326029252
12.697897933786427,50.9548413044718,40.77281404137018,32.5200413364726,42.220422518625654,39.20517909392266,44.892255009003975,45.29192608457326,41.206123075899924,24.010620649960963,0.764374535417079
27.468983789310943,35.2141234326264,26.12052642090239,29.95591427056231,32.495272276613676,14.50964367645846,43.3276722392152,33.49473682615368,32.60475063273194,37.68629472561568,0.8490695038061843
24.125659978293555,64.53449514110743,54.02428433425748,53.95290504877934,59.42279409965921,60.90188128353574,58.73559357642808,63.16730985701789,68.90887338522253,29.77492450286704,0.7274785613968091
20.943825986890126,33.975697453234964,35.92925518785986,42.09029829111402,35.454023389182005,34.92552351149323,35.516868608823465,35.02821030664428,35.51613770042607,39.30311263546196,0.7357253677617482
22.328424849392018,48.69041894987653,50.38775851802126,63.20331636934036,54.58956892717515,51.077167506225656,52.210205377276445,57.5707847777435,64.99343967198877,32.24087348817144,0.828711249037582
24.405674120841734,30.32038293473236,36.181093462634905,30.22596567316601,38.907812777494165,30.733236677756533,38.57386599861033,41.469623059328235,37.90010050337044,37.02145128180842,0.837850189697235
18.259927660947135,43.84693376815692,49.840785466264464,35.18766004729491,37.16589635205125,47.82700601365235,43.15920002152409,39.12111046710565,30.667652465971404,28.366436713676766,0.8465075726969886
20.316168861365032,37.94413820285002,40.2373323919938,41.70849222884774,36.35591688661764,41.663472851728834,35.64439804051902,36.69371659168209,43.644808732536426,29.281044002748988,0.7355282409731747
20.60016098867795,46.454486671764954,50.214753550383115,48.77171458776475,56.5610366436388,51.6183269457726,52.9228436143907,53.04479046121447,53.074450079220966,19.968766383890667,0.9289680611236059
16.39582421029052,38.85576218142625,46.30522488911221,38.09251272799751,46.87621941262852,37.17709490768016,50.25209103109398,47.76376247913597,44.824379006735406,38.23067061482117,0.7675368123844262
13.306930388108487,44.64210028591474,36.704655435734225,43.30024547747355,47.41720206922574,47.28270604172836,50.88887620859335,40.54739051044423,41.82779724999146,32.35168470064249,0.7327591851501772
16.47119017853392,42.12068712271284,36.59613217876226,32.25845139139246,43.78662657952609,37.56738612641258,41.919370292560586,38.40434657267506,30.37734807392823,32.48056114055143,0.8752062114050803
21.180394260824016,43.414924620307175,55.155912774965614,46.898835645154875,46.01074112218724,47.924228551969364,44.80389675131807,58.44812937980557,47.56774816510709,21.948347904535183,0.8622109735134315
25.76517213847717,25.750408378064343,42.05395060476404,38.420792252935414,38.624389596678554,38.15370576146384,40.69793600812224,33.15698343981343,33.95676232761423,35.04902801485847,0.8714940763234292
20.528323092729927,42.82446304702925,40.45234768447183,43.87902254358612,42.70706770250943,44.406720318043554,32.41545140305554,42.01710036080939,40.02508918601801,32.889296890057565,0.7963566938493948
21.312142274889517,47.03096117184729,47.021096663817985,52.615533065474956,39.88852228151466,53.55430512243987,51.03391116726983,42.30774044086557,50.054529956434955,27.355717675473958,0.7372827359003532
27.155464555515472,67.14617177187054,63.85539673577574,50.984176545844164,54.82894075711576,47.13893733988189,50.71064446977628,61.25891218931239,58.31168632837898,32.906963152380925,0.7521155925702325
23.47312693362609,32.69391069936417,38.24044871342724,39.87432110431633,33.670294733741336,35.19037180092866,45.55823229651018,33.95428860016067,33.91389412310895,25.450312500286184,0.7095556455974469
12.6541505951724,69.90897560801079,58.5648553160044,56.20031287782455,56.047592313927765,54.64842761232299,61.52070937810719,52.84241822126083,54.920253238846996,25.35853335742871,0.8229296319029347
19.16459044239789,44.61230029381767,47.28520588214239,52.21943117666539,35.08875232330915,55.32972928692384,38.30417645247641,61.2102605947282,47.824678143723894,21.775463700880024,0.7124935967384927
12.366754335617108,57.73242927623988,46.11406696540331,56.51314898273448,59.87761944181953,49.86723783845653,54.189932798180386,55.31412827211143,49.82377727187315,30.481298457828785,0.9429503765320657
25.921318715367914,46.562306192528574,49.33909487247703,49.88178688628562,42.227276308614435,54.09180672673539,49.737412847682435,49.60841840888091,51.250909341595346,32.11339659237673,0.7761271038005794
17.14518428703451,40.41557149007457,36.14030539757205,34.699723887112285,28.799997375037123,27.36709249458507,34.096375049298665,36.73885465538217,28.038477808311928,28.772734785760715,0.7633036071176867
24.049674060906057,61.71218260148088,51.711323886597306,45.95269164098554,50.77898015813172,47.04752236078979,46.79020869268365,58.07266130909808,47.896001326603454,25.136461028681907,0.7555978530372328
10.391081241632673,51.85639936531197,40.15187037077988,46.40561924072419,50.665518584339196,50.512439151128234,54.450686683275,50.964009152033334,50.565164950616015,32.11801162520532,0.8311255673830275
18.297307899825686,39.046114866834984,40.225397331108404,43.505168743761836,47.62791256103319,35.255925791657745,44.67048411059452,39.87791972766247,38.459019904760396,38.31734758171638,0.936071511391674
8.835888664036919,44.61035461597548,51.20578335027369,50.867323232037045,54.22375974298144,47.154836303857934,58.16938392858825,52.41662191013142,46.97302950639064,26.856604837686533,0.7655887503277115
14.705364012319873,41.44235390666639,46.47076226683836,42.57188813678142,47.464766416824446,38.20099103743565,41.68572283062174,46.757522035256876,52.5865314056761,28.831043398552005,0.9178355070610618
11.417633417224486,42.55955262881215,44.205882099136986,39.231765697373106,39.43294922163987,39.138542566027,41.90882746540429,38.562020233169555,38.71536110390134,32.892261571667355,0.841068419758497
17.142675950655168,39.00064731136952,45.61637245791663,46.78714312945532,47.48981621494151,46.555433185477504,40.502789412387166,45.863869972742854,37.61188269237084,32.28392007868457,0.9255043615065148
12.591388223781772,35.86538352198169,27.97994553909805,38.813777891715446,31.870769697694573,29.767118093817047,29.153578323517785,35.917394330175156,31.531898135884084,26.205077680382725,0.9139319162325988
9.288460603417693,37.0275239248361,31.729505257029874,34.355278501262454,39.94187260704737,30.345537859162697,32.12410417491264,39.34897039943585,41.45074253336932,30.208533858944822,0.7499885206135042
7.020324932965781,37.42494261764168,39.814062562859604,47.02853344148736,44.4018543407767,45.58336480514666,45.394495392470944,52.78462909876177,31.960643895761322,28.13957685083345,0.7720258430884486
11.528742298394482,50.78420510669417,48.06647377240334,43.509145936142076,56.59266536371897,45.579785162284175,48.76935310598705,51.380823327820224,40.9375019591483,21.742729876429326,0.8557622186131099
16.958488846633863,48.64611688709009,51.51564008167057,53.744158724521974,40.768073230387216,47.69677191665993,44.63880135891358,48.23331652352877,55.093738943879735,33.03765969943852,0.8308944154460709
24.821855021301907,38.79962485845808,27.12291506032487,33.91785771841248,32.15773699110607,43.11634651853289,43.23420747662826,32.92807220462487,32.185469455017916,32.61412715680633,0.7467484883138835
17.9227623174641,51.32677292132858,58.63081712015896,61.0720249225402,47.74495709772975,51.089513438865794,54.943703769615595,58.20588429945104,54.29164495855846,27.16892549313535,0.7982844842688206
13.48801575569293,37.60546231051288,47.26635179577018,43.298454885149695,45.921561097342284,36.1721422157567,40.5598424067396,40.884693841570815,47.74258020007001,37.92100617093261,0.9007020319355029
10.851270780839577,36.33488220095152,49.977424964276025,40.707889241611504,47.112836378963664,41.12428324590794,47.51242963907281,44.59065189049433,48.323861175398015,18.218115808888207,0.7216090370499952
18.26320889653671,45.47623002613047,64.1530926579857,56.648720866847775,57.859215363938794,56.68303842689375,54.506171145192916,50.3395453522815,48.29997382379569,19.73058870145715,0.8728576829916856
22.055228849980903,30.995865677748384,39.37119329607797,22.69881441132846,42.01898615652102,33.25380820521133,30.05730168986257,40.066055422787926,32.08197457633482,25.74730632984489,0.7719607295459552
14.589126914759076,29.02031736823447,37.47600579812304,23.55665493242131,34.247034671306096,26.409528143118205,38.39530694986477,31.298676504127243,24.86595182960376,31.113469837658975,0.7117684721675724
12.610485478149755,31.869659552223695,37.74923402713515,35.59137271575483,39.087736230393176,36.564900708960735,38.12054634894066,51.05571923112759,37.30057867948804,23.999605519826858,0.8331893584883839
14.586105866844605,40.025416284984544,44.46147309246507,48.342610356798765,53.27496149917519,43.1509102035942,41.320182353260876,38.79920442497431,43.34033586030976,25.272512334591987,0.8126566896291768
18.173929340540802,38.09946964666055,39.85355663281175,45.73803668796942,43.345042272787936,34.462911777364646,37.59316631172898,33.796260617550864,42.936334898601565,23.035775233640095,0.816680797850604
20.205639193532214,40.051325172350566,44.62949446389823,44.944447187820614,36.63400158672596,51.374472722162025,39.64789942512173,46.059164326447544,40.52357162988088,22.091178361016723,0.8522174678146038
14.276447357529907,47.74179359995486,42.485065046936384,50.18295077156439,41.309260711408434,46.20121779308554,46.53572601959989,54.32540207554371,53.088122276525354,34.736774397256696,0.9257272780046928
19.51307433951705,46.53168088825767,41.16071518818297,40.94434965911368,52.58956645139849,46.08910199849607,38.23696572401702,50.64929204583183,47.723655744679775,18.436566777727183,0.7451766610287964
25.698497195684304,45.0728394482912,48.679723938887044,43.72778502339106,37.753873179747146,32.356692825707256,37.415494378293104,38.24882286111903,36.86699140890316,22.988312776044488,0.9202913627053444
15.084856807146844,46.60484967066819,51.42655124070354,50.06959664836873,44.70731505255415,46.95031708906711,42.808172162194865,54.15122316310444,39.91442371532365,32.65985526920273,0.9000542737205383
13.674901184088572,37.464514201094566,47.070924747993246,37.35257539504803,34.47975344428764,44.91412037646293,40.06179279177101,36.312373972074255,41.72536166218524,21.68161006959172,0.7501404629292538
11.387461484201742,44.630293879075985,43.082922614013725,45.495092120792336,38.15496093448382,44.91572667670171,46.732319875653054,33.07611232501946,38.708639031751055,29.84698062865703,0.7776494776798546
14.179540897857866,39.82952981756215,37.34056204747889,34.587403643534515,16.749301800926915,21.978457392398816,39.089020606126894,31.527162385952757,27.597944838024606,35.92616163543937,0.9118926238183501
13.0001056293587,36.822815164317504,36.76444826323941,40.151345924879315,37.65219045302778,38.6365745063843,41.046007182761805,39.14347058890881,45.83320064175639,33.57175613399049,0.7944169548661799
16.836120539052196,44.59051866659695,36.100326930271194,38.8394848542343,46.52829675992997,47.67393885253197,45.63245923827623,42.51542910257244,53.842064498033885,29.72732485622713,0.8727623066713361
10.899846509369254,39.75235156890092,40.47554027471304,44.518308769785904,46.0500511678505,47.748640636425996,38.47785191727135,51.444151737426985,35.84359286915492,31.285331611991367,0.7779882791696894
19.210187237408988,34.32855131799318,28.973603888166622,38.109709299624484,37.707932000489926,30.45652690736491,20.81051053794095,27.966350165116623,24.39154875140634,33.840068149974336,0.7382672390855953
18.281275286043766,40.33365729962247,47.455629499505335,39.07412959294003,47.157381338980116,44.824997721451595,36.41268054180894,41.6692829589727,45.25224122519699,25.554937006808373,0.765373192645125
10.80522277292588,28.635196899489685,23.34539704137918,29.416693832313644,18.46466324485808,24.983674494111543,23.121828068920596,22.418277868863843,19.517124676680474,29.19535420266631,0.7042563741391275
19.373948080354126,34.01968159689733,45.55643472244161,36.84940637558979,40.55897095640914,47.34086767865335,43.713769791965674,41.14996500670443,46.55344730947025,31.309352665437885,0.8533552162260238
21.63108799899884,27.714577105123045,34.727591608773935,32.9302143238334,34.624624954813086,22.240468641757523,25.173449592824177,23.03010330453688,29.978016412775197,27.907059281464395,0.893590177951581
10.560732766296873,33.675702906856344,40.37080671910152,37.785988254196155,31.920414765278615,29.5528361875353,40.771817600507916,35.015770040021344,27.859662081668432,24.43360578214815,0.8322062387129043
12.658131420181,58.85952156979841,59.96984751141366,56.375776519079245,54.956457408726095,48.03963648475468,62.572979716122475,60.35258890438254,49.97020520706338,33.90643225602263,0.920319914917974
14.634520663565407,30.203910926856004,37.26419589969246,32.14734239704185,35.85840424232711,31.51842068445211,36.0999361080167,34.46411299219964,27.689982007595454,28.942814166350512,0.7412721073231793
19.322135033192435,47.1069414029633,38.42105006852923,45.871903234588046,47.73256377260389,48.89156579660418,48.85603229283671,54.29593485441605,39.15847299604548,32.474443645107826,0.7212859103333467
9.661087491367194,41.88774841513104,40.47869088623128,28.211314715582727,35.493274626068136,36.26886838389891,34.56560934210978,33.60588402934414,37.478562936145025,36.94477035909815,0.8927515212916339
11.356445711867504,49.56086098889311,39.156679924187195,34.03790412982796,40.644676247893,30.531303382553116,42.35437830235382,46.808671443242574,35.34718630982376,27.1423170214764,0.8817415984224211
24.62611087208478,58.72783358413249,65.90329762425444,65.9292361245981,60.70535942027538,60.77566470688104,56.844081507474094,54.67309912689027,57.896843892160256,35.902693867795115,0.7408171530652728
17.998201928085557,64.55997905073681,65.22342550953931,67.66298798181063,61.859445240898964,59.95206528864643,65.97864522573923,55.017378114120504,69.04719840195638,40.77823358571875,0.8309552331397441
24.974875707246426,45.635777665539415,42.12435205095247,43.53071964794839,44.43964736440033,45.94947801534172,48.79408133519849,56.050134158671966,42.061899519838434,34.706019663481264,0.8421613961220802
24.133246901762526,51.41759622977106,43.27383260212508,35.92977024024684,45.164158626164685,44.579322690820185,47.160920753893585,47.29476246037816,50.54716752825816,36.270155854923146,0.7997869047866191
23.112951319020855,58.32153930234887,51.89221209412241,53.7353804616685,47.7517037804745,45.94996279559814,52.18286872981608,54.06134345435779,53.54203684151262,40.9946711106536,0.7922524104686076
27.76267517432153,49.56163232524957,52.523651361489115,49.400760832691,54.15528242473254,60.0501720274594,52.154703887604825,46.31148243060675,58.81726186192856,35.57631458022707,0.908698089394915
24.278468412977578,63.4825813296166,66.02436729999968,71.44457352745678,62.133265840792376,62.362245625397904,61.23852368010708,60.90161226388355,62.71563041180139,31.292716328048154,0.917511997264128
26.999165508826945,41.972158080636675,45.88147111446607,42.89897731324636,51.573347048359864,40.02208781706433,37.55701750131394,43.283148984893444,39.32034413757074,34.19819003921068,0.9082580834515657
27.63086187314506,50.26796229265299,44.73517642922029,41.93891493094488,48.97407580253429,54.53930192041023,42.853902957987515,39.818672985946506,46.75980298542949,35.1266977092328,0.8555932173193495
19.584965253391868,47.9745982285295,42.218785708359164,55.06096565660246,55.75636368513748,60.42390442499328,43.187992807529454,52.91043458765734,52.39025739525078,32.14460759188726,0.8258868170939032
25.242142526649523,40.730744003048216,47.70308355050118,46.30094231853596,38.685600749589426,38.52932314515915,39.25319502791204,41.24674716221613,44.101766536880035,32.14629540694265,0.7541393228552781
34.19081099714813,40.36066761210336,41.98615775050615,41.79861204476795,43.39747537991748,42.83795035993412,49.47210781229475,44.47455676130519,42.37678832732505,41.180151948268566,0.7493735344650232
31.338133082846387,54.62835662328478,57.0993085851302,49.77257110252006,55.478986437627995,54.97866420009139,57.39388781870193,56.975976860925876,55.3243858240067,30.41602051854931,0.717494693345812
29.70751040446747,44.412940223426375,46.62935444595936,47.983619890871964,61.65994129312605,55.81443015148237,47.62500001073093,48.694904055580324,43.401322338682185,42.48677217358023,0.9089304145749528
35.85498188339813,30.483844246229296,42.77782592677398,35.81997027541461,37.17926860208868,36.02722816148537,41.22789118283292,42.072379933671506,37.596392741729375,36.92418964925025,0.7119434446152089
24.94644742302524,56.49528205249055,60.31786447053819,61.903747357849014,64.64352624850713,59.569988804307094,60.82417878605898,69.13365806679487,53.638747840780866,39.65590214259615,0.7376167296459196
20.242990168633494,54.89973030698505,61.377575244497706,58.39185672839667,52.13926879247109,48.23197001348809,62.05519883320156,46.63898543487507,58.784051707115985,38.581369109137825,0.8674747880115472
17.22012593190402,51.58668641580937,48.803299402424635,40.31974732210026,41.58040246091475,46.362386777596576,41.82458892340414,48.94168879746074,45.994098841796095,33.48069071251307,0.7076878567606808
25.96963346076789,56.058919493037514,58.11933204504927,61.365874858546036,56.70440058790443,58.756291523558446,59.22658963415535,54.66600213615338,56.01709670928124,37.48082539423065,0.8336055135796199
22.721857071184935,64.95267935651154,52.43438099575864,66.38059936752961,72.25491400049773,76.36105220772336,68.9898647037382,76.4566779869705,57.525894257400054,35.23638342249326,0.9453600839557634
25.615489506072493,62.330444867751375,65.51951477527531,60.33451672675466,69.235628285356,66.21601043355467,57.538071563834855,59.17340648998168,59.227036501602605,33.836633587541705,0.7976986931923719
19.83393307448884,56.5754809446736,59.22754264084865,57.69960470782595,58.32943242907068,55.421942544701686,58.740366411654335,57.33634473204432,53.53359145177962,29.78676371806328,0.8974754154645013
27.188593583574317,65.64840326323643,66.57527620917449,55.81512987797432,60.650309735969216,57.90128166985999,57.94114877219163,60.34278701825042,65.59259135394377,27.948227202093385,0.9032324987951792
24.660315814191915,39.421513652008095,36.460972545415686,36.46024602598755,39.53445592348389,42.00651806717355,40.27934628110137,45.9174605745728,38.378851872811936,36.95736902683831,0.8768476972552444
26.556317740658265,56.32957820355531,54.8051473008337,47.81174244078269,49.459038553881825,48.68291968673323,59.33759642854365,53.84684302100555,45.548345245499306,33.96595923621342,0.785295653727106
18.34441696879346,34.49717125731203,40.649721263093305,38.05459964828262,37.63350954065166,38.66078531723546,47.77445077389618,35.78598978451839,39.08302984087586,29.37669331925376,0.7273797339119635
25.795650561424814,35.769182838615194,43.136650055747154,39.17480644401831,39.09413626826259,45.410161292840826,35.414319450009984,37.57794702570925,28.467953297892052,30.728126106244527,0.8268503000676786
28.16478458142825,70.55864553442153,68.73077930250047,59.08603187411421,65.73047615174447,64.33285973973436,60.43572239406063,58.18995912907721,52.8407795177016,39.02039149820695,0.9216830590223295
22.88870513107607,56.94509155665606,62.01013267175335,62.20754085325267,54.825382106076454,76.73104324801928,71.15859358963475,58.22644317287322,56.28782345135758,32.754631543252685,0.7231924403648105
27.415061560499243,48.64716585765832,53.484116102534735,43.398940849003885,51.63118960894221,40.013219373775854,43.03965423429798,51.57376403754453,42.50095788894929,34.17617412429078,0.8731917360107181
28.122521371933654,47.37984984671532,40.00111281155055,41.838066692524336,46.305938478585446,45.74397990647628,46.84879233727502,46.533857752302765,41.42936971881118,30.471920629981575,0.8277761780591107
26.628461692019982,49.40735672229749,44.87196399799748,40.86385316306014,43.35905347597797,49.195358859215524,41.28863475032639,43.305297352717545,34.45895489153277,27.93491889324898,0.713934437219154
21.329671845020165,61.317454868703464,58.058096278876086,68.44303670320497,64.3332952702948,64.8949430082502,56.135250448047316,54.194358065991636,58.8337967018825,35.05888560897834,0.7800545121933348
28.19990596625541,52.244690482707426,60.08405581521997,53.98225946189226,61.44839882005826,58.898082373622,49.870882547407305,56.52397626841996,47.27856079142535,38.47071370158226,0.8996510230119954
12.290379635968009,73.70364296935249,73.20159956093623,68.73701152647082,69.73848765980908,75.16457830625801,64.05446522754947,70.05014606440459,64.99719407250781,27.307965862157104,0.719297392562487
25.67248504572739,56.11840848032573,63.02132725985567,58.784446788307775,71.52953250831699,57.07538998094347,60.624868175432745,53.77143061604507,54.70026610773322,32.292072666585106,0.8102779878613856
22.706196392869355,50.22306288471697,35.614297280267024,38.86561838908418,35.880674498923945,48.24995356801365,38.48918555191911,40.27143117223875,42.00718764154902,43.10656610505473,0.8725402171027514
27.523444894001546,17.90330268716016,10.150547351972795,21.17717718980192,9.27243745723623,14.017603776076726,23.70126030493772,27.604359641036474,11.866974805142496,31.842372985487515,0.812996018794209
17.347214589338982,80.92537745418873,62.76272003225143,74.15824700041914,62.1005065880494,67.8737097643413,66.85624746008537,63.45456248603956,73.2502198518502,29.370489100104955,0.7707944081746075
28.66785896823754,51.718280084681616,50.93165175638428,54.491212277800294,57.536038120578844,48.54850362159214,58.781868559470816,52.798491351947504,61.62285111015516,34.60647401044862,0.9025865044207306
12.080812067286113,25.805045314084587,16.16024047435968,15.456182578410374,15.352771781481042,13.370467199863054,12.305924044348803,17.158425501446665,9.849995534077784,31.21412028135673,0.7715940431639378
12.039159550167676,28.581973707357786,32.70126992238678,41.17440690922338,33.96936974622884,29.685337277095357,24.316105896327297,35.75561547938863,38.414329828423654,14.876328312694088,0.8528685450894786
13.583095134683472,48.92167711402778,49.011021249386786,46.98950062570981,42.62745106508669,51.44410967993798,37.633712302397356,43.32482058331549,41.685561670100945,32.10161918760723,0.9181346729714085
12.231776602586594,39.217878075967455,40.03341575934624,34.02530411758672,41.04986689743338,42.51226822371357,33.95970356094449,47.189711818783,39.97260149229127,21.785608044441055,0.7691949418384109
15.44295452597221,5.215382608656768,14.153432804269803,23.600883526783527,24.95913269406067,12.967166337318657,10.887705524177555,15.412710695130079,17.048804743686997,30.06026010013962,0.8479968172773662
9.670901279913178,47.89398214663303,40.364138724033964,35.957776289788,50.27755700325996,42.64737538145258,52.71427468097965,48.14847017133707,42.766844461061304,29.557098640216996,0.8386957369091003
9.96276643269266,35.616319726359336,29.992637244025016,28.526805156913085,31.697246367872292,34.72434098955789,36.948835882434956,45.44533283630611,30.575582573469752,32.85380389782142,0.8048017045162745
15.245222806167614,45.480609943069155,48.86325863545114,49.4515948237384,47.39518184468963,51.64932955963478,36.37548756744115,41.000769511115976,49.76330697497152,29.766123884693826,0.9156346389689034
11.893660562186401,50.30664412949002,56.05030473198103,58.27415817387149,55.26872727550687,48.812746476052226,61.04241061199183,63.46007415789136,56.95083537590016,22.561410887154054,0.9109806548212895
13.07650877119136,34.605630757983185,27.459353485692787,27.437089798520862,34.457643486248706,41.68465899991507,28.35575719782643,38.536000350562844,33.21909168710744,32.977667949531366,0.9469666667225273
11.002322439026383,37.05617652009636,28.01312238945901,31.367578842726324,25.39597512057562,21.620903308332622,22.326596652794695,32.50990667317227,24.582353106784005,28.305928637099264,0.8494543114736949
18.26446902827276,45.5631399364628,42.97349428019753,38.2027642269638,38.42561879739486,49.90547610608769,38.517175200858816,36.791703094519704,40.848048175969666,41.35115762549159,0.9173041701390614
13.84933634209998,31.369930250063447,34.540965524979725,38.07577027151154,37.88098479992525,30.583358195528266,29.3885482191723,36.981841840465954,38.17736879988286,34.55844146571595,0.8135490079675587
12.749789555216882,44.18353172288212,34.88655135573552,40.5039928629358,39.28463061778328,46.22115185231428,44.577947608197995,44.196671714786724,34.313232547918915,26.373300863728275,0.8808074855606101
11.794959866190686,39.698095156973146,41.195533757820556,34.66518575622895,48.008049046101846,43.21588616444722,48.60876204801053,34.55403763791793,35.164376899911886,27.952452814119923,0.9237531750075225
9.294827723176496,30.913211646157066,29.295629838104958,32.88671688649321,34.75501546684383,23.55363794028816,21.773845362877296,21.157093531360985,27.997799518506362,32.224672247669844,0.8371414848281452
5.553115307253021,40.89805064878537,34.81879776332732,37.83782932314891,34.26712493105028,33.41006152218925,27.225856990698652,44.442293167995516,43.61073711493957,31.378190849908695,0.9364153188789959
9.155581201943065,55.62048123149443,52.54206358350373,48.1862827738686,50.528667168792985,52.81028727955671,51.18734380346062,57.783371098663224,44.60396170667411,30.793442560985884,0.7673534246662425
8.582732615191361,46.10567114793361,44.428383304272174,38.60559242851589,31.12820729233004,45.10647348441026,39.875201594208214,38.69883095370881,37.95604040861537,33.65890000227454,0.7041571065144672
13.06563699991876,32.5652620570913,32.68701851334114,34.484299964551454,33.10690664801725,37.35000326329722,35.0764612539853,38.57706032836708,29.584879478024256,26.638301298226768,0.8251770696624796
8.500349710306388,34.930628478572366,39.898417348545834,43.43600002156097,42.07376894812322,46.81205729914028,40.21282143363463,39.95438388150083,46.16229009679552,31.361864777196637,0.835397757581569
8.864074291753187,21.319854415341446,27.343981590746495,34.08430632623818,26.264106990871177,30.83595914193605,35.21287660599865,38.50036402885106,33.33125450321377,28.86766588638127,0.8351855668093677
21.193763116928586,29.952817431660122,22.449848131767826,31.501464285412773,29.21620069328947,29.399349183983936,29.782872553768645,27.865803070926674,29.93663390757595,26.0620322078573,0.7167023131501451
10.615020478313003,39.311465924261014,41.09918661095478,45.945877298181514,30.769460561317096,38.81166249650635,43.354565170141484,39.89459303620794,47.41302085705192,31.335786967854713,0.7765772903254119
9.148568010628189,22.168292953414326,24.43129318623474,32.83070218419289,20.648223026369276,24.576766179049855,12.120046464638218,18.16939799542792,21.408171129585252,24.75984614437682,0.8155168053017016
10.06767624920587,36.023211569787755,31.982925878725755,43.41349327922234,34.173945483154924,40.772796682042426,41.1539333214113,45.72313561724012,38.997573038733755,25.317929248119192,0.7154443228380023
16.611031449436553,27.16086965972463,21.101574994263245,21.44876968666389,18.254100689394445,22.890403611937465,37.191619270629175,35.274359570233884,24.056393462742378,25.588806283072792,0.8756593824814183
11.381948965239177,40.69713931964942,42.49364935654239,28.631127214162397,38.06735572614318,39.57438475208997,41.89040413679528,48.20532724568289,38.2343871129749,20.34281791989185,0.810083093002222
4.852136545092774,38.99846575744141,31.170781691063617,28.559315993839817,27.091693912453003,30.817087209624535,22.898504467864228,32.7273207469682,45.28392206546515,30.041817507810325,0.939004503912358
17.23505483882949,41.602366383231924,44.98469215680038,43.073456640220066,43.32144298193602,39.557184752030885,40.53157272144043,38.744821483749476,46.365400058778974,28.012004370684153,0.8943361553560061
10.650563467680225,55.15614294249832,51.07022318610764,48.48026554933696,52.04248850221814,41.99190880997277,46.70991095934812,58.308378577850334,52.333551228881184,26.465353534901446,0.9239728374771355
15.814385082746886,29.907225739971462,31.152357171401214,37.7953000027201,41.22035505061446,44.76151601430183,22.883505573357773,38.72640783913983,27.712466212009154,32.7920665206317,0.719929760841212
13.102956081628808,30.69812517923279,27.947197707261797,30.95301313421943,31.91981408405233,29.42463019908226,32.85608298010202,27.66091866948095,31.40317712310112,18.358146834659227,0.7236891965382377
15.464166938101087,22.867469859684668,22.85006341866815,31.270798407457274,34.06366016081712,34.70052632016541,31.673138651277625,30.58863921415983,30.857512295821593,30.498006758287687,0.878180277784436
10.324672084322948,10.933548049999459,7.125498212268818,2.5089518407351186,7.958690827763524,2.7879182745529887,10.058801844410869,10.308615919671416,2.6030220331712113,25.188066239519415,0.8288676937931556
13.402709875069888,32.2104128203843,32.406959017815105,38.341140042011105,35.10900535419324,38.78078899347872,24.841563039642978,27.433126482003644,35.16837072656544,23.392120778089843,0.8224584101849207
12.067407376298052,26.619516054542714,26.020264201584933,45.6738704239761,41.58771651129352,32.340541524905916,37.28408228813361,35.17713058107369,37.465723513467424,31.489031688464156,0.8001023285998295
10.58399336607365,32.29201105683753,27.096118423206402,41.87728643006532,36.51133458738652,41.61552354028887,35.166433098303564,30.68600636135651,35.434229220165385,31.308481664778963,0.7687769199524555
6.98907049757719,38.50116834313901,44.681970138709644,36.48130286561695,42.72877612416709,40.39973898907977,40.82860675565969,40.56080222914564,35.19138904922277,32.37027400636081,0.8053432455630598
10.061833194936641,32.44647293285203,35.75777822923678,23.946414941118245,23.15981013637994,32.02667586204199,21.1636803330254,19.46982352841943,23.515543230939073,19.433493357195253,0.7324120871748385
16.67371932793398,22.83949807071014,28.49011727033683,22.297249245057834,27.760091704685607,15.34545619220865,32.1698028703192,25.527774336573135,30.054625066882767,23.091085266932517,0.7502018098828701
12.712162640219384,36.45586307154201,38.79279370633624,38.81338847995903,29.88047832312114,45.150732901823694,42.51534439869913,34.93464571813532,44.72447007932924,26.29471427872146,0.8716118257398219
12.004074186467223,40.00159365429943,32.71165841629283,33.632903468546964,34.69368133359381,28.55999324674906,37.60934901594761,39.44280224248219,34.98317457948262,26.212113829253617,0.9477429927579242
8.730881112851169,28.94267468614618,33.84139321782071,27.607334800573746,30.56699312410377,26.417813403052413,31.267963866393725,32.0411087247821,33.42556256334273,30.46584713388032,0.7459625914665567
10.178840161826098,24.624225338960017,28.19335385417487,18.177198175781747,26.80078677044482,20.740658467249705,25.39281669100378,19.831078383641746,30.887462706556594,23.43802760116419,0.88689986685106
6.545671936733127,28.101055619827104,23.57696325800769,15.860595551550333,23.054108874814258,24.37315071383161,23.268350002718243,14.20930601165984,30.644285123881293,26.963832393112764,0.8843495271676318
11.880071410482408,30.98110575760725,40.11775627925853,29.497287580746608,31.642974458315543,45.17676618233933,39.892361752172185,39.50357684491351,35.917358709695506,32.15404915168201,0.7877876393191788
12.590007412708983,27.395461976560096,25.599295768271702,27.27366327096338,44.64601899144458,22.899723090876947,26.144471104497324,30.62882405550265,25.468339041931298,29.425271270746975,0.9075876583167044
8.27927591349601,27.42226237282098,29.526234341324823,32.10422031935039,22.7218030263999,33.711706690408064,21.700080780555545,25.428422275744992,19.364583784899587,25.012287683248335,0.7148689100196415
5.374607251794409,20.695979958145546,22.451753860485397,36.241206384722275,31.699283199466237,25.632098717132877,40.40768763570586,21.593998037018583,28.565796634098355,30.677988291490326,0.8974508737141955
12.883779580906932,21.192013165336128,29.781444046580674,19.022267346926597,20.08186302434987,26.167585479966213,20.562620755424128,21.708601847462432,27.687966313437528,24.16801273163575,0.8610415591138326
17.414859545590975,38.42248981107752,47.07417959085671,38.99244003385909,43.99455485031355,48.464967794072756,38.655062408588094,38.1391383478621,40.60411217069986,31.121531694169654,0.7312687673459954
9.510375388257886,17.114967262055124,10.575401698043947,21.738060379958387,16.07223421968916,13.28289276216541,23.00393697645592,14.122727184543027,14.33855564391629,30.666129864473618,0.7527472194434668
9.769089905920463,38.03561965760562,38.694735393620284,37.46172511179507,36.57118936464119,38.1133276910002,41.44630406344236,37.93276607063169,42.4117259399723,33.6970009547611,0.8900115658140926
7.693853555597375,30.421310548311872,29.58270971276296,28.159239403100674,36.264845735075696,34.53694731374631,19.915107296508623,22.428649069506854,30.368631867317674,24.893293704450894,0.9473872881106367
6.7350149250434646,27.270291189582313,19.839907561891227,32.17799710487175,35.251804032667145,27.359627590403996,31.926638401065112,28.370695683164318,27.905846499733002,26.0381247798324,0.8410396641809552
7.5610048681408,39.770739607147014,29.476301939041626,33.71106103991318,33.55421895001319,32.882993583076626,29.149275844527057,33.74396930247231,33.446863009282545,21.497266152710548,0.8887686738001697
10.19938319420725,32.078807129281124,20.73503131005819,29.05157558743423,25.39682771028087,34.38760868939774,30.61560771289477,24.11595276637496,33.12469414521099,18.139238151241557,0.918032892868264
8.674814379629126,11.398836290844923,10.740645287539678,11.518760451335892,12.238753156389649,23.659336312873627,15.371827104483463,13.618751972276224,14.793773004924633,23.06502739275084,0.7847215459273897
10.355238604212278,32.65614288029773,29.57228283221283,21.43600182155493,34.44323627068607,36.20617971545788,30.301883924597195,31.361738809472502,32.0402474466193,31.770116020076365,0.7724857037651645
13.970160947762363,58.63160460771772,45.23093920484482,44.3519260960697,48.771068473873434,46.002974318558685,46.16537894829734,51.223888861246216,50.39251036875729,22.345440017889523,0.7722045433276853
10.166322291529328,20.339439512814206,26.518078980953398,22.08277359700362,21.957368251475053,27.874370284726893,30.78691515040901,30.888937757327092,27.324197556616447,17.59811198799052,0.8540535658413975
15.385278851783088,18.521404422951413,20.72241021490299,27.386239223129312,34.6829716169328,26.52715284324625,26.090636368933687,27.332809453894328,29.5386413270349,18.982639951459028,0.901027384037969
9.207489144751857,46.040671890395224,36.35438767964716,40.91029064758069,34.77861255476655,41.86985631499577,42.60182323482843,34.84547506433581,35.20168414638913,27.387970842615164,0.9162165747489452
5.415937462121077,38.066811320411134,37.83415940257889,32.85535628478188,35.45666156272919,40.26873934007145,31.582316981121597,35.84642462212698,36.22045312597496,25.28192781291215,0.7526925959606088
12.31261804961861,29.211030546102798,32.2941780885911,23.421315961960104,32.972418521062174,33.9062915365738,29.37185556145537,25.72207921139896,26.211299814050626,12.782949216550602,0.7825905698584149
14.60650558644525,38.18069900732041,39.12697107292182,30.129006790773378,40.58002088576044,36.36535494147813,28.303398362774285,33.713960561212346,30.36789563332114,11.547933484828993,0.8510134693373128
9.051045447817625,43.00168746432794,33.45383321219686,37.3011205221399,48.773562832511985,28.118839788464292,28.251761164977072,43.12215178717863,34.108782539962874,21.14192460917817,0.7731598145873255
10.572477162500308,18.665583263602873,23.207720969427665,24.16316265485485,15.791486707991917,17.7045192993166,18.175618596326995,16.799376913351907,18.32135380921557,17.862185582998954,0.7125023173911551
3.373719904821483,34.198976763679944,41.28435270890739,35.75650619363831,35.94977114739139,29.503615276707862,30.990413220012808,39.417311130836225,30.635580771426113,32.716802772543105,0.845801079245718
19.777260840980002,60.301090841929295,52.8157832128883,55.40529673198131,53.90363523075635,53.117712664022115,61.080293826076606,59.78349401854797,51.788718955987505,30.365271868646204,0.9304020388535621
13.951471354595567,66.32335950933597,59.98558800172972,65.1100947987214,59.44562873641568,57.95486237222194,53.75705712692022,54.8184806840856,65.3193029751904,39.696969529797734,0.8271093486745413
18.03108132935434,50.811775854736695,59.38689836930716,46.98196548356858,54.22417738485152,49.75831905517734,39.79796484867975,45.818218590888385,48.169654455538044,23.827924713699506,0.8999878312602636
18.020753951511907,47.436488696290525,48.6025560107914,43.06621200723219,43.338620471271625,41.23731672435568,34.671996488564815,49.53849293568546,48.57691370857739,40.52060820589599,0.7396550617541842
17.397019032691542,50.99773589925335,44.4795337527632,49.33875471107108,60.586320728743715,53.726270147752565,45.32571511111943,61.326035447685065,58.72805087935411,33.22874542527977,0.714365564216979
23.217031566562483,74.79732526284577,73.02425231286726,77.42882085905435,78.5323359865574,69.03491455481357,71.92000433384605,71.29943281115483,76.75913071698224,23.90056631707057,0.7135736031788282
13.267240365993382,51.01579738866195,67.62584718544524,55.60057163577106,60.70044859075724,64.18098850474472,62.277761092902836,60.67534260433356,64.82792840963629,22.852558059837037,0.9431592358175664
14.297784678075416,54.11100116783716,66.35661058796859,57.81466103060746,57.00255335447839,66.75730479343198,64.16995058088422,54.54249004452681,59.94317327906842,30.692736957586938,0.9059722869560867
21.914184990273437,40.3068060043921,35.99413146232791,42.48768520782774,45.99161463441125,46.40019996641398,45.017038343731656,45.483796130626196,33.01375715765161,23.040452026660127,0.7418403973713151
25.155570640663406,62.95127749322203,68.34718802414791,62.82386922382916,67.78775050296734,60.80425893072927,53.65095235157374,66.29854971451881,64.79622932726078,27.447894739481878,0.8054943480362372
23.41393678870869,66.26031405402748,69.58833012595828,53.41344840200166,58.35301278598274,59.75723785658073,59.19180896050081,67.76941534646969,67.83269860608485,27.454836564827236,0.7150407256522082
17.45434472220644,30.651963114618265,35.04616915286218,26.64540866263237,31.91483390579476,31.768919347194906,26.64820127337539,25.930512696741733,27.78344031000083,31.940636952468545,0.7857171343347418
23.078923763722855,45.626798540246654,45.185899803189315,39.38693429083962,52.841184223412114,49.829298386660476,50.347218205513656,47.089206484231944,45.05716296106616,36.4773074093903,0.9450123071596488
20.58000913009596,27.720925944150643,29.774726118362025,36.896027634983284,39.05735809727034,42.178461832117115,36.52281982321033,33.7758300563855,39.333894264997014,28.48413148052319,0.921373301515618
23.414471078224054,31.23661543889878,28.43724370559394,24.632701603227588,33.41712163538631,29.883452626956082,26.962678998908437,29.227815313956707,26.004481655994947,21.89858136909244,0.932522896548823
25.37547422986014,39.74935349386489,37.35941154001321,36.0743309055603,26.985532367097257,37.32242790831274,41.95555906842253,36.304354338711214,39.46221527436703,39.75152823763796,0.7485090334916641
19.018831059074284,25.928115956991974,43.96317691545745,49.30192177442866,39.565545590906055,36.965240135339826,34.35360142195427,40.52870816742418,31.60502495254427,27.960184859967136,0.8732971980819252
19.49848867068563,34.004690922636875,35.318338216804015,26.023348544314754,29.136397797491888,21.906839083297122,24.60547055572071,19.4579984301227,31.395825295416298,29.565464256285814,0.7400558100067294
26.657511242747976,38.868694081790544,43.63090991615403,26.87912798604443,39.40067376678265,44.47154418444538,39.970274821213714,33.27085297196881,35.2428999501194,28.104469006893815,0.8374453885339016
22.14096264869406,59.42654753955732,54.539453389788235,62.81606276484031,65.71337102012167,72.18194250724495,68.60379585056683,62.702250671522634,62.1757164826783,38.67031032688704,0.9145118341409301
16.2772456419523,16.903897603060056,27.722576298253617,18.51607329867544,22.61125979527715,28.669004074453756,21.29489470899223,24.985941120877154,33.92508416955181,35.24860163709699,0.8030516049493033
21.825799333274237,38.28161036947201,40.360927730240704,45.96972072180474,46.38237762788177,52.93567467421437,42.56594870553783,47.83038711775115,45.53942183104407,25.28425445817338,0.9298556486928086
22.51039772593912,51.763382889628566,51.75671874467968,48.91641974681497,50.5357095892774,60.078543618154185,53.97544225864124,49.38172944590421,53.09229402302879,37.1039487422171,0.7950288687413833
28.913546782636985,30.522101008499856,32.30204006469461,28.968636368751607,40.615863048156335,33.869960297813726,32.00515346155981,28.46377764454861,40.28926743169791,27.07228600326337,0.8136104528730987
23.081933012419945,62.56771152361408,69.07986829996318,68.93414378207676,67.61195696898957,59.8604051056552,68.23075710356377,65.3443637576383,72.8602565042958,34.24967136182829,0.8461513865004091
26.699184640127854,38.45347196599926,44.91625452253166,21.06468630104566,31.999420457514393,39.436170962038894,30.92121973523709,34.24550278584401,50.36265200511271,20.053691316779627,0.7445714479592063
19.93059021463726,54.67028578563478,56.471256874663965,47.171575899991915,51.12785450342145,49.580226557039914,56.37372765454401,56.06666955399468,52.95757313853107,26.95719327190875,0.8323298817253377
20.758897824175733,44.747218100406165,44.32547650889097,48.578523319191184,42.22685103610724,37.93686258950389,41.27515197120373,49.15325694843355,56.08964674368196,24.827500268113706,0.8736123160435557
24.39230160886206,31.169200165682444,34.69157504113077,33.94719095580862,40.00235710459487,32.119809251377305,29.159062408726854,37.23600135693629,35.35426646817703,23.30852218819577,0.84485517793937
23.44597898792506,47.37975943130474,33.702360448665424,41.59844047514896,39.454324997377434,44.10616748022814,39.386358828789454,38.28549118787585,32.93637507964782,22.571888426800438,0.79797572356115
12.394454596776695,31.889176122783926,47.26586630789706,44.746967218738284,36.8630749713468,37.48359381683727,31.908742570513134,34.686892053555326,43.173637856430574,27.31061420706708,0.8454790127123744
10.494286470844706,44.32306826071828,39.1528679183087,43.53287685851441,41.28823261439836,44.459547884943184,55.554609274819086,34.76553859098489,47.98083513383487,23.439533702123235,0.7724223790974679
10.777556567551699,29.552417844512206,36.08065482822292,36.435450212329386,35.58365928811443,33.9375213720863,44.152205563775155,28.686586564660615,29.168785170188166,31.059341712262913,0.9055713673523339
16.59797524519456,50.08891800273412,40.753663562236454,32.07455777965439,47.57840626278769,39.350353784499646,45.43177131574606,37.87757167216475,42.80453787363319,26.25551645717708,0.9019989709028333
14.214103175007287,22.1299228562576,26.464410503677357,27.64690373511936,20.865135212027653,23.754413025481966,29.307509062782565,32.32141803473394,26.88824791677556,35.20272643256788,0.7247593892208608
15.513969609379869,39.411223546263884,34.48728653289635,42.65936244480067,41.43097680028753,34.00264703299316,39.19778000036941,42.111612564445146,33.49960800930632,16.844922940720547,0.8798549347685561
11.566737900799861,40.55891445791975,60.56675077375208,49.47602864094075,42.339947123536994,51.732426651716494,47.3855127490476,42.87185145907947,45.80428746393711,32.27319728517165,0.8151461227141586
11.554861731016581,14.779518941096576,28.82002005872124,30.289074056868763,27.06652350029198,21.479732921111424,26.59822010424197,25.414374259341905,27.846811387707398,25.10310373995009,0.7496840933908376
12.113420502639523,24.518516796699632,33.62680450264257,27.358039022467914,25.522553159299534,33.053265975428474,31.07578299826827,26.66012267991612,24.910863349325524,21.88324765221488,0.7269650788096804
13.748530558603086,41.53398967298894,38.979335543045735,41.12960075834928,41.156458878044916,41.08637990610805,33.92406206809771,41.766458952851146,35.26449984749778,24.49376393553644,0.8554500627379872
8.527219925462308,39.468963269683016,31.42940694410079,34.869810540132995,34.13678896184977,43.0266021622005,37.13983456737121,35.00631505480531,31.65952489379901,31.126618610190036,0.7344100228548752
11.91037866371791,32.26874421779956,42.266131266022725,21.285419228146395,43.04456800609624,38.86245960086873,42.36691513380817,38.02535727955984,38.23180102089577,22.445474611650713,0.71005438138371
14.402158344902139,40.03993257640985,39.64845087720122,44.51162754655598,43.5193947923442,42.13913396666204,42.16148843776724,40.49404941049921,35.63600640205448,23.739396492500497,0.780464749074055
24.933884729965285,39.05936647886399,45.11518698635,42.99296320129784,46.73542702188583,45.809470389511446,47.926704493829064,46.92302027115047,36.75885665543076,34.82477403984894,0.8556131967701993
16.72115639670353,41.27227985078113,44.11599446510535,50.85426023068886,57.44254723854574,46.70056072775723,49.59555281504611,49.04863432160917,43.67427512141555,32.999060799310676,0.8800953929373387
8.911732172624696,50.58500352053553,50.07475242983537,48.94306420554111,48.36185953302653,52.95983660671762,42.26913568890987,55.8952945764345,52.779564138340525,28.631451189300716,0.7864007361412779
12.940261523594582,43.903602739463466,42.05070224483346,45.81259259573174,38.27134628500608,42.45339401117129,40.091810633406126,40.278643516007484,38.171256713208116,24.609673514973117,0.7911165456909581
9.403227804951058,35.40956674563555,44.17038248855037,52.92868514359128,48.55531888881225,33.82641006498562,52.77520442627923,47.23820769099041,45.50861888005777,33.03510778522573,0.752481735544619
14.056575621335488,40.0824404479877,47.2064210531567,43.99251093939559,44.23127877608165,53.33125963810109,53.40631686732189,41.77870340172684,44.31716158884856,28.11003567236477,0.9071246924795037
11.092060422037363,50.797381687653086,60.882632578827845,46.84364135784522,45.86550778106453,41.86526151369564,56.85728694232468,42.14489458050497,50.26175964016035,14.484274000642978,0.8660306006590494
15.689206948352897,51.709386635830164,44.539935058015665,53.25079608848521,48.57068161206324,48.06027491755397,48.76285007087378,48.37096947798185,42.85250783307978,26.23668105697685,0.7638841921660319
9.952243168797072,54.49341102859821,53.59248184817474,62.370848299902725,64.67482976645037,55.04088048528763,65.91429027689607,64.70879403331121,68.2073351500334,25.249231768703684,0.9231232338017116
15.357203880824176,36.561990101826,23.88162943227198,30.958791706095834,29.323516553019562,24.206271987222486,22.989676462758478,29.9299076005212,39.19560391502978,23.86697524898964,0.7966890151565427
20.35983233199288,16.884467045944042,17.174238536421427,18.40403894750655,16.469202796613796,7.760157548370489,22.719725290453788,14.538994138190231,11.89394635150687,32.415926841827215,0.7873286216104133
13.458832594796249,43.95897299647679,31.719977964677614,34.6815164752189,34.43665443370261,40.04696427338356,36.86075003721801,39.419689594717205,48.3891521391955,26.09287023596985,0.8984447589578488
14.376638800592929,52.659207051608924,47.54847337911372,46.475384509791084,58.08129129591933,53.39186774284635,54.47165525959595,63.89005053298642,53.00870274010497,30.736862192110554,0.8168875554006967
20.40900510135154,28.268841604387013,25.539941998718675,34.4090621781808,29.434274047693588,26.83715930634242,34.2405912617073,22.790454762058665,28.14202998836605,32.69285589762682,0.818036620628348
17.072846843735782,17.855979914325495,24.093554342711133,16.170215954336825,32.00402799339564,17.369468383979417,15.777664533341554,21.58031364392599,25.77578003262858,25.45041935631982,0.8179017996242925
16.83650989482386,30.893369911950373,36.905528765933454,30.210326733856768,41.55301277200234,24.66013879763951,27.688958862866727,23.821557112229364,28.00247002371846,29.4223341241219,0.7800096415823188
18.998267275308326,29.547801210098264,33.02513348768092,35.691286482819244,31.993108452693225,33.30404465182662,32.803486434464894,34.512024780316835,19.258786982701935,32.256828760002186,0.8071513222935587
29.862581872396014,67.85740706419,55.344815768240196,63.26857104536938,64.79105200987132,64.53348321071104,52.03540692602097,61.11802736708826,66.71795029226726,30.338751811012582,0.7696088494733581
27.352922246657535,38.61818699973969,44.84529867640401,51.96933253069024,45.361312404489254,48.420976735829996,52.93599677125492,39.38409762325079,46.92779664264138,35.417804631237324,0.7910133958987366
24.022954111608872,73.94446407697896,64.5279947595491,72.95055679154314,64.7660009966817,59.34861344322957,67.00360633727149,61.52880409316589,64.33459244440094,29.96425747965822,0.8601692777428364
27.611389308342183,49.540120120964545,47.17393292844088,46.66280860422921,42.483796155507754,49.55698237328694,45.27366830607833,36.0668707478072,49.13235298822054,38.04000239110733,0.8783769233884173
21.69876028222828,46.25241523042157,42.7829224485753,49.334223348776845,40.93868036993435,40.31586811480835,41.93534620432812,41.88852404760458,46.90678588619731,38.83553428339621,0.8286710127973781
15.548310715577433,55.93924369078747,56.16202898685237,54.198797633380956,64.84623902999108,54.11778422292709,63.489154785138496,51.37210517835852,63.59456108469095,41.31646118324529,0.7150394479623792
21.16768159102996,47.58548513542032,48.79351202708386,46.9397781043315,34.30682638662807,38.62923058685621,39.36831598522044,45.13494822464271,44.09353395142438,26.200146748474598,0.8103963686026248
25.365272674796866,43.74419574671124,35.84803552090609,44.06705873691163,35.81260340341355,39.88761916110878,39.974474136638925,38.475307876398894,46.738702113441086,38.295347602409706,0.912527033588679
32.25800868091097,51.16951648409584,54.7763614125633,49.86660954689352,46.80212244443106,54.14022391306235,54.73745523820623,47.9248397618136,56.93680121866664,24.859424861031954,0.9475782977869672
28.08639082735195,43.77972248873278,48.34352282651276,42.70116939588215,40.860440436240935,42.89861939007796,42.6692579825142,44.31573949954472,49.06603928544582,33.04872196797898,0.7452381083951343
21.090647161782172,25.802284193306807,35.976427563824764,34.626498585163056,22.989561266420242,27.325999181998775,28.648790112805013,31.635768480429487,28.008002675450847,27.85874475502171,0.9075154498627648
18.03312153246364,61.97491937310941,66.66243893838583,62.57015943069923,53.28490679081029,66.62426279154356,58.691711152611056,65.752713045275,60.766313702904014,34.00167932566837,0.7428869365152794
27.996113127576265,59.29603876929056,50.79976594619934,48.987579398955766,44.49426287482173,55.051701364134686,59.8141551656286,52.67420616605422,49.21897142973739,41.75387110576936,0.8489298077904501
21.594858608466556,44.12044909683552,30.79736616787657,41.16634179300892,36.10840018525104,41.78230534788019,28.839603429445056,44.24000010073841,40.619684296158745,34.216347566631676,0.9009864630484422
20.605706666447,61.83862237749995,60.97454933794469,68.11162644661685,60.49832637194867,67.8163806458978,63.66635915660481,70.99017243593926,69.21134299307126,33.10523968093019,0.7877631095224802
15.244489735931163,64.52248572856111,67.86807272384682,70.82903440045297,68.58734630914897,69.21743699967277,74.56531560298593,61.89911046999896,61.34021580356844,35.84781906716055,0.9259470885166478
24.975280483784257,43.63169543802243,48.1703354333997,47.227498977485965,48.512302314462055,36.51191013075302,48.998468108501775,39.13295084078591,47.81577840630442,33.12563575252542,0.9125812420430425
19.809194076655963,59.1075593121888,63.9397941937046,54.29561005453711,62.19188254571355,46.610323754288295,59.43236740859289,55.48992575080832,61.0482027233198,34.51960991965836,0.8166062791854409
32.63326011480739,54.68064646123138,54.217656109955314,51.87510228350779,55.27270434217167,52.59626506213746,65.54837333639848,58.30395028074261,58.131465654586506,30.505838684592803,0.7647204036654083
24.4590664183773,47.25109414781026,53.16829564665937,48.303625570120474,37.83018762899046,40.04869396014267,44.550959381846084,39.67088595043368,50.192071284985694,34.55859987750514,0.7417158534395764
26.274801324448163,60.611316387033334,61.53719511120669,62.398325562721396,52.990479307090304,57.32640884810147,52.779524151902486,53.63382114508827,60.54494866792447,31.443540354214463,0.7990123089929293
19.09253769719423,56.287381972238435,49.293163763276816,51.36818987030626,45.30215098784609,54.99958522069263,54.41469660813629,46.50714417782514,48.71238361700667,34.799076929822675,0.8758262774115155
25.939198197961172,54.970172504968424,69.24998699234484,71.78338286161329,56.83423173272702,67.50556724358553,68.2884136922264,68.1935152081937,61.51787053866136,41.31035348378316,0.9249752507222702
30.632270246712444,68.61767812688655,66.99354347202592,83.57793502425207,70.66663484423214,60.42312213736952,64.91464072876022,74.78559919915422,70.35586642949269,35.78335521637642,0.9446878181024689
20.982784327226778,46.11331268106203,43.16159754744667,45.409963024800305,44.42812930332583,29.300162990958118,52.23309260028399,49.33089217563206,51.183929725361935,37.13542881487638,0.8504113811587948
25.54585693328729,27.723502743422813,30.960393430172985,45.25656521832948,40.314373198384516,38.84390653303514,30.40095403764966,44.119349136373316,44.125265720712186,36.6725127224199,0.8182358757472384
32.1391189486765,56.59196948833301,46.99547648369259,45.27479379257854,41.15949809166891,49.67337446306127,53.145012348795234,47.699258051612766,46.07978805617788,38.25938922357124,0.7004742480567652
19.067912413098707,46.12098914704954,51.02018564713194,40.182391389773585,46.09535589152982,41.81788197612384,36.815714438174936,49.68148880423573,47.97404865788196,35.43743527421464,0.8969611540586923
20.101845645695622,47.54241299117635,52.94797405206196,52.404913540142914,53.90257564326264,42.37507608042854,47.21405677846686,42.90668320876772,53.63512041969288,30.83569773876758,0.9346078666382122
28.218210551708566,54.08912848134145,50.00611218765654,53.074443996930555,68.6280312211174,51.07164749827727,54.700316216326975,51.68129755674344,55.72077386725498,29.8940128329629,0.722372326811729
13.379214272268575,30.1863335202305,37.80133013443548,27.89250622687336,31.31642674945894,39.62323888714659,41.955867542651546,33.95067804753254,27.559367866735116,20.19009313225893,0.8309734906458907
11.482964187597398,44.496300923761666,35.14727416084855,34.771908581640794,32.325596534191675,42.634280645578265,42.68636940909802,37.45016535132857,38.386402068832105,25.058621348457272,0.9340590501092172
12.867243565138779,24.640278206840108,24.065669870638178,26.168982179165393,42.12227891895999,31.019943737013822,30.36281801856474,28.671958331888487,30.055649393711168,30.62403143610991,0.811957775124144
13.534792991613006,29.298706819835,13.158271127992622,32.726303969215245,27.068175996434043,23.98124301268774,20.166271310921122,26.02863737943525,26.81584081160343,30.235705901851667,0.8528251661795101
10.974713431201165,27.798265031313637,21.719634329711724,32.03743168270056,27.61932612347506,16.29227483758423,20.594708201335436,24.426667940561305,20.667632728572734,22.472827114051707,0.7718580339277316
11.422176387286298,25.74169989957034,17.55530195802069,30.553930225585418,23.204341401521344,20.334809783950796,24.544130180801705,27.139089425269624,27.986264912793864,25.272824114625106,0.7260141532295198
15.427450761632144,40.39414881368269,42.47357303201119,58.04889195186408,37.97115561171803,52.15694183859698,53.51242425826456,43.25761623171465,46.77862687293997,31.636886461048924,0.7340236959001059
7.279653131289792,26.466419259754105,29.513375273190167,32.39111421477631,31.542448731479304,28.286810684668698,23.92660519011581,30.507159872111266,36.789486868167785,20.87928998051845,0.731516449086541
13.438469542094106,11.04129077847569,7.533902806835304,15.138029916509616,7.430696487319603,7.286595123528267,0.7409275365907586,10.03756537926509,4.514517862713312,25.657255765795963,0.8114845234010062
12.192886202288081,40.257674694850785,42.39899219157411,42.08567533539005,34.66197210318951,40.84092029371879,36.552761934822406,38.77072729051805,38.48807763978739,32.7192609694212,0.8613369215969038
15.779718247464997,52.544866083578555,37.037814382207245,49.57207823782638,40.30942888018505,41.98806408942258,50.400065063108386,47.97739930323719,44.658913373800246,29.214820438837922,0.8224740495729324
8.551499346140645,33.38626323648041,34.75615254913131,32.202632553656926,37.659790372253596,38.444321067296734,33.23044407159896,34.18202117706668,32.54893670119621,30.55241398257557,0.8070597536831465
17.016408138827373,36.753073272852575,28.425903640763114,38.989039525389884,39.10231490886515,20.512469932853456,32.93797671577494,43.72552676587402,26.124022372452156,32.26212518072618,0.717405925793043
8.236691342274922,26.194703028418232,31.62139366964011,36.480938169668704,30.211997362873277,45.86821530961451,41.4297352543514,39.58410663850321,34.98919839177999,30.822053205284874,0.7705047263908145
15.752518052705913,49.15465838653839,40.52711981301428,49.503026733162876,47.36046950361292,46.53598364681401,47.21641450273949,54.60030326508877,46.59666266638898,23.67943391144456,0.8805006811984746
16.427466238943627,45.580748782759684,34.50444075750369,46.70765712726358,35.95312099367795,37.617806264355835,33.03450180128903,30.36428045689521,35.50969679510653,33.48754391064142,0.862727748292511
9.919975671251908,30.210245559411675,20.7472298810642,31.978894882009122,29.791253930413138,24.911015881499313,31.167948461275778,11.277564770873255,22.912426780135462,35.42747665612354,0.7786577931372849
13.179181087481657,50.74020298424297,44.31817817839301,47.48057149427153,47.628945565058004,38.55345315442129,43.349121326782594,49.621646417303495,37.57982674754494,31.608903739974302,0.89932506270752
13.619452961905573,24.35543723010831,25.09332140366888,19.625720904240396,16.69745594168812,21.356269425710483,22.36178236434991,20.981397510824845,26.67181185425777,29.97575024826797,0.8363928310176266
11.569638148021578,29.477165355940123,34.443331256567156,41.99072403375025,42.24182981907632,36.21103045618285,31.010082488265077,31.765295196102095,39.09820527571788,25.110836993428247,0.85582051165609
12.4741782230845,46.45637847174589,41.02420628481531,34.174830962651335,40.637739015510896,42.52516134097495,39.76808909244782,41.842216828262956,35.96670204780992,25.849906719539746,0.8818249315113627
12.948603532268697,41.13903661467227,44.06618090790331,31.905891787677287,41.99852969796956,42.739352963555525,40.81663227077856,45.71430164828003,34.72851755916882,28.410828650476454,0.8108567523156862
16.971183981499486,44.69016013129161,46.16474825602233,45.63534089958635,39.88117800491384,46.145380254383596,41.43930430770677,45.904399539909456,38.13562532304897,29.153887497861085,0.7175148264927342
15.535006902908096,25.17208097503858,31.270570886971562,34.55006717188481,37.867760017425255,35.17583123403755,35.453248934649764,31.36636071120367,33.6869293203054,32.93485342344617,0.7727316429035269
9.7539506942102,26.215314841479646,34.00936535720733,34.86580491715403,41.385175116994986,43.153069963330864,43.80249586706029,44.16416642756388,48.135545361917295,27.077296544745803,0.8972721518068332
7.9653570761923795,29.090444667795666,27.08923384300972,22.998357142172388,30.27759577415384,35.36189774990783,41.049504045372714,32.25589784574304,29.07070943525994,24.880812392249513,0.7897447545108144
13.154423104638147,32.989958645799305,35.394233096196714,29.75836373582453,34.07090639867027,28.905588432820345,45.611352585478976,41.051983774031484,37.61931695506984,22.78697405989828,0.752352992494912
17.40001833140959,41.26246308452673,35.752660401607805,39.50763425344583,31.561140260868008,38.39380611853519,35.14685937333259,38.01516048867843,36.5363255753099,33.17153641755166,0.8475913941836346
5.2593525228270455,36.842734636993306,38.05373391820747,31.918274367048877,39.783069032881066,39.977753661732145,27.491172689346797,32.749884617491894,39.08451663108831,33.226250875516634,0.9062751484136253
10.767403736145498,49.00925579188882,44.32257001462239,41.84483155075565,30.573094708752805,39.09081108599603,42.333988462473044,41.44281070172151,48.73394809059694,28.102635400614183,0.7716035234795198
