HRV_SDNN,HRV_RMSSD,HRV_pNN50,HRV_MeanNN,species,target_hr,SDNN,RMSSD,pNN50,mean_hr,std_hr,VLF,LF,HF,LF_HF,SD1,SD2,sample_entropy,approximate_entropy,alpha1,alpha2
66.15813684906493,52.92650947925195,15.0,615.0811147768161,dog,97.54810960465136,66.15813684906493,52.92650947925195,15.0,38.14900528273082,52.77605563858311,59.11731745039306,53.758264737246215,48.46351766575227,52.69671414605094,49.10108675358667,23.215141815164472,51.60696165710258,51.69800304314141,49.67009289223875,49.153026911944806
43.34011241234674,34.672089929877394,15.0,657.1563281825041,dog,91.30247617936188,43.34011241234674,34.672089929877394,15.0,57.374028956891046,62.463970366095296,32.55167331073216,51.98595943294113,38.63352783039778,53.054827148114285,52.07938375600919,48.40064751948425,56.86923995322613,28.683475815533463,62.13097395498995,54.78489197737218
27.11726178165027,21.693809425320218,15.0,435.3100452316653,dog,137.83279448115866,27.11726178165027,21.693809425320218,15.0,37.11898020509949,46.04405800306711,44.37679379605026,34.67071484361473,72.49037649737903,63.580728933409716,71.72045864050882,39.24227766152751,38.19229836536894,45.82614275087926,54.358541543233876,47.709379680175225
84.31578891049153,67.45263112839324,15.0,568.2887235623695,dog,105.5801347313115,84.31578891049153,67.45263112839324,15.0,42.403123928335866,57.78860607602694,50.06508046821187,53.88342256111719,53.19241564013061,76.20366934118084,38.288071694045996,55.80955787739653,38.94952852568727,47.03763398442014,41.0295450778185,61.14623948548065
37.10261589444055,29.68209271555244,15.0,853.6475076143125,dog,70.28662236440181,37.10261589444055,29.68209271555244,15.0,66.6393335837411,32.47303138482127,55.82153725202724,47.48883691579272,54.49664767674538,50.430894200281806,37.62867142863618,58.69295445618616,47.00791106820573,49.155887106026626,60.38031417025882,54.31658653304444
60.21525241150181,48.17220192920145,15.0,649.5807497522115,dog,92.36726923155827,60.21525241150181,48.17220192920145,15.0,38.548780951522176,49.23048345235872,54.34126793848214,41.601840891090355,47.620027663839686,43.60060492817789,57.08659646673534,55.95453703317282,49.23214868135791,43.414393459537244,38.847038305881256,37.875385988428064
53.20958231595906,42.56766585276725,15.0,569.6429929061807,dog,105.32912850186136,53.20958231595906,42.56766585276725,15.0,58.42375312792508,36.768703088496245,51.42318166102876,59.26592701209253,46.90835273527142,45.384267199274305,48.098618738187284,46.96834341824314,52.09846704428759,39.65102165284415,42.01735297408835,43.51707554108944
12.964647471179788,10.371717976943831,15.0,555.6755009358093,dog,107.97668765125404,12.964647471179788,10.371717976943831,15.0,59.90154842505674,59.04649472112935,55.71654064521507,59.15207451393306,57.13565192626274,46.763400912472896,48.05332789157023,72.17718310124081,63.38568329224541,55.87013818994447,31.05774167079898,39.7989597102864
41.60153391567619,33.281227132540955,15.0,717.2661014730775,dog,83.65096283900166,41.60153391567619,33.281227132540955,15.0,53.12772564948801,50.301409209510126,61.249804146336935,46.469403936331894,59.53549959275447,64.89595083514034,49.176582783829836,34.59519632108049,42.32142095690418,53.60729926008675,58.02798113228769,55.80550053797392
50.096701488817594,40.07736119105408,15.0,494.1984114008729,dog,121.4087269724761,50.096701488817594,40.07736119105408,15.0,61.45216723500776,36.040170207716216,40.22564105490598,48.304889536017804,54.10958900502947,54.96226645119907,56.49838832593352,41.25823086227169,40.64177343138275,66.40225638638451,57.65706827710976,50.429115870189136
9.172450762208278,7.337960609766623,15.0,544.6677060057592,dog,110.15890852057525,9.172450762208278,7.337960609766623,15.0,39.600411053274,38.475957021535955,40.31296288763764,57.65421951607728,36.29526436567441,55.70914473318031,51.369933002282764,53.91425858161287,75.70659362603152,45.09822988990884,63.29242740069036,42.889915991534714
48.291062763584115,38.632850210867296,15.0,671.3664431441916,dog,89.36997166406424,48.291062763584115,38.632850210867296,15.0,46.785610719616095,68.12807306061278,57.26649660539694,38.411127988530595,40.541312591551474,20.97854944689269,53.78333166439273,42.600425627424734,40.27092708229186,53.63260084394662,62.83878225315161,54.653931893906744
44.113929988049954,35.29114399043996,15.0,682.949368291622,dog,87.85424335348351,44.113929988049954,35.29114399043996,15.0,48.34837835932177,49.17991670517664,61.31402257715337,51.54514858130834,40.80668316630727,50.7634657519634,49.22960200592193,50.12666460346076,50.73005013871207,41.35738945809729,69.49326145558888,56.80125368789735
70.8080319500825,56.646425560066,15.0,466.29970982150564,dog,128.67260848814882,70.8080319500825,56.646425560066,15.0,37.10810431295688,47.77619214740715,55.86467842030015,51.781589054669,74.327542611187,37.52891232381357,43.12240684123206,28.404164281625874,48.530961214589475,40.4601026947979,36.83642013342805,50.1411734731735
59.53108939055988,47.6248715124479,15.0,561.9835663698358,dog,106.76468777828033,59.53108939055988,47.6248715124479,15.0,65.2007754282633,59.81155438905057,41.57181259349089,41.471837391132894,54.41709085752978,46.59909202985331,47.44514123057661,37.31364267587286,45.572672341781434,53.3414211462721,52.07607976326839,44.07411471615826
53.262057850285885,42.60964628022871,15.0,673.6721866370788,dog,89.06408961236104,53.262057850285885,42.60964628022871,15.0,33.61352312389026,45.086402634528405,35.96772125216347,25.688920600900683,41.15926824409313,65.23628858122784,39.03835556937977,47.558234971185406,50.21726179378471,34.441485824894656,55.99652817141231,36.10916228763208
62.47811624405796,49.98249299524637,15.0,454.4291313505706,dog,132.03378890274718,62.47811624405796,49.98249299524637,15.0,55.978995416452136,28.42291068729084,48.309936556950944,39.24227247752283,46.05562546282256,53.420901182946274,54.975975479727616,37.29481740272857,60.82736351177964,43.593001596845134,57.32536149509029,52.29754836700258
37.72165812093869,30.177326496750954,15.0,469.4370985799639,dog,127.81265089934003,37.72165812093869,30.177326496750954,15.0,56.200099185827966,43.85137817810884,55.06040724565874,51.04970616487573,45.31808364856521,38.93668565867303,55.10870553464216,33.979669786447985,55.26952940909081,55.21777249510559,56.577407958787056,41.366298361328354
43.969634952525176,35.17570796202014,15.0,596.0911793817647,dog,100.65574206655587,43.969634952525176,35.17570796202014,15.0,38.30291671797613,40.40402229400893,51.15937199374411,46.78044611110375,39.46649676811697,46.24723193683766,45.11077136960984,55.92150673760367,69.16295962101879,43.60068311558534,51.049353804141546,38.136536617783676
61.782708178139075,49.42616654251126,15.0,627.4717783879645,dog,95.62183044175435,61.782708178139075,49.42616654251126,15.0,46.13508607937339,37.11019671920378,57.82738589552122,48.7994820067852,60.44643670888592,46.48559015423826,44.615489593447165,42.953001328673125,62.3885484335606,55.20138619078832,58.07486753517333,53.532254468919
59.20720126251135,47.36576101000908,15.0,406.4469400401296,dog,147.6207447744004,59.20720126251135,47.36576101000908,15.0,42.539507189967246,66.83247317620977,45.08691870294812,48.31314135473002,53.73318399278145,52.78821151323007,48.62884583672858,41.703686351390715,48.71114753531987,51.32451879781116,42.62447366022937,55.72821438447575
68.29826175794658,54.63860940635726,15.0,892.3139881098868,dog,67.24090488270045,68.29826175794658,54.63860940635726,15.0,55.83676144454157,46.6821166934508,58.990564487882324,49.30279924228245,55.456188970601204,42.21945472936446,46.23014697701957,61.84086762710939,59.496084996155176,61.05566191984874,35.4216699679008,49.91211370417747
67.92336877979298,54.33869502383439,15.0,565.592700456255,dog,106.08340587068913,67.92336877979298,54.33869502383439,15.0,58.52499774302984,48.15939487372736,43.20018166466888,34.27352151417379,56.33049977176215,36.28515971164283,44.06941086302528,67.31514107055636,39.75904530422689,83.04106594527484,57.69638085293145,46.90619348302996
45.913591821128065,36.73087345690245,15.0,702.7913756486097,dog,85.37384219410163,45.913591821128065,36.73087345690245,15.0,58.97850195611977,33.69559826554174,58.761527570895964,51.61684672284824,76.39625918542698,60.60429879556869,61.3960096634808,47.194374388331,58.78938859612373,56.79553097459139,59.80531359660012,37.91185322744383
43.943342087931875,35.1546736703455,15.0,689.9219612741723,dog,86.96635759961877,43.943342087931875,35.1546736703455,15.0,53.9010717121811,39.554889538759845,42.411235365200476,31.830680126445216,51.089198362937736,62.06784270346337,57.226618273442796,64.29384936859168,46.97652490162349,41.009569643796034,40.96339850776388,48.99049706170683
30.64680728170959,24.517445825367673,15.0,584.2119809497501,dog,102.7024469824435,30.64680728170959,24.517445825367673,15.0,61.79693932427753,54.662134514617655,45.31767921087377,47.181875041867315,41.39504992042169,43.56533972699167,46.27563173111196,38.267469407575575,51.62276014926869,74.94130089057566,52.26229791697499,38.862094071187315
42.546014753954466,34.03681180316357,15.0,644.3630729194737,dog,93.11520557525527,42.546014753954466,34.03681180316357,15.0,32.80133148598267,55.676394064681034,55.34002030360632,43.4356737875073,39.43767536892005,53.942034888842834,55.91838764571151,37.103676761498676,59.88258012697211,50.25107971828734,60.62738731204855,56.78289200984206
31.786001898952673,25.42880151916214,15.0,740.33441551292,dog,81.04445604954171,31.786001898952673,25.42880151916214,15.0,55.540520313972216,39.61582602447362,49.08115757046381,50.950481364300906,51.00196299259583,47.86882684517153,56.074324112257045,62.54421221607767,48.0045962452841,51.09882294233101,46.53719108208984,38.14854171525912
102.9488461326668,82.35907690613345,15.0,474.6697041509687,dog,126.40368550025893,102.9488461326668,82.35907690613345,15.0,41.34232560224321,57.62741774916668,47.93358756413791,46.46426925969637,57.04922321924728,66.158804622738,35.863523958636044,65.71323538348267,39.9473767612887,39.184850033699135,59.54932685948343,26.11184902711277
62.31376923455585,49.85101538764468,15.0,458.546027910111,dog,130.8483692977531,62.31376923455585,49.85101538764468,15.0,50.89215728071808,53.888088429924686,56.675866681776704,38.57908750543707,38.76577365834454,71.53912937908908,41.37218281908837,48.070805548033746,65.40586335705639,35.97565965755281,60.385325311442905,53.224372229880025
56.849750478481944,45.479800382785555,15.0,481.10749263643066,dog,124.71225436794757,56.849750478481944,45.479800382785555,15.0,64.59146730317403,40.259791459876,39.66707768087883,38.90277345325055,54.60456903935548,45.47592815366907,46.017292515321984,61.20497985129342,42.33721214439511,55.50900593357149,49.47656041762781,53.12403302487333
41.35433449060011,33.08346759248009,15.0,713.8966307873609,dog,84.04578115717626,41.35433449060011,33.08346759248009,15.0,57.06497298694869,55.17648615611692,56.097515270814995,54.68795748361256,48.11835767396651,42.727206756559,49.836898875422285,51.97087446430063,25.80791171063194,36.615794160955886,56.06220079831487,53.47680634654885
40.58929996787334,32.47143997429867,15.0,588.838673301965,dog,101.89548125897488,40.58929996787334,32.47143997429867,15.0,57.3708584909269,38.626099428014584,75.4898857441603,37.421072448996775,45.74069901470448,56.82032971902777,53.083686577669354,43.27521148279276,46.50264869690977,44.23245682040907,49.833377451642875,38.65650780466763
43.21590159843694,34.572721278749555,15.0,536.0312756619413,dog,111.93376715921364,43.21590159843694,34.572721278749555,15.0,61.01774094803227,43.630273535102475,36.89641517750657,57.369994087013225,42.419285753362985,54.27172707659518,32.45613327434002,40.22899936278131,40.992987018935295,56.995810811988996,62.64627813399604,59.27446422295557
27.5134326391836,22.01074611134688,15.0,586.1883804517956,dog,102.35617422807994,27.5134326391836,22.01074611134688,15.0,71.97959398629622,29.472508489062164,39.756730430727956,62.59839695363155,48.83807725927088,48.21402664312102,46.041506659600266,44.74357502201848,33.637892733554,27.29337644973902,41.62058310698601,47.71659355769986
39.31665986887951,31.453327895103612,15.0,599.0495107760157,dog,100.15866622155372,39.31665986887951,31.453327895103612,15.0,35.811868571142085,55.90619540564859,46.69360601054854,48.22823779285632,51.294554706635665,39.830600205478405,66.1218287836379,39.66308465177987,38.65961182504808,46.13977943816831,67.88380363444209,44.27804410464299
45.15528152411044,36.124225219288356,15.0,1200.0,dog,50.0,45.15528152411044,36.124225219288356,15.0,50.88547987551736,47.525104513131915,40.700328168392595,45.41139680535049,43.21941517364634,40.3501770497187,48.141008096103896,33.18453749501913,50.46607073659298,59.8584559502395,50.55490082585645,41.59576291421565
73.03895451495976,58.431163611967804,15.0,736.9502224635338,dog,81.4166251275797,73.03895451495976,58.431163611967804,15.0,54.40555392224705,58.61448467138779,38.856887590141625,61.03726131193891,46.009772002525914,56.845610924577144,38.24561202264478,35.676510470632095,48.841770591065895,53.31577719113592,62.0183260303901,53.471900624787054
58.99068013707429,47.19254410965944,15.0,587.749929108444,dog,102.08423179397708,58.99068013707429,47.19254410965944,15.0,53.53680276119023,54.22478009125793,27.954684253689713,59.34163119824187,42.78761852915426,55.56772564589785,39.70765154829253,28.778055043241775,54.66678083254126,56.15708118741694,68.39401382981443,50.32388115726092
39.577870938943946,31.662296751155157,15.0,638.6970699719894,dog,93.9412482393748,39.577870938943946,31.662296751155157,15.0,68.82254709417997,44.33709640219766,66.76190979976772,57.16576330559374,55.83472138921715,68.38299837278156,46.283460406954,39.8594819179754,44.99210806141245,54.32111684876877,45.718936818601975,50.75847431766513
50.65270778071592,40.52216622457274,15.0,532.8232832502845,dog,112.60769167967467,50.65270778071592,40.52216622457274,15.0,38.1369854423158,35.897497845184986,43.201390427477115,62.67987375219542,48.33594820170705,71.69567542510458,44.21392469808731,30.279368887708692,49.02572660787672,64.53961392957305,58.31536294324393,63.79825260629207
57.36929668389298,45.89543734711439,15.0,722.3627231973245,dog,83.06076445144869,57.36929668389298,45.89543734711439,15.0,25.76141143672663,62.591450639384064,58.507612145954596,37.80546709479934,48.29693287854277,57.682676683234135,56.28306941538018,60.62338208881173,54.25924753241339,45.52373734706231,42.82434833602314,53.58808260072932
67.62447812387038,54.0995824990963,15.0,537.8756365525616,dog,111.54994932390242,67.62447812387038,54.0995824990963,15.0,53.60770899682514,52.571058524827414,46.01424540721626,42.02528645181002,36.62507790019565,52.426240372867525,65.64766429835407,48.49883520264522,47.05204309620022,39.72525341191459,50.63788620179121,49.02044550503866
46.18281464056869,36.94625171245495,15.0,526.8947744534972,dog,113.87472965969884,46.18281464056869,36.94625171245495,15.0,64.85459215419262,52.17959203084502,45.11432418065152,61.70736430776817,72.8423643102275,45.446405145851585,36.95541631005074,42.537635502754966,51.46073563521749,55.46600062198759,41.81202224238662,43.870275094641286
71.03961958854646,56.83169567083717,15.0,624.1444414716129,dog,96.13159392805214,71.03961958854646,56.83169567083717,15.0,64.60761500047646,48.70593434423382,54.12522629209713,57.59903846564733,55.395234630126716,51.79174151898,43.66312084734306,34.25576126791623,52.96828539844111,52.794326158009945,62.79528908996056,47.30249949179948
97.15117183849263,77.72093747079411,15.0,566.9118138133268,dog,105.83656670763408,97.15117183849263,77.72093747079411,15.0,47.41337234835864,49.87316677545097,62.631127579831514,46.79571363795405,48.85809528498813,53.73628440236156,55.632631488242055,54.73929470087118,61.58021380249023,51.72521669394958,49.67997662861105,32.55110363555883
45.78014233170448,36.62411386536359,15.0,519.6329714086503,dog,115.46611416390424,45.78014233170448,36.62411386536359,15.0,43.91366844954722,54.5862474435911,45.465898665220344,59.56313819565246,46.42548910369168,55.41210947009709,46.54221181874592,47.521692906419766,36.823316108399204,60.570890369884744,55.4819416632842,49.602470278298334
42.85239190639631,34.281913525117055,15.0,628.3166660819063,dog,95.49324924667604,42.85239190639631,34.281913525117055,15.0,38.3159347079614,54.76052548203257,47.682710113064644,38.4123484859921,55.3200412168641,31.1623000076969,46.41456823043655,43.38078469148795,51.89766509007466,30.391444926498018,45.570897620522715,47.42769483983277
47.7783205811903,38.222656464952244,15.0,711.1166477446848,dog,84.37434307056478,47.7783205811903,38.222656464952244,15.0,64.22294962144869,47.61491222479102,53.31653976723341,51.91003631319468,56.12467844629686,45.79063846743843,45.4948373464989,46.97648351435315,44.515134752438186,57.868415053902574,61.31378278126378,61.81073580017728
56.240220809443095,44.99217664755448,15.0,535.7491945694661,dog,111.99270219755843,56.240220809443095,44.99217664755448,15.0,43.515690527246505,44.88682961417908,55.49060745849744,42.645487632180206,32.362153299458626,48.089249846093495,48.71701008642508,44.98996666318122,56.982176865605,51.94265268229981,62.04198260994376,51.77875251668116
44.181996394457485,35.34559711556599,15.0,643.389621137532,dog,93.25608935673878,44.181996394457485,35.34559711556599,15.0,37.08589945209793,63.454713306261326,59.52240895355183,31.162942505429005,46.59448150959928,58.80671911230802,35.215757160936676,62.9825587659918,50.99827354124183,35.43146859733948,45.39772970126745,51.22167859703927
60.56502137313008,48.452017098504065,15.0,470.6796314715598,dog,127.4752421565653,60.56502137313008,48.452017098504065,15.0,37.46055574267403,55.895234447251184,39.961881160201585,55.98742819448316,48.98007644867653,51.04907187687395,55.203810443122656,57.93841406302972,42.839684399197495,49.77379794411556,38.02686722452806,56.460524593593995
55.630495580175285,44.50439646414023,15.0,866.6752952301179,dog,69.23007997368717,55.630495580175285,44.50439646414023,15.0,48.50306257081408,65.42598920686936,53.37545603981518,57.03545741898389,27.609643915552375,43.11921950825922,43.380522088736136,44.64215139522503,54.56078505440684,38.774450511405085,42.35404930644809,47.604340644601116
44.834291774583036,35.86743341966643,15.0,610.9900286159158,dog,98.20127529072583,44.834291774583036,35.86743341966643,15.0,60.01172091349922,55.77089380363073,46.64865898700554,52.422904384251986,36.357574969064736,45.88685834880663,52.923011644726515,60.66260971950773,62.67611746646063,41.31833858500818,49.02922008708364,54.896694159808625
32.210768562137154,25.768614849709724,15.0,576.4699408616415,dog,104.08174953635718,32.210768562137154,25.768614849709724,15.0,51.75546634002023,57.90353346649276,48.483856421604145,45.740703791709386,56.992270549223306,30.978435685186763,46.71252380397158,39.09454377041417,39.529695613067126,53.56169968163458,36.55190625350985,50.94621314926768
56.53344903710067,45.22675922968054,15.0,658.4300072611048,dog,91.12585899537625,56.53344903710067,45.22675922968054,15.0,50.62651511764904,53.40875967497317,54.30898749871836,51.27987121922426,34.83822544501422,43.57220433424099,44.71010987780025,47.93923494054064,47.046012155035825,55.23371128149634,55.92796134354413,47.93104477880425
46.91598683406466,37.53278946725173,15.0,523.503037652754,dog,114.61251546700431,46.91598683406466,37.53278946725173,15.0,48.794825507389454,51.831491280602165,53.969334024836755,40.064588121767905,42.39164736295234,40.164032046667906,42.97798625161032,61.77346673584593,50.83508085564797,54.942481435029514,36.5822420275207,76.36392293828615
34.31232511643069,27.449860093144554,15.0,728.80503415562,dog,82.32654439539498,34.31232511643069,27.449860093144554,15.0,51.58178133081,50.57618607931781,45.8111867923009,58.72425710616751,50.60112780510258,31.760625444076748,46.04767745183163,57.990128091501326,51.60207244699829,65.2351799261781,50.59861268132146,52.95495280874101
70.52038086499769,56.41630469199816,15.0,784.63357601543,dog,76.4688152968107,70.52038086499769,56.41630469199816,15.0,43.59573988605523,64.71576198910581,44.1148495719369,40.273143964749714,44.827853099811755,61.35757008575372,52.154813429020194,58.23927141740049,54.78546965022947,60.32012955034,49.50714541032683,44.6644926689966
54.29135543662446,43.43308434929957,15.0,949.3965893082338,dog,63.198036179715224,54.29135543662446,43.43308434929957,15.0,36.041423859779,57.24723921846486,42.416104665617404,51.064000717894935,50.26902552186022,76.14053885349702,48.40898009523067,41.44293694376626,68.42181664924804,39.214367941660306,40.26150024849686,63.42103256433798
38.436655894454034,30.74932471556323,15.0,1000.8366926693421,dog,59.949840408002395,38.436655894454034,30.74932471556323,15.0,50.920783236613524,62.94584183399648,42.059269479954274,32.68751967706851,52.71638026217823,31.966351701229648,56.62030117932888,47.0081515938291,53.56831021528458,39.82090620689946,44.842184996316846,58.567242897284096
58.17784534225555,46.54227627380445,15.0,667.055795289865,dog,89.9474982807508,58.17784534225555,46.54227627380445,15.0,55.520268722911574,53.9733024572895,59.72896880906318,40.71328065910065,71.87868204774844,50.15951483469819,51.60385456523062,62.005938638007656,61.484242547025886,29.08062469900129,54.30831438170112,43.71342203241666
29.105692048047786,23.28455363843823,15.0,637.059517576585,dog,94.18272287688885,29.105692048047786,23.28455363843823,15.0,50.80909117123361,59.58707255893515,49.36391874415333,55.29251837494238,52.74715325546302,53.17123345648938,50.92718023675908,46.11908067865492,48.928445511335966,34.214313671844764,49.19849793313363,40.08633619152886
60.02891046781884,48.02312837425507,15.0,1001.8515690682867,dog,59.88911117422263,60.02891046781884,48.02312837425507,15.0,44.982866717539,47.94725180326874,60.73079793717113,34.4504300722464,69.102640730122,45.05675483895968,68.01381459886335,45.7011589222944,47.30834251670482,45.806101360572214,53.181206295889496,52.124571035858196
59.61995874783643,47.69596699826914,15.0,548.2080184798741,dog,109.44750528526377,59.61995874783643,47.69596699826914,15.0,47.06506754009116,47.44893922173157,59.875042460575855,28.274831607217816,61.91929169050907,45.5820609553415,59.28721029356316,48.78995279940815,32.983782463627236,53.1276102979686,28.015277190210863,46.80036106672823
62.165076862469235,49.73206148997539,15.0,882.0917829937433,dog,68.02013254943287,62.165076862469235,49.73206148997539,15.0,53.11900413528169,31.585461363467424,64.68016313995302,40.332053095808526,34.371748991317844,61.282850999792,64.64980336894594,51.13292204588932,53.02624893472615,37.89383743560879,60.16861495033397,63.45550185887714
59.34701382571983,47.47761106057587,15.0,593.9764470352316,dog,101.01410636647873,59.34701382571983,47.47761106057587,15.0,57.69847974194371,71.64457194992413,58.21530494054187,53.9190627742252,40.09422348454798,68.29522807966056,51.058863590568464,38.42184742541872,47.61494503453184,54.24144600139778,51.405337794622504,50.22002614429334
46.03522039889234,36.82817631911387,15.0,603.4362219124621,dog,99.4305575655416,46.03522039889234,36.82817631911387,15.0,60.42188362818293,46.11301179412227,64.73889477244317,53.00019931645748,44.37481021671333,27.80728551503772,47.17927841954254,46.16738895971103,46.816649106203556,57.41905512623694,44.24224678528387,55.43053001730098
56.426255131390164,45.14100410511213,15.0,547.7277724903203,dog,109.5434685139329,56.426255131390164,45.14100410511213,15.0,60.959655660569425,57.890253910188044,38.45901151070019,46.43407161532826,53.08424566358654,52.08856121596238,63.69596181885929,43.44796256292262,50.91705870453488,52.855601372186236,65.20668986316986,41.41363782928562
47.526932459082374,38.0215459672659,15.0,615.4665885621909,dog,97.48701410448245,47.526932459082374,38.0215459672659,15.0,59.16267383263018,37.03170372592037,44.26704940571339,47.73963633321309,45.27406648256223,34.79376995485602,49.43452096063072,48.839431267594314,47.916540758371276,44.896817126636954,58.28374050463968,41.8853765910626
47.24989278922545,37.79991423138036,15.0,689.2267370760143,dog,87.05408071449011,47.24989278922545,37.79991423138036,15.0,28.01754242785021,49.23402705460522,52.063311642599125,47.349750629753856,60.9439317251643,53.43542615720737,36.69469271179958,46.48050654072446,43.853673270514115,36.007346366170715,33.81385138885649,38.949196142794925
26.318032621086083,21.054426096868866,15.0,870.2632557292602,dog,68.94465508568601,26.318032621086083,21.054426096868866,15.0,69.31873360504254,50.41280032772117,56.50638796471327,42.805186349661135,55.78728587036419,42.949388219506645,42.221670302035115,37.53743330048759,46.86661736188361,40.8860281786456,66.04653523242075,42.005929398766426
63.26668930090741,50.61335144072593,15.0,688.8481685449032,dog,87.10192280360087,63.26668930090741,50.61335144072593,15.0,52.566322901366206,64.16333177558647,61.025092657240215,51.6032384308545,28.995117297618176,61.918766881530026,32.34558493653967,39.30180566186864,37.26200423390368,50.07151083705222,37.20740717402512,55.92876551603923
67.9911310275609,54.39290482204872,15.0,542.1150954473646,dog,110.6776042649887,67.9911310275609,54.39290482204872,15.0,42.29134844254769,61.761976908163106,57.843865128041465,51.21281875395932,50.38224656940716,53.56227115510785,39.357186540791375,49.44393183831464,50.70503194877403,38.29049676092048,33.9218028804264,42.62396664114184
52.419010251892004,41.9352082015136,15.0,649.694843193986,dog,92.35104854000694,52.419010251892004,41.9352082015136,15.0,53.47423539511685,56.89440126936373,74.8861015343191,53.41295390173928,53.55281787530336,58.60040858958799,48.422271454986245,52.56076954494146,42.341924043270325,36.14522578919119,46.9343911174739,64.26756444674835
45.40927194901684,36.32741755921347,15.0,540.5046749745434,dog,111.00736548268684,45.40927194901684,36.32741755921347,15.0,62.31878266674275,53.7241359766429,48.3450740923771,47.816887052930724,67.11334159732465,40.439244429721555,55.797480089250655,40.895462615670766,54.50560676582207,47.378357363847364,55.456197188339935,47.99582504627272
31.734887536589493,25.387910029271595,15.0,609.6896116670359,dog,98.41073039762934,31.734887536589493,25.387910029271595,15.0,53.66727362221948,39.109338380008715,46.82112954477282,49.07125348937537,58.783722911438026,77.67949023183503,50.253084138386704,52.18165499216319,51.86401818414948,76.1259708818577,48.65764574947405,48.087825259756976
35.059356816537864,28.047485453230294,15.0,1129.0922679814764,dog,53.14003266293233,35.059356816537864,28.047485453230294,15.0,46.96395897000101,40.62493056580554,61.65593640370698,42.11663291633522,35.62747937222993,39.00016284579003,35.74012362679579,53.35479622036331,57.76163069858582,39.48157323470168,51.681278175667046,39.13176629233901
41.170051506827605,32.93604120546208,15.0,708.954771094611,dog,84.63163299876138,41.170051506827605,32.93604120546208,15.0,39.26315508846895,52.13474598553009,58.657101815261825,42.64813255451009,53.42625828419273,41.5430224508431,40.97097746413333,51.50731469526366,65.56184494643448,46.01951735562927,52.046957375412575,40.261562080877034
40.17686905386176,32.14149524308941,15.0,544.6672002423614,dog,110.15901081119206,40.17686905386176,32.14149524308941,15.0,37.4236807292355,36.91936348368167,50.61856942326259,45.74290050608234,46.98166311321517,51.479000671809374,53.0149246244544,66.07707583665442,55.293106833426585,48.99690896255003,44.439930601139984,68.364203309144
56.10381521902713,44.88305217522171,15.0,693.2324489524617,dog,86.55105526388088,56.10381521902713,44.88305217522171,15.0,49.93360843408467,51.82842209521189,51.47815303925735,39.584317077676616,51.80380391632181,44.71162799599598,38.84891611525565,64.89831080410264,36.015689225116866,53.70969939482444,50.694485784806844,38.73469169949478
73.2087632351264,58.56701058810112,15.0,511.5848591571257,dog,117.28259530365008,73.2087632351264,58.56701058810112,15.0,44.686949424814856,47.289519021951484,43.11856350604612,51.81896716752788,40.651563727328266,48.40622489955518,31.45157731803927,50.7814318245437,53.91290408229622,60.01533914284671,52.863568520793486,38.42439456445227
49.09302969165922,39.274423753327376,15.0,644.9809152351387,dog,93.02600834030258,49.09302969165922,39.274423753327376,15.0,40.20919375327472,38.69137866687407,53.51917460665504,68.8186478548958,47.35107286351483,59.52397062453187,35.27108300409731,49.46064633990385,30.354785939638166,56.93272536746813,40.337564362564265,54.09774511872046
58.63412894304182,46.907303154433464,15.0,630.0054797988579,dog,95.23726685545057,58.63412894304182,46.907303154433464,15.0,61.915983172428625,27.891654547106725,49.92551443306852,58.093505939615085,47.33356827146236,36.606336280812755,34.896484794315725,62.193059738894874,27.998788856481607,52.970111748419605,57.468080055317195,44.75473852036536
15.656687138508225,12.52534971080658,15.0,489.4668599076881,dog,122.58235421968263,15.656687138508225,12.52534971080658,15.0,47.23916917054494,57.59094149385083,52.85286098958196,53.70196138104581,51.69379674327473,41.63322446369431,41.746017545574425,45.889778986525855,43.68207548957682,51.988761314675436,58.91517980614368,55.452645671145085
33.34706311090909,26.677650488727274,15.0,592.2814334105168,dog,101.30319239369662,33.34706311090909,26.677650488727274,15.0,43.7591163428717,67.35601135412713,51.54621069855689,46.268401504543206,52.04643508378358,61.52872361434987,53.194979966009804,57.75394394051424,56.53556164989507,52.11585894187933,65.4868428047301,47.703250215629694
66.35089212164668,53.08071369731735,15.0,853.6173980464474,dog,70.28910157795923,66.35089212164668,53.08071369731735,15.0,48.64453431025934,58.818697676814935,43.83045357471937,59.27369956805217,52.890086791082254,42.1823094664664,56.410838794321755,52.51722648192133,62.374979555322724,58.07385384276766,59.68417454294965,55.01309315862033
23.296312098639874,18.6370496789119,15.0,767.8805347169754,dog,78.13715452770884,23.296312098639874,18.6370496789119,15.0,54.529080808077666,53.07445228563261,39.015578238897,69.19197435049094,51.203311388580985,52.67593056929334,48.63552759924826,62.937825851531656,58.41017945649871,49.88517823301057,52.64783637939047,45.419435431138524
51.515833121038355,41.212666496830686,15.0,808.5533996534197,dog,74.20660159949676,51.515833121038355,41.212666496830686,15.0,64.65545757976045,61.02435581415431,54.654174275771595,51.50838208932709,54.122195760251664,50.198259676094565,39.6804836395929,34.15119261008299,52.22314681025079,48.311379623870955,47.2584899824685,43.13730249605615
59.61941385717648,47.69553108574119,15.0,641.2712697460664,dog,93.56414801455097,59.61941385717648,47.69553108574119,15.0,44.78971143831703,28.121633334415254,45.66362647963156,47.359432644699154,48.785640786950914,46.613118043444416,45.252304614880494,38.75331567973595,53.51135644927742,53.3034077573921,50.51743098082913,53.008551460848935
70.03083656100536,56.02466924880429,15.0,428.8983194943995,dog,139.89329701904666,70.03083656100536,56.02466924880429,15.0,61.97895101589751,61.14121851381941,29.94031020385406,47.39004011581611,56.41267012578726,31.26147422207107,47.51641110874059,43.63262770496395,37.424085289335935,51.796447855235826,54.382600871171,53.56141453325242
67.91198810637277,54.32959048509822,15.0,782.2259645501783,dog,76.70417848441429,67.91198810637277,54.32959048509822,15.0,42.94462109420647,37.94792416744306,40.89333044770001,50.5051922689654,60.16570561207428,46.86790867259394,59.2480596621277,50.85399338743066,48.70142513226597,30.39434659676692,38.21075519548048,60.99132041467821
11.630698809599195,9.304559047679357,15.0,595.8518285459967,dog,100.69617499775501,11.630698809599195,9.304559047679357,15.0,55.841690795006755,41.27603827628331,42.081247483021805,58.52304964913066,49.78074893307709,52.97200896127024,61.90335246721946,26.92305219087638,53.11762460803868,64.13548667408438,49.72893078910137,39.24140731597505
46.941072354282724,37.55285788342618,15.0,565.0663466682565,dog,106.18222152809474,46.941072354282724,37.55285788342618,15.0,46.5406416349421,42.098473214574184,41.0036876003044,38.09215387934072,70.23955364163362,53.668065535338485,26.549214703954114,48.07568398566576,51.137885038561365,26.857059365669702,54.4709637120274,53.77064535403257
48.90205783035212,39.1216462642817,15.0,787.7585931097276,dog,76.1654655687679,48.90205783035212,39.1216462642817,15.0,46.86541748833689,25.961089656000198,47.68332347933331,56.57380388717376,52.81702509581675,60.31147280753565,45.49030951400139,48.29883414879597,60.91906494378451,61.07161915920915,30.945530418846474,88.07949529899633
37.69974914830473,30.15979931864379,15.0,972.2792347930919,dog,61.71066690812176,37.69974914830473,30.15979931864379,15.0,41.58520123497702,35.61672762135109,55.014701518423855,48.86840536989176,43.03980109408426,36.02877767377682,68.13128444423893,48.483433385467734,50.943733135389984,48.90836252560538,41.0186930550697,44.590455580056975
38.256954620639355,30.605563696511485,15.0,839.8979585956642,dog,71.43724947292631,38.256954620639355,30.605563696511485,15.0,54.081792849384186,61.86505357967886,36.99951139453292,46.72390607258283,51.35751904517345,55.123705430941015,50.75766870449199,59.60495931676394,47.385180350570764,63.95122934567761,40.87541800881303,49.71349949747421
55.33154195404461,44.26523356323569,15.0,1200.0,dog,50.0,55.33154195404461,44.26523356323569,15.0,42.64184806069348,56.61593363960848,54.51418006102422,60.81000275012025,42.27405656461893,46.009533781814504,49.5705922027622,49.12558510161368,52.37479196254826,51.01750712081245,57.620466843945216,37.33362896193364
44.69411221101243,35.755289768809945,15.0,476.57110465163737,dog,125.89936614780419,44.69411221101243,35.755289768809945,15.0,55.53151145203814,65.97206686597215,59.051747412325895,42.84467647938793,44.7172484448262,64.19509473976333,49.137515957691384,51.56131679029031,51.83197732150409,45.60498048968632,49.07501497169657,52.89456802232991
57.58471699214167,46.06777359371334,15.0,496.82548562714226,dog,120.7667515772909,57.58471699214167,46.06777359371334,15.0,34.39286499751461,68.3502681820556,45.398231106051355,41.64450399759968,43.50774749853987,51.05794496586266,54.98241015003096,48.439375519623454,44.10000257743127,62.777723708552784,49.64606447223079,57.91269755548329
65.75698993087437,52.6055919446995,15.0,536.7757742265186,dog,111.77851699149167,65.75698993087437,52.6055919446995,15.0,43.406696845255894,59.93560663642786,53.53378896989094,43.40902803252196,49.27863733071405,56.57059033943367,38.11495990077233,44.40916593597683,35.15530422316627,52.667032312617096,55.58808639346212,47.761458411229434
55.19434079833522,44.15547263866818,15.0,546.566614758555,dog,109.77618899483078,55.19434079833522,44.15547263866818,15.0,62.36123879917328,51.615444156193185,43.5909116708407,46.07881923355548,53.57454193573541,36.71673743126724,44.82169786425619,46.231681975766314,54.57186081627681,58.01322149535062,46.15978676498731,47.35444670656544
68.76103623211053,55.008828985688424,15.0,534.8600126825988,dog,112.17888527330554,68.76103623211053,55.008828985688424,15.0,48.02931447174215,50.04614501628071,51.06669990902079,52.34231850868459,68.24828743236985,51.58900756027332,53.01078788765173,36.68659167608804,40.683844875807964,54.766580033718824,38.64781480198137,45.19320907818477
65.14041905400111,52.112335243200896,15.0,543.928444776765,dog,110.30862712948345,65.14041905400111,52.112335243200896,15.0,68.7211895950019,41.45398735456878,54.44348711883813,55.128122258817264,56.00238333498554,52.112569419201215,51.93558809264489,32.76885554955669,43.54263811994934,48.97582166744471,54.52650402408953,44.20398134003689
64.34986779642091,51.47989423713673,15.0,709.4474548378372,dog,84.57285961187156,64.34986779642091,51.47989423713673,15.0,61.41467299055565,56.20264817701069,58.46837834145377,41.76988247792234,56.021564907960084,45.21240107120417,55.409266581158704,58.31847124365313,44.5627473003903,60.07351170660538,60.115093263647495,52.367165783352604
52.64194108994723,42.113552871957786,15.0,614.269813357188,dog,97.67694699513252,52.64194108994723,42.113552871957786,15.0,60.48705293511654,60.76314357002016,66.56032093685815,40.79314270074652,54.81564953898573,37.212049502034134,37.578277596874855,52.379114637447074,53.70769840869896,52.77089996705279,48.5490787129272,31.962262381725616
75.22967505619799,60.1837400449584,15.0,795.0311347349929,dog,75.46874251660566,75.22967505619799,60.1837400449584,15.0,45.62469786499505,60.541470187010916,44.907583128644816,36.6810294562769,58.047948982411384,41.38705736214436,42.70990769054478,32.55946015769427,49.70970697727266,48.6796668257086,51.48337350979377,38.360222461132345
66.16896414843481,52.93517131874785,15.0,530.8444478387335,dog,113.02746076422663,66.16896414843481,52.93517131874785,15.0,53.27205501349627,68.26172866252074,41.977684731547946,40.60397686598402,32.501766658658255,51.535339932801065,48.51519717283151,37.39525670627435,53.31426833509888,38.52380960299879,51.62611216966436,59.00234795208088
48.800554613421404,39.04044369073713,15.0,590.399984035398,dog,101.62601900816217,48.800554613421404,39.04044369073713,15.0,41.53398461997286,60.201808189991404,42.77260462257389,57.87055084604889,58.817137420130955,47.168157900640544,54.43523595757969,54.740326889357235,47.401225171247034,40.237805454593385,45.55832080637347,57.02436343454747
39.411729512790124,31.529383610232102,15.0,1003.1556870869542,dog,59.81125439684534,39.411729512790124,31.529383610232102,15.0,36.64476916850373,36.89381953474429,63.384073570168304,52.20301913513623,53.45662040799553,55.32583363991192,49.041655907933404,54.91891284726085,53.635229891704306,32.54598689514427,36.73006592951181,44.694134721880296
52.753890628952384,42.20311250316191,15.0,637.2227928877143,dog,94.15859047994327,52.753890628952384,42.20311250316191,15.0,52.483984436456154,40.50335878722815,55.10151307247276,57.6319430033298,41.96915864954758,47.44094582220324,54.593765116601,52.15603485925487,52.43505456034732,40.33947366389161,38.27450969693628,46.12059481161231
22.443947198887916,17.95515775911033,15.0,490.0115832915344,dog,122.44608504346877,22.443947198887916,17.95515775911033,15.0,39.125555951224946,59.34495164492293,27.49645682190326,59.08593618365967,38.53809110327266,39.42697136710929,33.71645370006883,52.13682557690226,40.566270515480554,37.70020874769405,51.03722793035101,52.33111264363347
46.49738044553823,37.197904356430584,15.0,441.94888550761164,dog,135.7623063832042,46.49738044553823,37.197904356430584,15.0,43.750839737506425,55.456856362368434,33.95471402602189,54.32069340845761,41.5776915228196,45.48083378618697,38.65134950529283,59.544812307085884,57.45541356585987,39.26377165719661,64.76351189831348,53.35854511553495
40.700559306865784,32.56044744549263,15.0,581.2100074085129,dog,103.2329093360363,40.700559306865784,32.56044744549263,15.0,59.01772150436014,30.34291049470644,57.42351272943977,52.16678328755264,56.514053115103735,55.23847406350243,62.3032621231415,52.97557858685176,37.476405606610356,74.72892308423684,51.980179968961785,43.161253201318885
71.63841190981111,57.31072952784889,15.0,677.4768175875727,dog,88.5639160519972,71.63841190981111,57.31072952784889,15.0,54.03635232767842,56.20328053310262,50.90947571005134,45.891555348319294,38.2785353224791,47.96407323148453,48.54281418886847,55.615918726961446,49.997707401189274,67.31573901444212,65.20048956654719,62.65732570265645
61.8824241146237,49.505939291698965,15.0,678.247021971309,dog,88.46334455787424,61.8824241146237,49.505939291698965,15.0,34.350039132078706,45.239621685256466,54.660032710046174,48.07849516136795,48.886682760883616,48.319122097872274,37.24177011484565,51.651033796689575,31.461224403915267,54.62467548509938,51.136320036015555,44.846764181934816
65.37029374358012,52.2962349948641,15.0,667.8519153764719,dog,89.84027539425063,65.37029374358012,52.2962349948641,15.0,65.9453721694916,30.760097920926977,50.17600942748844,57.928554371799045,54.39494733150946,44.03377745194559,71.24366490278237,42.732455180408444,56.68907226885588,61.47014960038008,49.88519444387563,48.38916949069027
15.397811871667649,12.31824949733412,15.0,568.6141984303249,dog,105.51970064347962,15.397811871667649,12.31824949733412,15.0,63.65973979332037,50.4636670894977,45.72725902608253,50.848326308473254,42.38598567812908,42.67429326053049,43.28256952785154,53.14280502978979,66.03021154112245,58.924587616915666,68.8551400230045,56.14719511171556
48.40951168413116,38.727609347304934,15.0,633.5582458296352,dog,94.70321062814182,48.40951168413116,38.727609347304934,15.0,38.41805868974269,54.16359082998488,72.48329892705013,46.15171424251198,70.77265429893465,59.58863957907639,53.21014772482409,37.707105375160594,43.02693591684682,54.623265118193444,38.745826082475546,47.09906961782945
64.28948431889785,51.43158745511828,15.0,824.287482959397,dog,72.79013844124513,64.28948431889785,51.43158745511828,15.0,43.45938115067094,61.66693031923331,70.20785210090382,57.088894087740194,63.38118875219924,64.81324804768606,68.16363074979614,56.46154276146449,59.62440220334207,55.07140562871974,65.66178463433367,52.12751898169347
47.94375510555581,38.35500408444465,15.0,421.60761056111943,dog,142.3124215432111,47.94375510555581,38.35500408444465,15.0,59.63272143072236,47.93399960461182,58.170081538236474,58.23973980823753,34.365059162165565,37.82100095178417,57.78245233995337,47.602433201756746,60.78958057575281,42.90630464867024,56.469671374587335,48.020199644461506
26.007360048714062,20.80588803897125,15.0,629.1236785537124,dog,95.37075466295204,26.007360048714062,20.80588803897125,15.0,56.978057060439944,45.742388184358234,55.27915788373722,50.88328663213459,46.828775550352965,43.79649277002699,69.03790856394647,32.86161454531417,46.15654919845368,31.229906693538247,49.89771464617736,57.81077827187298
44.19773447324745,35.35818757859796,15.0,455.62072827584797,dog,131.6884774471323,44.19773447324745,35.35818757859796,15.0,57.79966838372103,52.84677795490013,51.01329842414702,49.89284170280048,46.18229664956825,39.4594033897897,50.934797346369464,64.16547422997238,45.394758023564535,57.91330108487351,55.83188649242228,41.04541831084744
34.39612221870659,27.516897774965273,15.0,910.461885337019,dog,65.90061700143575,34.39612221870659,27.516897774965273,15.0,32.51331425853704,46.66884741529944,52.61287357731887,45.65586771552205,58.007716856848305,53.35917520966025,63.4125482875719,68.63369823076088,47.97802896122598,51.61539822191862,45.52331008675929,40.17812852621594
38.7581774040636,31.006541923250882,15.0,533.3280728469633,dog,112.50110964478856,38.7581774040636,31.006541923250882,15.0,54.62381814483866,62.199792461581545,50.8953163848126,42.30650630622787,44.732193015358256,51.97952405219622,64.33021533753316,57.578396832742904,27.763872220679026,40.699886894275735,75.74155210389306,27.5320125020937
28.479444489665074,22.78355559173206,15.0,743.2473878761016,dog,80.72682256099893,28.479444489665074,22.78355559173206,15.0,42.242741176878425,58.83913838634709,39.949447603720365,45.091117943317286,49.74514967122672,39.69119350096193,66.87956197781907,54.48963188020579,41.489991600203645,36.31878037279878,49.8409507723266,54.375133171566254
34.06201078509792,27.249608628078335,15.0,542.8775688005951,dog,110.52215720122828,34.06201078509792,27.249608628078335,15.0,71.67578003265068,47.51818460832442,52.47119856000786,33.81789729091061,56.41571578954078,56.695797593260984,31.542733630303736,28.25146043720242,59.61742068930674,42.89615238408222,65.6451300447445,74.63560881619446
42.59450284298748,34.075602274389986,15.0,586.0147855693218,dog,102.38649514910982,42.59450284298748,34.075602274389986,15.0,65.12267566262614,46.580435278742414,50.20054345045866,48.58358654632451,43.45283728389606,58.4920404569134,46.53578551636617,44.57383796310787,64.97695397247877,52.98583287043479,73.72878731226656,52.56532105297412
63.29059727556152,50.63247782044922,15.0,853.1652826599347,dog,70.32634967627433,63.29059727556152,50.63247782044922,15.0,37.40426446621447,35.85739936775506,44.55526935704246,36.09905642726681,50.26027316203661,48.90224428930516,49.92604079573979,45.196980492830896,42.77457002179568,52.44678722310907,40.987082877505145,64.62519174828027
63.25732430117725,50.6058594409418,15.0,648.485659682533,dog,92.52324874750983,63.25732430117725,50.6058594409418,15.0,50.260938059168325,69.3927363128878,36.39074462908805,51.35468059213862,41.38129002259633,54.126870600852435,64.67008642646425,56.55394083165483,37.01733626986959,45.50612828468651,47.65215180300621,38.301388142055785
52.74610453028624,42.196883624228995,15.0,697.9739232028181,dog,85.9630969086579,52.74610453028624,42.196883624228995,15.0,64.0912833617824,54.62548198986556,53.786035327673424,53.00825721936421,36.20455269040285,53.702676545453436,47.95133033151045,56.926291451287184,44.14956511099052,57.18349223816601,51.97256192509275,60.77409678140773
48.050056711998906,38.440045369599126,15.0,480.0777479933247,dog,124.97975640569427,48.050056711998906,38.440045369599126,15.0,38.7446576673092,49.84060990500133,43.20087164744311,38.02048776127752,58.350549226725576,56.04292230553532,58.668152876614776,28.763436552542792,51.4784912004159,61.20971255119617,50.11412840791822,73.26669287372684
55.24921300522671,44.199370404181366,15.0,950.5434445243569,dog,63.12178611680757,55.24921300522671,44.199370404181366,15.0,55.665369319408555,47.27473270895041,39.34629775114545,33.47696013409346,61.04393876542239,46.3659595478967,44.2691137314376,74.83004859158297,44.14468341074976,57.09329411420464,37.79703448740236,47.94410172215077
69.30261271075963,55.442090168607706,15.0,929.8652030602962,dog,64.52548154564008,69.30261271075963,55.442090168607706,15.0,59.57505241633806,55.0975074329082,64.30079423658688,52.437513459619005,51.75996770089587,52.93148677419296,49.3251937184997,67.42909316566542,46.20840787607946,48.798135467364915,52.04272469697682,43.712052171294545
54.71408622423952,43.77126897939162,15.0,505.91258468309894,dog,118.59756372256226,54.71408622423952,43.77126897939162,15.0,40.276081784358865,49.58851316596222,66.19912807064291,37.576493047234464,46.50173466736746,56.66883621335037,55.97787457078499,56.32513762678795,55.161767174823986,79.47433734715032,55.18914892797429,45.20594422592964
54.37719470792094,43.50175576633676,15.0,827.2132190602201,dog,72.53269002176339,54.37719470792094,43.50175576633676,15.0,66.45962178975839,46.99260818111289,46.26674221479596,42.5542934895016,51.60011324068303,80.32682059577074,60.750815548013534,42.356190409690015,40.32140828074783,65.38556508574221,58.904678670713096,32.6533676569097
67.16987841628273,53.73590273302619,15.0,543.0378243373664,dog,110.48954107978406,67.16987841628273,53.73590273302619,15.0,60.17969422823777,37.85241680483555,45.353980468876344,69.93906588034346,53.66689108251859,47.98467783971272,65.2300103519385,56.51606404202277,60.37178860678964,57.472508425310785,48.918732527906194,38.245636166811174
74.03178773649358,59.22543018919487,15.0,568.3687200038355,dog,105.5652745977912,74.03178773649358,59.22543018919487,15.0,63.01339026797933,44.65774929860392,48.26699400295547,53.81345483074438,63.622388282656104,49.861551988809126,48.26359736940157,41.94097737867229,47.9319230070766,47.918229915320985,53.3420563009786,61.00778476389666
54.42800741609835,43.54240593287869,15.0,846.430063773201,dog,70.88595096980967,54.42800741609835,43.54240593287869,15.0,62.20953011149812,44.359361372930586,39.992984439830366,45.13111424804427,56.41694873849728,61.689377132180724,35.89478057736872,53.84663043672026,58.22128304820586,42.32247391509847,36.502718121111464,50.61151430903576
61.82130067765631,49.45704054212505,15.0,512.3035995147906,dog,117.11805276563895,61.82130067765631,49.45704054212505,15.0,47.585675686414355,47.10398280578661,53.073848442342495,53.58831172320806,59.25418989726744,51.28347381465881,54.743005426352,48.938793205469494,60.962924103634705,56.92865635501789,51.6682377649328,54.870469202013034
53.40777207491734,42.72621765993387,15.0,548.4258954295597,dog,109.40402431764176,53.40777207491734,42.72621765993387,15.0,58.209212257650094,63.825776472871965,61.654119226296714,47.499633748304774,38.00028490852641,48.76704237997096,52.17484010104639,64.44008777615532,67.17352635759221,51.84565719230653,54.96327984110409,50.1259110908081
43.35335934591852,34.68268747673482,15.0,611.1697834991761,dog,98.1723927129995,43.35335934591852,34.68268747673482,15.0,50.403508382226306,61.00735658128327,49.97963411400812,40.9367191156185,64.09895667206307,46.35990809638451,47.97706676785879,48.47997538500021,41.572850545532056,32.50999112383266,42.8395680024035,55.435275687341
33.092094136734836,26.473675309387872,15.0,406.5520052255857,dog,147.58259516321283,33.092094136734836,26.473675309387872,15.0,55.46730976371428,44.93298940098208,54.46174791198719,56.59472577339974,56.40329700531608,54.385062019739806,43.70514980074628,43.15063590506842,52.775347028243594,37.282333792179905,33.81512061940737,48.30069386490038
41.8447750604095,33.475820048327606,15.0,521.157622229354,dog,115.12831711707146,41.8447750604095,33.475820048327606,15.0,38.79605267974113,49.859596260463086,69.56788837922237,42.283153179411734,40.93654875145431,41.72794190748728,55.708383796240476,60.4499845483426,54.48591290812303,51.56588411772549,63.330371519133834,55.05428906692282
36.53701686369293,29.229613490954343,15.0,596.916711995816,dog,100.51653571465188,36.53701686369293,29.229613490954343,15.0,46.00329290843605,64.55538574271347,48.93730547209521,53.046194274965806,36.89541054222839,50.27928101735159,54.673889587578614,46.03016983564328,38.81190387947633,50.393554896204414,50.781646258362514,60.53085888155052
39.08244913070069,31.265959304560553,15.0,531.6003796709381,dog,112.86673654586204,39.08244913070069,31.265959304560553,15.0,55.023862139893524,59.621705772315046,52.56582413489817,59.047686734024765,44.618341202342165,47.37064673808754,49.14381899790786,58.78785030785644,37.09689142691062,42.86125301251526,50.795171386889145,54.65193454369892
54.64006552598136,43.71205242078509,15.0,571.1247216493679,dog,105.05586210088093,54.64006552598136,43.71205242078509,15.0,46.55435423594517,60.290615194192846,52.69182229407761,67.71397704563284,49.21490835235929,48.67872868316214,49.47991090413393,34.277092252646234,46.060505887024405,53.9728104151229,57.88496390329933,69.36102143099563
41.58132234524244,33.26505787619396,15.0,812.8672243324065,dog,73.81279279562162,41.58132234524244,33.26505787619396,15.0,73.53411049717225,54.12334604790306,39.950736050417724,54.241194474736375,65.75559861495427,58.512888034267085,44.32152150060144,40.808924915481576,53.361238978624755,52.605050016928836,46.107160609851476,50.941525446129965
50.23448424379469,40.187587395035756,15.0,643.9999896401354,dog,93.16770336211924,50.23448424379469,40.187587395035756,15.0,81.41314399724678,70.3410519947016,46.110983478142515,61.87099967470728,52.21938334256165,82.02861131538417,33.689716007522364,48.69903735087207,50.62932682255623,53.364326408892104,48.7350920626911,44.080282590057294
40.38209859880253,32.30567887904203,15.0,570.3812184522895,dog,105.19280449452386,40.38209859880253,32.30567887904203,15.0,47.983211275323086,48.732094996252144,59.232185257065154,50.38506612365915,44.611312863812124,43.44220229932086,37.9920802271429,40.06813530690013,49.19268148577075,53.50593285160693,65.28327920837472,58.19815293620499
50.67073075749596,40.53658460599677,15.0,859.7419800557905,dog,69.78837999292122,50.67073075749596,40.53658460599677,15.0,41.539995980498006,59.89495457547377,54.13946478750767,31.031678383385344,34.69618410395486,57.73258748961632,44.932520434339224,31.623757525386317,45.05742959132807,58.51635643382968,62.96401364133541,65.17597137013482
70.85128519369424,56.68102815495539,15.0,543.3888611318074,dog,110.41816329290943,70.85128519369424,56.68102815495539,15.0,64.63045667424352,45.037061367147444,33.629605080855576,35.775884418680015,57.47632454880607,66.66535948860289,52.46268292741076,32.91360056853199,47.43036730370059,50.07255095797081,49.40376878781464,31.74174206584528
45.828995979998496,36.6631967839988,15.0,1029.0099704131921,dog,58.30847292559021,45.828995979998496,36.6631967839988,15.0,52.52153901381478,52.42735168862196,64.03093987973214,50.17809038783568,62.29909826013423,49.84198319420839,54.4751580699595,49.39436206948297,57.78908695102321,55.930115734933686,65.58150713116976,32.27009985756559
55.29737879937471,44.23790303949977,15.0,537.23916500776,dog,111.68210344294863,55.29737879937471,44.23790303949977,15.0,55.61496489370012,40.157464906633535,62.108048726385746,41.40823015283935,56.62694136146893,46.61300683508021,39.77327630672265,47.387840022396695,37.237426473526206,69.2635582249286,51.01098317170167,49.00606435825336
70.55052562391363,56.44042049913091,15.0,735.5997036158346,dog,81.56610137969125,70.55052562391363,56.44042049913091,15.0,70.6257002024416,52.67609918428323,44.79833495959333,46.67514598882146,66.0000594051613,39.24477187540623,45.85675079703243,76.61812184256456,48.9613541781271,61.461047423536954,49.00829405508121,64.29220735623284
54.76280878166776,43.810247025334206,15.0,405.141813762024,dog,148.09629113040245,54.76280878166776,43.810247025334206,15.0,58.40779890817956,63.737873547749146,35.9516771283687,53.832102139111626,52.0539865112749,36.48654302271834,52.56268035272239,55.20293175005267,58.092611400577766,45.05163177827043,62.04460376675212,38.00132645673921
55.029003542172454,44.02320283373797,15.0,577.8292014433989,dog,103.83691210157242,55.029003542172454,44.02320283373797,15.0,53.77109669668841,49.49381233548398,56.18315779869323,45.53108912051587,41.653546730646795,53.38750032017073,68.18740503840895,56.330027122981235,48.02062961062965,43.50299902093016,45.01807208257551,71.05562175747087
44.639867852966404,35.71189428237312,15.0,556.6430564066359,dog,107.78900286177131,44.639867852966404,35.71189428237312,15.0,61.94584495428221,70.54692691899524,51.11318385871189,38.49552063041514,42.145957805204844,52.5937886495764,33.0542047569473,67.12813465329539,31.99122226930305,52.99004628697063,54.26975242907395,63.6079588615179
40.96822001081784,32.77457600865427,15.0,615.1384668425491,dog,97.53901476520345,40.96822001081784,32.77457600865427,15.0,31.0938759741392,64.67521132928071,47.15815322086228,58.51042534332572,50.78952977761143,48.18714753061439,63.069684568204735,47.0245394527829,46.75021521036423,31.796830166883858,49.12874680205463,52.81429688616107
41.39990691951016,33.119925535608125,15.0,407.78967783239403,dog,147.13467079139912,41.39990691951016,33.119925535608125,15.0,53.13865009280564,36.99377338833804,55.64119721522917,36.62514122113409,49.02651891557747,63.91364374450306,47.034796746249185,45.31150991397599,64.96037022286089,56.452536897286954,42.68198087016107,52.7373624439116
64.9978023881091,51.99824191048728,15.0,580.2249540379954,dog,103.40816881872848,64.9978023881091,51.99824191048728,15.0,57.391389298036195,73.16421176709657,61.03665643795522,61.66996052388999,53.10420358974331,58.68125797426946,44.04078538626154,55.54045823173386,48.88140092364554,47.305619526429226,52.49890831745453,38.40724244971615
31.49231547106294,25.193852376850355,15.0,748.7738767083545,dog,80.13100064837045,31.49231547106294,25.193852376850355,15.0,45.20924412508895,55.04980309796004,39.73841718855522,56.22197348393808,68.02124374052332,49.26400961888008,59.864862914651255,43.19392098384042,47.917869656023335,48.197947616548966,51.6695875882099,50.844816186614345
56.09092440352415,44.87273952281932,15.0,1200.0,dog,50.0,56.09092440352415,44.87273952281932,15.0,50.10220902639801,43.081391945162636,48.17348435760286,52.01611040909077,46.06866402872458,44.294078580585136,45.775504580432916,41.227085390198155,54.1824568875889,35.92895090050999,44.42279783116994,34.649594451014096
56.19418295090151,44.95534636072121,15.0,477.2590859815629,dog,125.71787895163901,56.19418295090151,44.95534636072121,15.0,40.5535099120944,54.92703281790771,38.37483356557222,70.70805872791226,52.536370758780365,56.66423821733745,46.00769124181398,31.28120460298048,54.030145519065066,49.41426601968433,63.65268717510581,42.70118198273526
56.60412150438006,45.28329720350405,15.0,592.5737474193122,dog,101.25321997692768,56.60412150438006,45.28329720350405,15.0,47.342371384602224,36.19400078077592,32.16525533917369,57.73948236787955,42.580228292402104,52.98991979834389,37.25672849871013,55.686646313275254,57.36601502573719,45.89761145550456,68.0529697024393,37.144115324018856
58.3657681565695,46.69261452525561,15.0,496.7820228300877,dog,120.7773172994256,58.3657681565695,46.69261452525561,15.0,57.35124417617336,35.43605703882173,39.91550781313574,61.68869120147438,46.64553746545428,43.87909271828566,63.55866574881081,56.39262563785107,58.89449246176136,65.09340795992799,53.74215354403484,55.2133520949288
48.0617654546341,38.44941236370728,15.0,573.8351178149726,dog,104.55965160944785,48.0617654546341,38.44941236370728,15.0,32.345511377180614,47.219537765309816,36.14007575210621,45.066822803578134,52.170886984083445,27.103388648924494,33.23276055122081,56.392115687804505,39.81315814006488,46.550254706637865,44.56133890243718,48.95255437618992
44.99664532215527,35.997316257724215,15.0,577.644847136161,dog,103.87005146409095,44.99664532215527,35.997316257724215,15.0,44.669782215889214,38.95630484607581,47.390626122473805,45.36543727344132,51.35085828938142,49.72389476547813,74.5289226392752,63.300567686475176,71.01744053226545,48.11359072376383,56.68038575186096,46.767910814756945
42.298439985175825,33.838751988140665,15.0,597.9851530752923,dog,100.33693928926928,42.298439985175825,33.838751988140665,15.0,43.464893090226994,24.369131461484965,56.244973340189695,43.18158363963646,31.730807242702465,60.714965690474244,64.99957597152661,67.18815214491897,70.53080943513713,63.62384295985534,51.417149942606414,53.30814203714102
45.34210245618004,36.27368196494403,15.0,416.0797068371491,dog,144.20313948039674,45.34210245618004,36.27368196494403,15.0,43.41248742289524,54.10969987008696,56.07776571535157,59.763447082705525,53.5360865352783,51.01082032550792,33.20671748865006,38.66576214554198,63.2160585384836,59.98781762107649,57.12102360693535,45.17240264445977
55.92307073699221,44.73845658959377,15.0,574.1160604119365,dog,104.50848554375773,55.92307073699221,44.73845658959377,15.0,34.61150108457391,41.46036506888173,39.51952011248667,50.37290670536831,33.31776389373349,32.27929839025218,53.48603192930151,48.95104491132769,23.5168314750697,62.278009316966866,50.60748052677391,65.98321086196091
35.26980038494078,28.215840307952625,15.0,744.6153312127789,dog,80.57851817565464,35.26980038494078,28.215840307952625,15.0,51.866674486898496,55.7720760051987,34.07866446433026,77.07032114854286,26.09324764749996,38.56830284186092,57.65804212502192,41.66815094527696,43.11610665368525,49.360817284159694,53.5792986360727,48.536664092824346
44.38045828996967,35.504366631975735,15.0,588.1811285758768,dog,102.0093931698794,44.38045828996967,35.504366631975735,15.0,60.33970835584205,36.477025545107985,57.92808276821732,52.88514372687623,56.91628462132073,42.96658401871204,53.2119985617844,32.33578213088994,51.370112876972954,67.3910915843359,59.98635319218061,43.12114898500447
40.3332911609252,32.26663292874016,15.0,454.9529796349594,dog,131.88176072204692,40.3332911609252,32.26663292874016,15.0,50.52048133022584,64.89476620829286,38.98227371326956,29.6405340936278,61.90213596478878,46.8900568592428,45.98577559082747,49.85599906472031,52.29027000096724,51.77137661230871,33.564773732885996,42.39897275103515
61.829389041035114,49.4635112328281,15.0,503.34173553646275,dog,119.20330813826091,61.829389041035114,49.4635112328281,15.0,62.22844473951751,50.074532170014244,43.741322624144004,39.25514744636228,46.60904371143037,38.153482769413785,56.90587464382136,48.377837363775356,39.49222678798848,53.935123380077265,39.48234069017032,77.80498687651729
62.76370045555305,50.21096036444244,15.0,514.6875422793532,dog,116.5755824092479,62.76370045555305,50.21096036444244,15.0,60.15685577204968,33.91720688320194,62.179060063947205,57.701180211520615,69.0121564304969,49.79024068584537,61.71580750383642,51.83542090532953,76.61173201511905,45.64445510173922,38.72618384201897,66.83118557341909
46.70731420284467,37.36585136227574,15.0,686.4717641869344,dog,87.40344924610955,46.70731420284467,37.36585136227574,15.0,55.84305160626902,55.89001943249624,53.80162950436284,59.88956721517477,65.25443749297456,44.456730061336614,63.561764626148204,52.801161117361545,54.605241985049865,53.93238800121728,69.49002995227548,55.41098760328235
37.62598510985876,30.10078808788701,15.0,637.4085453842179,dog,94.1311509462634,37.62598510985876,30.10078808788701,15.0,47.24667813891454,65.35763793407638,60.614562428271924,43.45787133225362,46.607917241231114,43.34323069610256,42.31995365916208,43.64983544545935,39.23247671440805,42.79198457131461,36.416657946506916,49.996779323507084
55.24735494490024,44.19788395592019,15.0,974.4667623779446,dog,61.57213597884536,55.24735494490024,44.19788395592019,15.0,47.29275248104331,43.87668721636296,61.129193373747405,73.92220278428167,60.3953167364745,45.48892627821435,51.95583901923775,50.717611402401374,44.15819638182647,50.30063333864265,40.76798275879802,40.944591891483434
25.384017526830245,20.307214021464198,15.0,597.0780329185252,dog,100.4893777564035,25.384017526830245,20.307214021464198,15.0,66.55825042776485,57.03328203540177,46.71734363177972,45.160894233000164,49.80374807005543,30.282645496027367,50.12448998492067,46.05636840978641,58.70130798436386,23.01135039914935,51.4557964747847,63.299963151505544
47.6916265028509,38.15330120228072,15.0,609.4064208415867,dog,98.45646180941176,47.6916265028509,38.15330120228072,15.0,32.12888612922073,47.58668629277405,53.98880646802483,64.86432759268827,48.21061586909375,46.224320378517376,58.95339013748109,47.12614517223599,56.40069892164914,57.175810849233585,60.49702284744064,42.39406149098812
33.415395028115114,26.732316022492093,15.0,495.309298758571,dog,121.13642960142738,33.415395028115114,26.732316022492093,15.0,76.15885625933235,43.437066483147355,54.716136940206745,57.97747880367837,68.41146538164003,39.0743536068157,49.09127666633854,34.58483349675481,20.49850614099967,56.10099979737623,43.771226094091354,44.70814932315112
64.38574947416689,51.50859957933351,15.0,707.3869350225718,dog,84.81920859633274,64.38574947416689,51.50859957933351,15.0,51.846085650720035,60.08656585152486,47.09946503809057,50.43722934832099,46.2716111578535,38.39375137912562,45.26129055730219,44.083103231827884,64.61156110135424,59.64200744445601,44.54489652068678,56.48647456218891
42.68430020984618,34.147440167876944,15.0,714.8971689563054,dog,83.92815443316884,42.68430020984618,34.147440167876944,15.0,60.21905595384841,48.26817926977327,55.01839840871093,48.90865525608489,46.692610019356515,35.54738012033924,42.751825298093365,57.97427490305438,54.00270372182097,48.25036400673967,33.69576202433538,55.47492508063599
47.39323643948719,37.91458915158975,15.0,553.5546762246668,dog,108.39037691671182,47.39323643948719,37.91458915158975,15.0,48.87772979511163,54.224791539563796,50.865857812556385,61.349743791112786,65.232322149642,43.887662044552854,58.05427774259806,59.542341746388715,31.353424992111407,50.597042692896736,62.524215849115265,54.96497665021953
47.86097795222221,38.28878236177777,15.0,753.4686199254417,dog,79.63171711907154,47.86097795222221,38.28878236177777,15.0,52.54964764361733,47.24751352161904,54.07819410412545,61.88954784947012,43.41295009634734,68.81673772363223,51.81336889174794,62.35023805346131,55.280741696832116,67.3209309454621,52.52179869745905,74.22403902712597
37.892693564088674,30.314154851270942,15.0,805.9075328242537,dog,74.45022853891645,37.892693564088674,30.314154851270942,15.0,62.5752159728653,38.9689747741809,43.22847052922451,37.42215379227915,57.41414480874442,33.316184754571665,62.128191967524785,53.785366038449766,50.70333101108685,50.60094995626352,46.34992785739228,55.59925491756157
59.80557957644356,47.844463661154855,15.0,599.9984393015477,dog,100.00026011708533,59.80557957644356,47.844463661154855,15.0,39.57405668855891,53.74630743239174,47.99286665732717,61.37413641997369,59.76915155010933,46.356990787840324,34.283432241606185,45.92694220862372,32.49958881068089,53.33884595236303,63.848363641507284,72.82950089704303
49.52096929250063,39.61677543400051,15.0,547.4833182652393,dog,109.5923802575694,49.52096929250063,39.61677543400051,15.0,47.67074082947284,47.686996412868524,65.2533679709373,67.08486461598444,54.01061648601303,63.667825621297375,47.08597528055255,55.49246894169573,54.47950507830075,54.930592276823006,49.130167766737735,53.07966351670996
56.07577907152035,44.86062325721628,15.0,614.3981037025576,dog,97.65655140929147,56.07577907152035,44.86062325721628,15.0,40.971834771987474,48.86126758946976,47.158071543246656,40.31222498780354,37.90857990652408,35.02582146868333,59.30142230941644,40.1029306959715,42.78420508108274,34.080520439983,30.870903792921023,56.514833434888516
60.549893192844195,48.43991455427536,15.0,691.0390822575096,dog,86.82576939641388,60.549893192844195,48.43991455427536,15.0,65.90813954028258,37.88656559666549,50.79246867650136,43.81761529684013,40.45047097271903,47.928202022201255,44.90239597176221,33.7697071588823,46.04696277074102,52.53513073387979,60.308764205387284,33.95815955227173
11.719894150574724,9.37591532045978,15.0,628.6427974938942,dog,95.44370863579768,11.719894150574724,9.37591532045978,15.0,56.71628402417176,44.95929822243275,58.51542134804079,52.07402826251208,60.14053695348297,34.60672606191546,57.89424237387361,61.99527316817118,68.618605729038,55.48950353683269,48.2140064634818,41.170973336684234
26.891901758766362,21.51352140701309,15.0,402.30322819799164,dog,149.14123425942603,26.891901758766362,21.51352140701309,15.0,51.91639615924398,46.90553903069267,58.73697853606117,45.377508324774865,34.941668838472374,40.03031688859209,48.73527154236226,46.0460398283608,63.56929615882567,49.03101536619244,56.7358946933771,43.329838927804936
29.41856628623079,23.53485302898463,15.0,695.5584735850017,dog,86.26161894161385,29.41856628623079,23.53485302898463,15.0,57.82321018825236,72.72008515722031,50.123837124750104,51.42622646784736,46.4408529377533,62.65254992299833,28.988692241891513,41.03477103702741,45.883359980945976,45.945686784687474,56.46782655135765,71.00484075696463
46.2709806690856,37.016784535268485,15.0,460.97507162051164,dog,130.15888210413638,46.2709806690856,37.016784535268485,15.0,55.15091912052579,45.41821885088975,75.14772983535454,66.19062986546126,36.39999425365592,71.83301608470593,43.33229404417277,46.4418346977751,40.20392104238361,56.12783599647296,45.837974757311216,55.72575798108136
60.81133026359001,48.64906421087201,15.0,536.7500379825865,dog,111.78387657970981,60.81133026359001,48.64906421087201,15.0,53.57207761006792,40.92301184028777,19.666607865296726,51.09759709130442,54.2643952698989,56.321574212514555,42.93704437574715,59.76012449115741,42.03819300379433,45.10345230043552,57.81330460665634,42.760918804359946
54.62624194106851,43.70099355285481,15.0,543.3594510709557,dog,110.42413982445807,54.62624194106851,43.70099355285481,15.0,53.79443719041041,43.86792941617444,58.899490200567726,33.19799855769685,42.7354157981554,51.637327436992166,59.828395131125134,56.68920958402078,58.6736419664591,28.247203727737208,46.2153151495702,48.93470515495137
37.91697552709428,30.333580421675425,15.0,487.5563333797951,dog,123.06270248624048,37.91697552709428,30.333580421675425,15.0,35.2684103698801,52.00453280810802,67.63003510755601,51.65234025854449,43.118121478549234,55.47128737675202,43.33027618106524,48.1770406677251,52.26097721959255,55.238100392058186,53.664486557233346,43.45492958637767
45.83354372297702,36.666834978381615,15.0,646.294973866243,dog,92.83686617748258,45.83354372297702,36.666834978381615,15.0,46.19914618187839,59.73058325907831,52.287756583136314,44.64248980472388,67.6696713310834,70.9504560833775,45.63640894587355,56.883021293885406,48.98535954155406,47.77895660709501,53.66951979328284,53.32063747570406
24.156351469803255,19.325081175842605,15.0,493.0500314516952,dog,121.69150425432694,24.156351469803255,19.325081175842605,15.0,51.31867494466318,53.95086054398181,57.08882517264587,43.84862527360707,34.60269729238993,73.98376347480642,44.28127191436696,47.055037839133895,59.18374558150143,52.73237213972208,50.57693212262012,38.13233228163692
42.815319597440485,34.25225567795239,15.0,1027.68266350186,dog,58.383781424849744,42.815319597440485,34.25225567795239,15.0,57.578419734093764,46.691980700349184,50.76701533735532,54.540857483590536,73.70581991711043,51.462848144847655,36.612075182022096,46.79736653984042,63.261051667517606,49.54831767405511,39.70548800848229,39.99192165137545
73.50932842890441,58.80746274312353,15.0,560.0674982620867,dog,107.12994449094538,73.50932842890441,58.80746274312353,15.0,37.60661618904054,37.96242407897883,51.5080395334391,47.4459066615145,60.349333307548854,51.10963995110802,50.649156444481896,49.29999535313713,46.54589893784658,52.28749081466367,60.77687533076833,57.60676914473946
40.667463746250164,32.53397099700013,15.0,591.1640591576853,dog,101.49466813914644,40.667463746250164,32.53397099700013,15.0,51.80115677755323,57.558716590928775,53.76939896139955,41.28605232713204,53.88787260569659,59.1401578437531,27.984372343667978,64.45160976818363,43.31805134895623,42.36195109762742,43.730257923988944,52.38446535387356
58.11842730893795,46.494741847150365,15.0,488.69122532194723,dog,122.77691288701227,58.11842730893795,46.494741847150365,15.0,63.3859159087711,44.160541515773076,49.936267422410076,56.93872001744421,57.73455269132498,55.391947769875316,31.67925459858711,43.02283023176503,43.70781857168405,30.41822088694125,52.94608311868392,58.72103661541089
58.93895522263918,47.151164178111344,15.0,711.7509329168038,dog,84.29915188746703,58.93895522263918,47.151164178111344,15.0,53.39030573417785,54.83679237713305,39.450587111039,58.37735991220209,64.94232442016849,44.561123132375066,52.62625348711143,55.20568791463717,60.34353348966543,57.80570872843575,50.536032437877424,52.95601074484518
40.22606303429119,32.18085042743295,15.0,525.423171090852,dog,114.19366960050813,40.22606303429119,32.18085042743295,15.0,45.56468809731124,48.81027647780992,38.76964986976615,40.09670021133542,34.71476195865651,52.308236788698075,57.544746898956,37.344226295832144,47.67580886545747,28.97056114807581,55.53689906844458,41.10233540244526
78.9206555526932,63.13652444215457,15.0,455.8325373158594,dog,131.62728653225622,78.9206555526932,63.13652444215457,15.0,41.910650425631516,52.28249383972853,45.35150452573917,47.98507117172222,47.98362890751458,25.77792963605748,53.25236319142133,60.98760522633583,41.99330635028329,26.537290558508595,42.41002564506813,41.90709571479095
75.82772882986981,60.66218306389585,15.0,540.0507065821668,dog,111.10067863761088,75.82772882986981,60.66218306389585,15.0,32.871773718194106,55.148245922905524,63.006613662044685,69.43289441621428,45.17377807046796,51.44469676912654,50.318324009809,67.54481831932671,45.947996640278475,34.746402204046255,52.35658727551355,45.012565980560055
45.49169569986472,36.39335655989178,15.0,470.17294942404976,dog,127.61261589697688,45.49169569986472,36.39335655989178,15.0,50.84884709596997,44.5695682640121,42.4482344861395,56.15166361437968,43.4337153953995,56.07365249197801,53.529141552068,49.24046638108674,47.771531820663654,54.80764460055401,41.23771173436509,60.76525302431381
29.695778853023825,23.75662308241906,15.0,740.8994679134112,dog,80.98264690211951,29.695778853023825,23.75662308241906,15.0,61.24398036592872,55.67097267262327,52.8644820857873,42.447188200897116,62.354382639110156,48.29184926968894,52.69219628374703,42.28142438152246,53.98883839774644,37.08155657153877,49.96989286182622,46.64476758835402
60.522971697557544,48.41837735804604,15.0,663.6018626218253,dog,90.41565941805217,60.522971697557544,48.41837735804604,15.0,51.944295220719184,51.01017807188503,29.91486759372577,56.059595523254345,40.62410215756952,63.95683131092414,55.73781198520799,48.27330374790396,45.85759761295968,44.6792325855614,45.767567918921785,54.225700463136484
38.17848286822297,30.542786294578377,15.0,678.6562943953585,dog,88.40999559792833,38.17848286822297,30.542786294578377,15.0,45.01537069207163,65.24122669049629,51.819156169274464,40.67762434368085,48.071685363013444,38.59467726252254,50.56247165357401,60.83010442754187,66.44366304196106,59.08719065363561,40.58472982987102,50.655314759423774
48.39531624974126,38.716252999793014,15.0,516.014794954218,dog,116.27573586397524,48.39531624974126,38.716252999793014,15.0,35.11040174532273,58.88990780799076,59.12688289232557,52.90507219178444,54.73654811883255,48.41000678854271,43.98642188846919,45.46322098759654,41.59542481665451,62.81104252322176,59.681125511894614,51.73923258721262
45.74875662082812,36.5990052966625,15.0,539.8867033750478,dog,111.1344280659553,45.74875662082812,36.5990052966625,15.0,53.982476361691006,53.90569263105429,39.89738613823036,56.69523977736024,66.68566888964763,36.855390624703205,52.34235429969149,59.32562515568097,39.77231691094383,50.97447867628176,49.27003729356395,26.179563326926917
35.06385941307026,28.05108753045621,15.0,775.9154295150012,dog,77.32801503574171,35.06385941307026,28.05108753045621,15.0,49.88517957832876,36.517444056742455,38.19489265387825,61.44957887039139,54.35810786628892,42.98804990717221,44.80636193088529,47.67184794388024,63.834498829138546,40.210020156710975,55.20878551296041,48.21424373353184
48.820501531895104,39.05640122551608,15.0,621.9816973455763,dog,96.46586106321338,48.820501531895104,39.05640122551608,15.0,49.87312683195305,58.28844910848228,41.166347069306404,52.94971897587171,46.75116370435689,60.43459119166088,39.002459971906525,56.31925110451465,42.10053619470759,46.24634856671664,58.86262405236787,54.31851937015131
64.75633112803182,51.80506490242546,15.0,486.51490736021003,dog,123.3261285364411,64.75633112803182,51.80506490242546,15.0,55.55375415381937,52.006230896444684,49.16109995593815,71.6012134864235,57.77109107048468,45.19617462922085,42.90916314148906,43.98597651753754,65.21349735761319,68.59219775717834,22.79994778326895,53.0787121677642
73.98966710364047,59.19173368291238,15.0,524.2801626764116,dog,114.44262871535025,73.98966710364047,59.19173368291238,15.0,61.58519705610639,45.37364100234638,35.09723076109903,59.52719202587325,67.48735616127385,47.4253105249201,51.211727360263815,47.261851652588575,46.9836226022328,45.09016519146662,51.6750920597214,41.84817134005575
66.10430138123273,52.88344110498619,15.0,470.0300498569779,dog,127.65141296446254,66.10430138123273,52.88344110498619,15.0,46.81502944590919,60.99420837230549,56.93412450173945,56.668714532059894,39.088224226721074,54.82049553233446,51.766711330634315,32.291260769697686,48.65677264738204,53.50289527972952,44.778088020668115,32.72661597929924
41.83484048125516,33.467872385004135,15.0,766.1324725249632,dog,78.31543780184177,41.83484048125516,33.467872385004135,15.0,48.635094856185546,72.78825962897636,56.90518872636139,63.189388628401176,37.19764206122869,50.73563210813864,52.888057362092475,48.18295587139001,39.48964989277644,23.90518126289934,59.26791904368343,59.66982312604608
59.70588433165365,47.76470746532292,15.0,486.545796337562,dog,123.31829902065874,59.70588433165365,47.76470746532292,15.0,42.50307796844749,54.16392518478351,55.98495819258673,49.796320704727606,40.85503758128748,46.77843139470775,38.27425469483809,50.01095587097976,45.037331919910166,46.98307983878061,54.660468913787234,70.13609470984616
67.87443849652331,54.29955079721865,15.0,520.8580847640482,dog,115.1945256397054,67.87443849652331,54.29955079721865,15.0,59.51271223835414,43.444735165748895,50.44278241759863,58.90352064497108,53.393271542887504,41.10187884382079,65.90509033937161,48.145123626857185,57.42196562595059,39.72622630044721,40.71103448165681,43.6861857350865
91.20769853584216,72.96615882867373,15.0,702.0771851495479,dog,85.46068903694618,91.20769853584216,72.96615882867373,15.0,52.2121071911832,41.66628267213781,67.40631534213642,51.121230247290136,62.69413825557784,44.40718144352471,39.06371058193369,61.67601326291306,63.94253232235165,52.2085829293531,54.62745809616831,44.49463116845824
40.57408591667773,32.459268733342185,15.0,679.1444102296527,dog,88.34645341439385,40.57408591667773,32.459268733342185,15.0,50.318646035516714,58.92636051670679,52.84663952638725,50.6551212743413,48.65560737848436,62.99286410125468,49.01158190592515,45.19617564849582,63.30253023600676,38.129284673510206,55.10246970317646,65.62457056823752
60.46757455224275,48.374059641794204,15.0,707.9831463361563,dog,84.7477800997137,60.46757455224275,48.374059641794204,15.0,49.6281411407465,44.01553492684012,56.91575998908334,60.23594862306793,50.81231361961283,47.37183178272523,39.19110610834121,60.85494635917677,48.762381471097726,40.64129922093335,59.486004627043094,30.240803422158304
49.97166749767961,39.97733399814369,15.0,441.9487099135913,dog,135.76236032396395,49.97166749767961,39.97733399814369,15.0,51.91361756542262,50.29952140053805,63.59624547631093,71.554717809764,37.6377396853382,53.50508776930154,43.569664586939496,43.941712603418615,61.74033294059448,49.13849677434852,35.29703455138229,53.682609099625076
38.48288261804374,30.78630609443499,15.0,815.9919793232042,dog,73.53013451157312,38.48288261804374,30.78630609443499,15.0,65.70916418202992,53.08638100228284,45.36344818914083,58.23904106692896,54.43757104420018,52.63549868652311,53.20336588734148,59.43128762247537,59.397523432807986,50.054710600199165,55.29737734265705,40.71449848660439
73.7209916071635,58.9767932857308,15.0,679.5602131681993,dog,88.29239681392188,73.7209916071635,58.9767932857308,15.0,45.512284439713234,39.01498540845796,43.854682836473835,41.65369533377855,62.73153739053043,42.32384748568426,46.60422433985062,44.85055136879845,63.86438749720907,56.645878957701754,30.0731118877935,60.59845778281589
33.89323981534489,27.114591852275915,15.0,364.77975988719595,dog,164.48281017168915,33.89323981534489,27.114591852275915,15.0,50.687646981240505,54.59795037406343,58.30462240450606,39.910923234453755,59.13385409722612,45.70875731904679,34.01269666287787,54.640096404563366,55.17553959322368,49.152164365246236,40.30588891312505,62.97295572042941
21.93682521412948,17.549460171303586,15.0,562.3439714504601,dog,106.69626251214417,21.93682521412948,17.549460171303586,15.0,62.911703764687175,51.14382068053344,48.77545850070862,60.646012442545945,40.40066728494341,48.15878008279975,59.84291762789922,59.136723577055136,63.105719507305665,63.92010422935695,58.08246435932844,39.935036172934346
52.90011994933857,42.320095959470855,15.0,619.9274669272315,dog,96.78551637242253,52.90011994933857,42.320095959470855,15.0,35.721474202213656,24.5924010115502,51.73990727698128,34.30906904053364,43.87293057352102,69.73349498904966,50.45590157249996,42.328953390390005,43.07267290372159,43.40011139516419,30.700758834924045,47.08783807798228
49.4437453123659,39.554996249892724,15.0,468.93968178699356,dog,127.94822517761207,49.4437453123659,39.554996249892724,15.0,39.89128648666771,52.88309520031992,48.404963119438094,56.88358396841019,40.88911418941229,45.35258205047703,44.01387929063845,53.227417616460265,64.67544172557183,46.9494693294926,61.143942638313895,68.95954234045473
59.00411439132971,47.20329151306377,15.0,666.6806115583931,dog,89.99811747899426,59.00411439132971,47.20329151306377,15.0,55.75617222529447,45.78733804136292,44.29259254693455,56.403205171523695,59.97497384314117,56.73023853683279,40.47201616815855,56.43867920678795,55.73120941991744,46.43479475630028,50.43755879501375,48.94595962263091
38.706273331640126,30.9650186653121,15.0,502.9087922771142,dog,119.30592767791309,38.706273331640126,30.9650186653121,15.0,39.985597096259795,52.75466305393328,22.603800782836984,50.47583557222754,59.29033430199519,64.15652675413705,50.406186107713566,48.96761323060134,43.9969011075123,42.96206169436651,53.10330026778319,48.014074908681835
65.35392964615805,52.283143716926446,15.0,540.4338616285573,dog,111.02191083881098,65.35392964615805,52.283143716926446,15.0,50.98129978260542,59.23162765865581,49.50943344579668,24.976146444454145,40.44818865655143,45.774471651943045,53.52522096854451,66.80202603511664,54.57902950273774,47.59266754637931,52.561515658510714,42.92100975000426
67.15249033294594,53.72199226635676,15.0,749.4568606818625,dog,80.05797684660791,67.15249033294594,53.72199226635676,15.0,50.65535393941416,44.01546653645048,46.15890949350916,60.464490339737665,43.27851821594234,56.68894773964401,50.27050555697889,61.13518772931088,51.19860801465655,62.70751890676945,49.80725800047517,54.679856411062566
49.19225181738548,39.35380145390839,15.0,753.0775606363424,dog,79.67306840121574,49.19225181738548,39.35380145390839,15.0,41.743771898172746,47.631974884878844,43.15914845088026,54.501822752435075,51.823246372346276,46.67555955174668,45.502455817481604,47.12855918843976,47.90386101840739,46.844255114079516,44.34026647764983,37.60774517479612
53.80935292881379,43.04748234305103,15.0,597.062289331909,dog,100.49202750208494,53.80935292881379,43.04748234305103,15.0,51.32192990073987,40.06384428128803,38.62446741661263,49.220720273711265,44.89807762326414,68.84606532316866,58.00671881540247,44.22855656817306,39.61322213994713,60.952262434959415,51.67622975803277,67.31697429691704
70.35587603385613,56.28470082708491,15.0,762.056561026819,dog,78.73431326298682,70.35587603385613,56.28470082708491,15.0,64.42258897461471,28.85078359841708,57.979377380858196,55.16760035948794,61.832494466575305,46.37810926778548,67.81682300516016,38.41261464145321,45.725074927004265,51.85369605072698,54.91248767110782,47.140290232108796
62.941107673305396,50.35288613864432,15.0,588.5047494186064,dog,101.95329784385767,62.941107673305396,50.35288613864432,15.0,66.95360099437762,54.127065306847506,59.75425295876755,63.973207255845814,41.06912294115197,49.3364743515871,61.45141521391039,40.10618656933649,33.462721246588,50.478372391423406,37.53894232850834,61.013534922597984
47.519844686404305,38.015875749123445,15.0,413.0513627592772,dog,145.26038505038775,47.519844686404305,38.015875749123445,15.0,58.70755195316448,48.987437453294994,54.6014901218558,43.17112368197864,55.68833718817154,59.33759137334645,55.55267222919422,41.9126532805209,55.312684319319715,77.69367080365951,32.42078813626722,51.64101543652079
52.99796832612464,42.39837466089972,15.0,431.054288998398,dog,139.19360398760116,52.99796832612464,42.39837466089972,15.0,47.75252901109032,32.15164712778423,52.784360684179,56.823799011204564,30.029727824136586,37.30185406720138,47.49895918255495,57.25215595883724,53.85082868273019,54.251096505852956,70.3168070617313,53.934729244643975
55.047128996958136,44.037703197566515,15.0,703.2014102783767,dog,85.3240609631994,55.047128996958136,44.037703197566515,15.0,49.667755077422385,64.20836502963155,46.472922595611074,52.80642135516749,69.10894753665292,48.90329764611478,54.34560347725708,59.51733710362009,43.58909203168549,50.786596477013326,33.849206519239175,41.15787828794166
50.47970862979103,40.38376690383282,15.0,514.4556878243942,dog,116.62812059428639,50.47970862979103,40.38376690383282,15.0,51.51749164747279,44.23616198323405,47.027715004679834,68.57144477477146,42.44381518159266,53.69117847913855,67.19556305153826,65.43601282698421,38.537610689486876,56.28107401139708,46.39096303140392,44.58244655607699
37.90475022669493,30.323800181355946,15.0,652.1837401058644,dog,91.9986137499543,37.90475022669493,30.323800181355946,15.0,53.83652167161433,55.46667330830843,58.70185716077045,40.50352520045337,39.64441770118067,57.13251771906577,57.077184572892705,34.53953860237863,52.434745449781545,60.49494471294485,36.522913240851146,52.37369519003385
39.02653654541982,31.22122923633586,15.0,530.2685600799457,dog,113.15021201889498,39.02653654541982,31.22122923633586,15.0,54.56380951404526,55.80040979360795,53.45466373530311,43.592367058940695,67.87527156772981,55.66514905923218,52.292700301009724,53.067879905185315,55.24694400501836,41.390401970744996,46.04679463843416,56.31448669186888
64.316813144989,51.4534505159912,15.0,528.8014882669238,dog,113.4641284702923,64.316813144989,51.4534505159912,15.0,54.16234112832728,55.517862075756234,52.008135547069294,44.86311535630918,42.63703243337429,68.61374638251907,50.38007688300501,43.1310071462399,43.579688152720244,67.71884246615876,42.98932996571067,70.35137531223916
39.447638224256835,31.55811057940547,15.0,727.6729508115155,dog,82.45462461272855,39.447638224256835,31.55811057940547,15.0,46.93728080259364,34.70159487735578,47.2921340204535,41.74536428242597,42.87191599181444,34.6149361410821,38.812905071555505,42.16389989582187,48.01690954325442,30.866666733279928,57.02351915166674,36.3828355980261
53.880371988977565,43.10429759118205,15.0,495.0425007925015,dog,121.20171481023843,53.880371988977565,43.10429759118205,15.0,45.49119663435845,52.59509554035564,44.41242726668835,42.371996288289985,45.88886674925774,53.00322349054103,46.358211374879346,46.89117129643072,54.54117882862141,57.50886144970125,41.62029806942739,55.45376915706653
25.629149903081785,20.50331992246543,15.0,545.1520240523148,dog,110.06104233824173,25.629149903081785,20.50331992246543,15.0,44.882825083891674,41.05279580556591,51.72939769099186,68.71293345246737,40.761997506206214,58.127570019701366,72.51563570772929,53.79796741140826,49.42894335945559,47.6765642711775,43.38199170303781,55.41970252531689
33.44681463216473,26.757451705731786,15.0,484.3277589121383,dog,123.88305005430131,33.44681463216473,26.757451705731786,15.0,61.983872404187636,33.28151643880041,40.40190148540262,53.91519519257751,45.84077626318502,64.54824866511085,38.095605859647236,52.08302033356429,55.699202456425155,43.5814424725905,52.992328023365175,56.709355630218965
84.17480398681553,67.33984318945242,15.0,472.7308656710348,dog,126.92211225689874,84.17480398681553,67.33984318945242,15.0,49.301589956892784,45.77386585101074,40.65699411874357,48.10935231068124,50.673211885419285,53.433033576610356,36.11299658715015,43.530624034841495,57.0770748602555,39.04687481903568,52.56872069103344,67.89910878539686
35.86490594169251,28.691924753354012,15.0,582.9635414892067,dog,102.92238833105633,35.86490594169251,28.691924753354012,15.0,48.89322609263227,48.23405845412461,46.41395575394854,44.5195814247399,55.619506392829756,48.49907962906159,47.714154151322504,43.46918227354282,55.744268243530954,42.63757387987026,55.00808129656197,43.01385788787068
36.29777542228323,29.038220337826587,15.0,639.7249611202611,dog,93.7903062199267,36.29777542228323,29.038220337826587,15.0,43.63052272981088,63.75760413055746,56.54107530231592,31.954372494579083,66.18226507855717,62.55574296636429,40.89926582239792,35.88225870806798,61.87727065143848,43.24921030975581,49.425445981320216,44.793714509672796
77.95915717395098,62.36732573916079,15.0,483.22055312156965,dog,124.16690393735192,77.95915717395098,62.36732573916079,15.0,44.14318177218415,42.61976987979521,75.0082975234481,44.23324393775425,60.21056330485972,30.173121769897826,55.59491417035156,46.54009575966538,62.07043588131911,35.68525135947336,56.900456635224955,37.28358652016638
98.32294170753568,78.65835336602855,15.0,683.4942374263557,dog,87.78420755371008,98.32294170753568,78.65835336602855,15.0,62.822425768976416,38.29530901867018,34.21275556845613,64.30947700965893,65.77003904070028,43.91434004859569,65.68570025562298,62.286933596809455,52.53654006096205,38.32430257604289,58.59467259360291,48.276895668743755
73.58661099183931,58.86928879347145,15.0,663.867340955543,dog,90.37950249765035,73.58661099183931,58.86928879347145,15.0,51.38305881665494,33.33691165497006,53.9473631872635,26.24501254202885,68.57698476045954,63.45198378817546,59.52776791261319,44.60513583882569,43.85627756044688,70.7092440506417,65.1914006011593,64.91334964030209
42.11430982660625,33.691447861285006,15.0,554.4484308399115,dog,108.2156548069014,42.11430982660625,33.691447861285006,15.0,45.199715482175606,47.83166455555233,64.29039681435317,43.2321704007984,40.11578193079251,44.45172508011193,70.92666884091061,59.00697693717561,49.61802844359318,33.65821068328093,50.2960117415032,42.65790770566508
45.60146150838791,36.48116920671033,15.0,577.1175709421287,dog,103.96495102731257,45.60146150838791,36.48116920671033,15.0,52.245747015656036,66.49641885766124,52.97588130571436,45.67927602988423,40.88611759085275,53.48540078423734,49.7173692084739,49.73777796080946,45.10080199603544,50.68147522791229,56.1777964277774,44.127496057103045
54.69640380133839,43.75712304107071,15.0,441.94725561173175,dog,135.76280707287023,54.69640380133839,43.75712304107071,15.0,45.0474795207968,63.63128707071541,37.88824141577324,41.40912510004661,45.7923239137435,23.4665445058376,47.63324974779988,39.49561479003064,40.80018184867192,55.5814665169591,27.235365142398145,46.499514055108364
34.65783850699037,27.7262708055923,15.0,564.4861574436534,dog,106.2913575626328,34.65783850699037,27.7262708055923,15.0,38.63000577705671,59.15269266080257,47.28794486659368,58.772717893323886,54.64225854536719,39.96989920612353,51.73247077576502,59.88040511725411,45.18038855095936,31.346052808605087,41.91736081857421,41.22685155796401
51.00460558247828,40.80368446598263,15.0,540.5843156120086,dog,110.9910115169963,51.00460558247828,40.80368446598263,15.0,68.51381149386535,55.19722255770665,40.39006108973346,61.0320791150955,49.007446546928705,30.443490416327037,39.33077591116485,48.574131796266514,52.45092905162757,60.831804821869916,45.24046357242384,65.94092246555101
9.45043781639756,7.560350253118049,15.0,869.6128480688084,dog,68.99622071275157,9.45043781639756,7.560350253118049,15.0,50.35203277940593,55.662452256946956,52.43630415872227,48.82283625444983,53.85259734751003,43.909440813284604,32.497570327675966,52.34923238346701,48.150571387366234,52.97527368379902,58.0688030013875,67.52975929300409
51.291922375245655,41.03353790019653,15.0,1003.4446393695208,dog,59.79403112631992,51.291922375245655,41.03353790019653,15.0,56.603812817399614,58.96767077068412,45.42786958871752,49.57021610567957,60.06568300782564,37.47357204586836,55.46341109487245,46.97360679723197,40.78820228242293,56.62116182128023,47.1150329249437,46.31732084060626
49.17201668408595,39.337613347268764,15.0,893.3838658046633,dog,67.16038009703534,49.17201668408595,39.337613347268764,15.0,47.86978670929546,50.56637557322984,54.19470115264255,52.71898712319104,23.237219538633408,41.78577172843855,49.62797594752155,27.928825587350442,51.3866281357099,49.854333179452375,53.354028989732186,33.26636943470007
42.12185978136122,33.69748782508898,15.0,627.2847732785369,dog,95.65033706526438,42.12185978136122,33.69748782508898,15.0,58.349630680034,55.051635206187726,61.94578093185065,38.84643027217527,49.25954462111413,59.038117562498265,47.441669286139366,51.09568999543719,62.00401318495496,25.3722902862072,61.316169920349104,53.98484265844263
56.47276366169463,45.17821092935571,15.0,514.3353040761408,dog,116.65541821550278,56.47276366169463,45.17821092935571,15.0,58.79803169772488,72.53146656584649,50.27115951382506,55.112027238095884,29.8376180952199,40.45778159715404,36.73289405477364,38.84005465850507,44.10733766280549,40.69170201335583,43.42047642165483,40.36737879151822
71.61001158327308,57.28800926661847,15.0,574.6252500025258,dog,104.41587800002917,71.61001158327308,57.28800926661847,15.0,51.43884785854538,59.338142605493,49.81894671873386,30.48457689399155,53.142332564361546,21.360135652876554,71.31079781063336,51.23126392776517,39.032067176620615,69.60850128402973,54.47412094580398,54.278635031744024
27.44038709783875,21.952309678271003,15.0,889.4386275986441,dog,67.45828001870274,27.44038709783875,21.952309678271003,15.0,50.553155893469466,55.91496492746897,41.452205068205416,28.321226759992296,54.79967076200915,41.100369759224485,46.17064882518531,54.71279267838119,46.24687632209861,46.043761534072594,30.42975861570756,65.23599865676715
19.364417547461322,15.491534037969059,15.0,544.5727992471552,dog,110.17810673420892,19.364417547461322,15.491534037969059,15.0,49.98842592614651,41.05944153272901,43.88566637876642,46.53762072110477,63.90787047150076,46.36619024344125,46.90561645178429,49.42884358505253,37.97300999378306,56.99470759725835,48.77048229498887,53.38195848277071
38.56240019060333,30.849920152482664,15.0,535.0125006822306,dog,112.14691231231036,38.56240019060333,30.849920152482664,15.0,59.452542347790846,52.8622972727142,47.54933366486841,30.618886657973942,59.23366741358744,53.44499810427505,35.654645828894715,46.30744260520915,46.127748222945705,46.96868274119871,56.60255304613401,47.347851620233314
67.66112917471195,54.12890333976956,15.0,697.5361950875471,dog,86.017041728522,67.66112917471195,54.12890333976956,15.0,42.77246574238444,45.34061020565575,59.40150995445282,44.8930806657591,49.267455909130405,42.64854218203755,42.10407991802363,35.46754408802875,36.75196496518136,53.66743111502513,35.40281258298357,64.27124417938423
75.9904155157296,60.792332412583676,15.0,634.0560803851977,dog,94.62885359217624,75.9904155157296,60.792332412583676,15.0,31.751018529694043,61.90021725061915,61.15540015334839,53.09701499935367,48.502375521227286,59.050365894765164,35.87451330430689,49.93177644047088,51.270397798275695,53.86723505083812,55.152651276724384,56.213641913748205
44.159466194557794,35.32757295564624,15.0,652.790752024974,dog,91.91306680414579,44.159466194557794,35.32757295564624,15.0,49.44943062516855,52.72445410125626,49.037122787844005,42.187787140911766,53.4813285371985,48.58930882592071,55.10424473723344,54.76428809988971,52.21543252208772,45.685402017898944,46.70689851147725,37.95201615070674
35.80636665530391,28.64509332424313,15.0,674.1505646992836,dog,89.000889625842,35.80636665530391,28.64509332424313,15.0,40.44046456842439,42.962148880704014,55.24851421765341,53.78487044680653,76.71262350623975,58.575043579493894,41.91832969145246,38.9326847936872,49.45054386232939,65.19208079865659,44.37753744435198,37.131536880187525
23.60689419387873,18.885515355102985,15.0,656.4927204700717,dog,91.39476818118851,23.60689419387873,18.885515355102985,15.0,46.61559047486581,54.33769862948915,66.69374555558534,57.59050193315587,43.61208747119361,51.03781296103991,63.44246565329393,56.95681766484023,49.535210840203526,58.43134843828739,38.95722975441805,38.78493503531077
57.31636794690689,45.853094357525514,15.0,549.3408541402866,dog,109.22180563813964,57.31636794690689,45.853094357525514,15.0,52.45619919208611,39.0665774835012,55.510453174490664,43.84345935259594,54.92054782219193,39.169884588573375,48.87087103883379,38.85550845876341,40.110092855247174,48.62174139508629,57.40058467995554,47.38441247526582
57.29453755317817,45.83563004254254,15.0,777.7419019565946,dog,77.14641560272854,57.29453755317817,45.83563004254254,15.0,54.70371309885369,37.6679535908542,33.31295272276816,46.896648424631735,46.85539227868914,44.70183943044686,43.59202768479138,59.05956945269547,42.4846877344392,46.80045126831087,45.003031298674145,50.15222683301257
51.551703792563,41.24136303405041,15.0,434.9750001470566,dog,137.9389619626764,51.551703792563,41.24136303405041,15.0,64.49411853155743,41.078270147248844,47.27278911071027,42.373131641969735,52.622997601696085,56.380876406547074,35.165464743302564,32.933110503949194,56.84939065755591,51.84820381146815,51.503784555435836,48.68373748669639
47.81020942408553,38.24816753926842,15.0,660.7665802719753,dog,90.80362383839639,47.81020942408553,38.24816753926842,15.0,42.982915282472796,44.119913326755736,38.571586793701634,65.17262329182545,35.19263620639574,48.52120821056242,27.61569973791753,45.40032327189091,61.34854025852805,48.38715692383643,60.92933915539069,68.16737558238061
68.13720055729041,54.509760445832335,15.0,612.5517088016011,dog,97.95091440914314,68.13720055729041,54.509760445832335,15.0,41.98571166700241,48.81976033441088,62.27020830635441,51.95231188844756,44.26050579434026,33.65825610231286,44.537633911913204,50.69820589023359,44.957036137057536,53.03366583939253,51.84989906464457,61.806111282970605
63.88834337942828,51.11067470354263,15.0,575.7905729937414,dog,104.20455424971358,63.88834337942828,51.11067470354263,15.0,66.37602861482091,59.427258900875046,39.96743496808516,49.80550343098903,43.33418824193646,60.443026058599415,47.65528749162515,53.260817317669954,45.12718974831518,51.50242388379788,41.160600400784766,49.09010355313717
81.81967045063583,65.45573636050867,15.0,529.6337642148183,dog,113.28582891415536,81.81967045063583,65.45573636050867,15.0,51.04942346844894,45.322204906857436,43.86270898245745,61.082244898827796,38.78309564138964,36.58715273592306,47.856433074130464,70.89313911382663,68.85560572588619,55.3175460698325,61.12246909309967,30.486347987942704
55.68397354743867,44.54717883795094,15.0,438.25059301876473,dog,136.9079721871157,55.68397354743867,44.54717883795094,15.0,51.35657208413394,54.36188046056516,43.33038730733715,63.43507587840174,75.79956398529,64.28874698634151,70.1257936777029,53.56421441781534,28.339351342419725,62.95182188627276,35.605931426811566,27.52898643791999
73.86266733063658,59.09013386450927,15.0,622.335166197837,dog,96.41107117017123,73.86266733063658,59.09013386450927,15.0,56.2916746190328,45.21858721174432,35.63055874452863,43.938495201424296,44.490867529596144,46.0538414024604,52.96257017305884,17.400726525060172,52.73428367197583,32.91979220525889,46.59582142103365,49.83868076864736
55.607136312282314,44.48570904982586,15.0,767.0443266465658,dog,78.22233724394191,55.607136312282314,44.48570904982586,15.0,43.93367327682493,51.631836498432236,46.96799653883587,40.52068359824821,61.504085226440935,29.2441249165989,55.86740080134504,40.072737189968215,48.624290353922945,35.458542978692506,45.307269085753965,66.045442431312
55.35197453479949,44.28157962783959,15.0,578.9463823528645,dog,103.63654015101929,55.35197453479949,44.28157962783959,15.0,51.562588725022884,57.33305030085401,56.1879179386016,54.8959981513121,42.30776268823084,49.0289791422883,33.60564363389941,65.61015683341742,57.63278227317074,52.29511496829994,80.81314840819533,56.512394996058454
59.181396640637374,47.3451173125099,15.0,732.0918044166417,dog,81.95693441454416,59.181396640637374,47.3451173125099,15.0,59.26919744740097,50.76892834758385,33.1698251797932,45.2379441264922,36.03434376597747,73.70323521250212,38.41183029020496,72.26713296299191,53.302254345070416,55.508528524563545,68.16657735984575,30.37184174213097
39.946823482794876,31.957458786235904,15.0,606.536424637506,dog,98.92233600951296,39.946823482794876,31.957458786235904,15.0,48.66948997506762,48.55765420891103,50.04389313492366,52.55641023173017,46.619119136102285,59.071898056349355,68.10765657256616,53.3318885841945,45.47111482320454,75.39349548701813,26.63966474397479,45.579690439797744
53.18843023709405,42.55074418967524,15.0,648.7791326688241,dog,92.4813961774378,53.18843023709405,42.55074418967524,15.0,56.803099775372786,59.209414124958755,59.621671017898954,49.91107176569653,31.59406888425101,45.54119933723179,53.77013794215412,34.552685045794426,50.89464137050251,47.0067212582302,66.6782817201045,65.09455104770664
68.80452811719562,55.043622493756494,15.0,579.5697661289869,dog,103.52506895027824,68.80452811719562,55.043622493756494,15.0,51.33736504756303,25.521631032082524,43.14358469267961,48.42453601125315,42.67317596309114,48.902595017203225,62.93806359050903,47.91359536813356,40.9118599340831,51.088507417131716,48.387242822389446,37.99859967988601
23.40804889408161,18.72643911526529,15.0,586.5722501997935,dog,102.28918940431171,23.40804889408161,18.72643911526529,15.0,48.09650368932043,37.71243335789794,50.56635948631691,53.88443934624595,75.04655343858295,27.49418696065135,47.02487887648544,36.56522855266272,36.42634184596095,53.0098776620076,50.48563381223536,25.946313953681425
54.407002115154995,43.525601692124,15.0,524.6485858848347,dog,114.36226383572216,54.407002115154995,43.525601692124,15.0,70.59959874360494,55.69007761318239,52.4870905894979,29.30836359294964,51.426297566865976,56.530564692249065,71.1943046173455,50.47432585219182,41.63665337523069,41.92589523588309,33.12168575830795,63.75728473847062
42.093797410214535,33.675037928171626,15.0,460.16171771176147,dog,130.38894304020118,42.093797410214535,33.675037928171626,15.0,46.17858628432187,56.517192971728186,49.118528518286965,48.91825014808803,59.256848863910605,50.87066618867218,49.43029667341198,52.96509710777388,59.744331222520934,64.22198437030605,42.47791756534339,52.19352252737811
43.12836409856201,34.50269127884961,15.0,573.6449131078891,dog,104.5943206833866,43.12836409856201,34.50269127884961,15.0,41.54133129843644,70.37658587940123,43.82856811728543,44.07688076701075,38.934268049841194,47.14607027756066,50.82570023703824,39.83981843472192,47.334153128124164,58.34295931483132,33.345665616822735,28.991471312943233
41.797009247414806,33.43760739793185,15.0,703.7310269644454,dog,85.25984744315015,41.797009247414806,33.43760739793185,15.0,67.62640228581063,24.813189684523905,50.20978689978338,47.026035039762064,58.806665742817145,62.88055130596668,58.10882538421093,41.091710060300855,50.919835804544036,41.39144505155085,47.259554774586,56.575264283534935
56.01935687206694,44.815485497653555,15.0,417.666872149709,dog,143.65515677885398,56.01935687206694,44.815485497653555,15.0,54.73622158609716,44.1454120018362,58.673754508699766,52.41231875408659,46.20119522167669,20.636722205886254,58.116936017115655,69.40646409273296,46.56813289335763,51.34205598743976,49.289013454200195,54.17369389920052
39.71961434922332,31.775691479378658,15.0,1200.0,dog,50.0,39.71961434922332,31.775691479378658,15.0,33.920935760704964,52.73508030225098,62.896210726944645,66.84252693352164,36.200343679237974,53.60181640956833,43.03627738539486,49.93950363253604,39.81685844716791,57.50118497169665,28.843448883459388,42.29018266997045
31.487585755532223,25.19006860442578,15.0,925.9023463131663,dog,64.8016502376443,31.487585755532223,25.19006860442578,15.0,36.082015565666524,52.9620011436745,31.912379546988305,54.08470376681908,33.409146274680005,56.190448705612965,53.10512667918585,38.73559677055633,53.5934061478559,68.48480054993013,48.22809202955429,60.78824659644997
47.52588756024206,38.02071004819365,15.0,685.2859569568172,dog,87.55469069648666,47.52588756024206,38.02071004819365,15.0,60.79331548876449,59.699865022633425,46.93630633413352,62.094297744212916,39.398800682669155,33.05579659197766,69.5594611318227,40.934007686001486,31.214590068167777,58.38310456008457,60.41483302163486,43.141227491628854
10.555959119757471,8.444767295805978,15.0,368.97161502339065,cat,162.61413495505974,10.555959119757471,8.444767295805978,15.0,46.28059978653752,41.90900142920934,66.89172977671404,39.61616617518662,63.150095535786726,51.105286411739584,47.97403487049321,63.52722354111961,55.10992576374612,61.47437024430441,57.00909886076024,48.12215714633033
25.9022676221506,20.721814097720483,15.0,338.14689570477776,cat,177.43767800957,25.9022676221506,20.721814097720483,15.0,53.468297814422804,43.40425828048286,22.237045067487557,57.12366555590902,49.545038144962774,52.22868227505798,39.96611414110378,56.10975108555694,39.80651713987412,45.39329267249862,50.72178446586263,65.43735086010926
33.71470651850107,26.971765214800854,15.0,438.1089684718146,cat,136.95222950876445,33.71470651850107,26.971765214800854,15.0,34.893070438924084,49.511098020969705,38.635582697979785,34.539234832877625,52.25375285401111,51.27390592004138,61.76010548682362,47.286818969505205,41.194870852121326,40.55048028768516,46.82686273731933,54.62658666036484
51.72955518707535,41.383644149660284,15.0,376.39389983066536,cat,159.40747187186935,51.72955518707535,41.383644149660284,15.0,32.24574068571459,47.78138504590119,63.75971730755394,50.811001878134626,55.11914495262732,55.05343944219267,60.18961199755584,43.75257465375738,52.22029011018591,50.19993424050447,53.842494277206114,54.73752077787205
25.77031278944377,20.616250231555018,15.0,315.8843262616722,cat,189.9429475025526,25.77031278944377,20.616250231555018,15.0,57.094901075736445,48.9672116019127,51.504164732471104,57.724793077421154,58.16563863228964,59.24393899380151,50.62842495070709,48.330838426983355,43.67831758449625,51.718074465881514,45.566639142468574,57.92818313711275
28.58021011631907,22.864168093055255,15.0,295.99472923558056,cat,202.70631222033123,28.58021011631907,22.864168093055255,15.0,66.27907880141495,43.605499637851494,41.85561693610134,47.64200186075765,53.43586669941937,47.20780589219339,54.82089853723795,62.28988099542511,53.529080907778216,50.41978691222565,66.6055054963595,48.12344133898404
19.810913210222516,15.848730568178013,15.0,372.12144689049586,cat,161.23768329229407,19.810913210222516,15.848730568178013,15.0,54.813389166053355,68.5213033936051,50.506104975297745,50.693118010603726,56.74006823703705,54.51223205907304,40.89891657690462,47.48714195302967,40.26549593001699,45.402576699410574,38.21831851285829,52.48624435063877
29.509452526226056,23.607562020980847,15.0,391.01926146010396,cat,153.44512640107334,29.509452526226056,23.607562020980847,15.0,51.17140453091289,42.66703894388721,66.5844226737576,44.926138152198845,24.53851577349466,39.618003956614004,47.741941802813926,53.342917175854815,40.89415580324033,35.89130135673802,51.59431950619512,49.29986747648467
38.466026628070345,30.77282130245628,15.0,510.5448571474589,cat,117.52150503529684,38.466026628070345,30.77282130245628,15.0,58.22517324490269,43.18464785532114,46.97043821610603,44.649934554930894,59.66000076483322,47.77350882364631,47.30294426834279,69.4086573355041,49.84980022410199,66.39537011619507,39.27874359976349,48.66355138162727
30.63292542645543,24.506340341164346,15.0,310.43399732314083,cat,193.27779984594937,30.63292542645543,24.506340341164346,15.0,65.97905390873603,56.40038623206078,55.650470608728504,44.45240613942521,65.48683600443542,60.23111074140981,56.011498417929175,43.99950900518289,31.998114338357944,58.24284557010965,40.64356025477278,41.7246321474813
22.76863604693386,18.21490883754709,15.0,272.869087129146,cat,219.88566250306928,22.76863604693386,18.21490883754709,15.0,43.66932662382509,50.32828050848783,44.42146326697187,62.91202019668786,39.52974405907298,50.513293334115986,61.69557068389462,48.17891809861673,62.613672867467116,58.36212136350954,47.05303307283739,39.02452300924623
38.61794504240661,30.89435603392529,15.0,567.8708691014214,cat,105.65782339731895,38.61794504240661,30.89435603392529,15.0,42.041424619701026,53.014452136471085,42.75591246639121,39.8844899538052,50.342634929170394,49.44630311622857,55.39685687898609,69.28418968730412,37.88966651963064,43.703731611607054,53.187297238680046,36.37179648270451
28.82174577743062,23.0573966219445,15.0,310.15903094736444,cat,193.44914709313204,28.82174577743062,23.0573966219445,15.0,65.65486539965686,29.742183005244378,40.99899798515652,58.05667280669554,49.9406740440489,51.243704181161796,59.78571485890332,39.08636692313014,26.987845442749375,56.358730628384535,50.07908285403612,50.83046893770066
22.060042815129847,17.64803425210388,15.0,355.18993979011435,cat,168.92370328803418,22.060042815129847,17.64803425210388,15.0,39.36820335292329,59.38275111087627,45.47797383464261,57.900648540164404,41.23784891617695,41.46420432888091,55.714603778445195,54.52587351092289,48.447089375602005,44.53660354394647,33.54351882038938,62.54536298965136
25.694115428437073,20.55529234274966,15.0,391.20774142520054,cat,153.37119807858426,25.694115428437073,20.55529234274966,15.0,55.9561466730181,56.91920282763671,49.9043568818469,46.92379305064729,55.39741891234918,46.84441583518088,53.98047182182509,51.063452805179494,37.521224485923454,58.24231014633785,36.117928480760426,40.801112330632186
14.85416310303836,11.883330482430688,15.0,317.8505273597417,cat,188.76797373405736,14.85416310303836,11.883330482430688,15.0,60.522292410801356,28.544264628000814,47.08358254884533,53.95726840033318,48.99387284513447,53.67492383634663,54.741597761236,58.92574248035892,41.71028090654699,45.669972415358515,40.127319493567605,30.317244337029976
30.738730205673416,24.590984164538735,15.0,347.0554496759536,cat,172.88303657534303,30.738730205673416,24.590984164538735,15.0,53.276914393678986,49.99759534398634,42.52940784819281,49.605390728287794,50.19034916163954,65.14533533492825,63.49794121988692,55.07771410130247,44.242959410121,49.20857848041418,44.73158706924346,62.16506234798529
40.16997069992963,32.13597655994371,15.0,409.11066271325683,cat,146.6595849691985,40.16997069992963,32.13597655994371,15.0,47.48274129827883,49.19482485260235,42.70739105323473,39.77110088772402,54.73401035634793,43.017923460952815,54.81022744234093,33.31878547183227,57.01030308846725,32.4026455805153,44.89332522451552,59.58470668622391
1.6256061027064952,1.3004848821651962,15.0,302.7667386731106,cat,198.17236286572566,1.6256061027064952,1.3004848821651962,15.0,47.696680115606185,54.99694920457764,39.18312005961113,48.2548099037597,52.031067884978896,61.82434070891276,47.12930813477487,34.05260598468781,42.32985094431584,56.89297005371237,68.11860568167542,48.38925807531738
25.660795937075157,20.528636749660127,15.0,344.2739613846342,cat,174.2798083209262,25.660795937075157,20.528636749660127,15.0,51.856798944772876,49.72570639493374,35.75382444263954,60.19350560167475,47.5535267908353,54.96664555924937,37.96688468462818,28.642223883060915,48.91956109751971,61.0534616695395,60.61080072656094,42.90946478543318
24.634419684345133,19.707535747476108,15.0,364.3760410012367,cat,164.6650527162305,24.634419684345133,19.707535747476108,15.0,53.963159136215,64.93436975574829,60.98103510637958,40.7671540313411,55.01504949492119,45.00812736203941,39.70729176042198,49.58730663248481,60.17853186584169,31.35225893929539,70.65094817627383,50.79631871355546
24.159021465718936,19.32721717257515,15.0,368.7645605181834,cat,162.70543979521446,24.159021465718936,19.32721717257515,15.0,48.991585885338424,47.3134254365676,49.35067947264041,41.17410095753079,51.833591748094655,51.77884624256783,36.7812214632426,58.44308908532788,39.32223184902679,44.82032104821249,44.653775256990954,63.78229964340264
56.057234541060545,44.84578763284844,15.0,395.7143955832956,cat,151.6245066383246,56.057234541060545,44.84578763284844,15.0,38.88019883037206,51.58314064086578,67.14844401384497,42.30359239004922,43.47875958800912,63.438930072881526,48.61503513880901,47.608680901704346,39.21799146175285,53.40286193614644,46.931822078649006,49.084822310091276
19.161104169016934,15.328883335213547,15.0,314.69258014384,cat,190.662264653889,19.161104169016934,15.328883335213547,15.0,49.22401159473963,52.45329465694385,48.93969901644135,47.29796365352651,46.09295102554606,48.354389705304634,53.82027805818271,53.53459782066608,50.199032555025134,74.85422777352467,56.012160053927644,42.66812703972873
50.319346288232175,40.255477030585745,15.0,360.71378913492146,cat,166.33686265195033,50.319346288232175,40.255477030585745,15.0,47.08780405342952,51.3479195072448,41.94037534838257,46.722092576794964,33.06467471140408,53.25886902166404,43.52279920446673,73.59712837319972,53.86203500193141,27.99869427446741,54.94922389665681,55.37542042333323
26.390748458437436,21.11259876674995,15.0,296.6506997120612,cat,202.25807678268734,26.390748458437436,21.11259876674995,15.0,59.13371287555624,49.4111484004767,72.29803903435445,59.41087244055019,55.489876682291424,47.89746288521583,61.1852736145418,53.26401468187011,32.168114647362316,41.87924242721335,44.266570577591054,48.34942084951325
47.60196695260645,38.08157356208516,15.0,329.84395449716044,cat,181.90419797588416,47.60196695260645,38.08157356208516,15.0,37.602338874851185,50.82162293131609,47.80583303233929,52.34555374618097,31.53211363560172,48.69712286085587,56.83511671958711,64.6512730681972,55.3781742603242,54.35412427881706,55.36051559809706,43.72386747255196
6.136909328576891,4.909527462861513,15.0,371.44905277749035,cat,161.5295544607079,6.136909328576891,4.909527462861513,15.0,45.42531355494684,48.87814823391159,36.747898337017716,51.68722270080584,41.10802238378843,66.76716602121252,44.59919967153961,41.693224378274344,53.12036328285729,41.693635571964755,55.41050938029477,50.10464763106578
34.991731012642845,27.99338481011428,15.0,399.2281278727708,cat,150.2900116775371,34.991731012642845,27.99338481011428,15.0,57.38277575202982,45.20017087909961,56.6820252160841,49.89236748424772,50.3081162723198,53.15476090651285,60.63393606333861,49.913522802089524,52.8565796248337,52.08298209132851,53.524249394834555,65.77760247206358
35.034480642492476,28.027584513993983,15.0,591.0929551617608,cat,101.50687717734712,35.034480642492476,28.027584513993983,15.0,33.428826579922685,57.90519327869605,34.26171727134631,41.67061353698095,51.50552259304135,38.34690864323538,70.63172976135614,67.43977644647896,35.9628664910844,24.85548208747317,55.726633040321026,55.87003868181017
33.89084069661303,27.112672557290427,15.0,318.73134351235956,cat,188.24631220391214,33.89084069661303,27.112672557290427,15.0,53.33501235093745,59.804941659138095,64.09410854134265,43.72748887415511,55.732722969082815,44.690951606728724,66.99658287943583,45.76131190631093,51.666926032189096,54.93629637829875,61.90263967155346,47.920153628999195
22.592413159403364,18.07393052752269,15.0,347.21143623621236,cat,172.8053679636901,22.592413159403364,18.07393052752269,15.0,50.804969900785544,67.72459668776798,58.37818827022901,42.05037807428987,62.95616523715354,57.03238634825829,55.77903376895374,47.634008385750455,50.42159489267676,53.057249289050006,56.12024945846576,54.649939177900094
43.85676239890378,35.08540991912303,15.0,384.5049788318929,cat,156.04479344396796,43.85676239890378,35.08540991912303,15.0,69.03586020975499,48.75092971176544,58.90022733477689,64.18509199835125,48.30314198705523,58.88695843080624,57.2737384772357,63.32731301109146,52.81467293424858,47.12671250145852,43.3373481413141,45.843014456734565
36.562819799681115,29.250255839744895,15.0,333.93820835072916,cat,179.6739591325324,36.562819799681115,29.250255839744895,15.0,53.79520661308236,71.83436830166148,47.96693634998171,39.26873666493877,48.193068219986145,66.7519614987247,52.897451752016444,64.6343083196299,46.655563102552726,60.53737517965978,53.24359638692525,40.93924148758836
52.41838177648018,41.93470542118415,15.0,520.479702308404,cat,115.27827066817628,52.41838177648018,41.93470542118415,15.0,72.31716020046386,37.86310862469762,62.16459278487493,65.28491218413413,47.53637848979189,44.212902018166744,57.643515052798044,58.266638299579256,41.48324703539261,54.81056391269704,57.10905411432716,54.20607359695362
15.262785408617843,12.210228326894274,15.0,363.0846075387106,cat,165.2507397841233,15.262785408617843,12.210228326894274,15.0,24.412877549641664,48.973622492138276,47.6243339114717,41.923823783461835,59.084461337955965,32.4202392744849,35.571762889342544,46.92477221103471,29.683485025218665,61.38272851969212,45.33145266643068,55.85201116036173
21.27943668230087,17.023549345840696,15.0,343.19915399511467,cat,174.82560577889444,21.27943668230087,17.023549345840696,15.0,54.48466670538879,47.1859744221181,37.86959947951906,63.61191896539061,43.38322699802161,59.76446390350532,48.152106231214326,35.124482539244944,44.85550137275058,57.562520722103145,43.489364423877966,52.23243681511639
28.8126761016595,23.0501408813276,15.0,241.41990456601803,cat,248.52963183734738,28.8126761016595,23.0501408813276,15.0,50.9651172072022,32.80831191451145,56.55678362602039,57.115425638850624,21.15250704193305,53.91752682870509,29.262677348603386,56.05489123547591,61.199041923607645,54.980704519650395,45.65198266700067,61.31157139780097
18.354107473553356,14.683285978842685,15.0,443.99519438459043,cat,135.136597780443,18.354107473553356,14.683285978842685,15.0,33.01281878852667,39.64266988130977,55.609718294108596,41.641809186909974,55.95701450586677,24.88318052693804,62.83391810606135,48.013564305532135,46.029573393254815,49.9803350200912,62.4571087896642,49.73976457756686
44.77857270208324,35.822858161666595,15.0,284.3123983949079,cat,211.03546781192577,44.77857270208324,35.822858161666595,15.0,46.675536680362114,37.406422801380785,59.51690729244443,38.432616221092154,57.25398281123488,57.82979684169899,67.97253337981573,57.32456535699517,68.91081627825756,58.404385590058496,37.390643689476306,42.16644601677866
39.82148844631372,31.85719075705098,15.0,331.9620880290226,cat,180.7435311551431,39.82148844631372,31.85719075705098,15.0,49.53129210869382,63.1273299679956,49.65781332235895,43.237969885850546,39.47843140090547,54.611349299607376,41.11857199208531,32.632299053953076,64.40640392622842,56.50349894202317,68.00460696667557,39.58186776060437
17.230238052423573,13.78419044193886,15.0,361.8922322300743,cat,165.79521375815213,17.230238052423573,13.78419044193886,15.0,58.37862994238751,71.21958855108078,69.25433838242658,46.709412729044985,49.97900091589362,48.38332148877684,42.38435168524327,64.19189482574976,40.86014299261301,54.77961118083197,37.870411178886485,63.70245841112781
26.28905178164304,21.031241425314434,15.0,318.6003958411269,cat,188.32368315675154,26.28905178164304,21.031241425314434,15.0,50.031832529818715,46.19828641508821,45.83937256669068,51.1017794756748,34.27628133295731,49.366920561570694,48.651692624814835,48.11252915520754,41.00152184635471,40.07492441833875,62.663768270709824,30.812300471925443
53.44556440446548,42.75645152357239,15.0,254.79479033727839,cat,235.48362162576584,53.44556440446548,42.75645152357239,15.0,32.72287897184566,41.671343632941536,66.82915662219568,29.650573296612386,47.820643874277316,38.98909576835185,50.869160892794746,39.720421763669385,47.1381144909835,38.34639362939747,67.30602518294948,47.677619912385396
19.973435908563147,15.978748726850519,15.0,393.1784123624741,cat,152.60247794247044,19.973435908563147,15.978748726850519,15.0,53.23160474080406,53.141900359258685,49.028838954774244,56.66504839653643,44.763322771470555,35.01454077499406,63.74842838128877,53.45342847707188,60.95133424942476,53.76333765817089,32.452217717582364,37.30051597390122
25.615905104174452,20.492724083339564,15.0,375.3745630507627,cat,159.8403458997462,25.615905104174452,20.492724083339564,15.0,32.90216979139141,43.213102672060515,52.56406453357676,42.315914881186785,44.459509230730504,66.92625479217944,39.39702803412831,45.24237591009695,65.7282633818158,70.17516946163849,46.921761741451675,53.013539434607736
25.09589714060308,20.076717712482463,15.0,306.9873741264982,cat,195.44777752089638,25.09589714060308,20.076717712482463,15.0,35.143375910023735,54.44476911539814,42.14436972503452,41.47010343975207,47.33504118283528,55.78152822584468,45.64292571594069,51.83670936025277,52.51686464092916,55.723725093341805,37.25757853362725,66.77814580766366
23.74426759242042,18.995414073936338,15.0,353.4842037150451,cat,169.73884368640108,23.74426759242042,18.995414073936338,15.0,45.738129463399005,43.698242902456684,66.62726578498678,53.440307413397555,44.9760891466544,49.2518025465083,39.59935704954758,57.96239607772768,47.99310886156103,60.33441340467851,34.873060832195186,17.89417179660773
40.37624244997579,32.30099395998064,15.0,352.229957669625,cat,170.34326210343858,40.37624244997579,32.30099395998064,15.0,63.71666602238028,28.601378173657533,55.02090178281324,58.37431751849591,44.49909249750229,51.01503402802844,48.017390728095464,54.72964026629024,53.60463892989789,54.813644439598264,52.650051731227194,34.790149364980806
28.02466884050799,22.419735072406393,15.0,319.19606031996943,cat,187.9722448323912,28.02466884050799,22.419735072406393,15.0,45.53972784782498,53.16832803442872,41.0830903230862,66.36867801168694,51.42068420137829,47.740303889521066,67.07916214668441,30.675904168407058,47.275246974082776,43.480524895507365,61.90728254563618,59.62338330996564
24.52952789900968,19.623622319207744,15.0,408.12187057453514,cat,147.01490982469224,24.52952789900968,19.623622319207744,15.0,55.28560952529004,61.90775764020774,48.74255592267812,32.70110103514542,59.34088845441017,42.539883678320564,45.554445682136,32.60607064100846,47.15066841163214,60.03181191383604,52.93836423942107,55.17248542143211
37.31420967383962,29.851367739071698,15.0,371.1271071513428,cat,161.66967824188725,37.31420967383962,29.851367739071698,15.0,44.97115232466487,46.350158925550545,62.13432996085014,51.318456027284505,46.82015757072462,63.38845978490306,44.42463229113965,62.13649451099036,43.947421568305465,58.5298213725449,67.52052128275895,49.214408246293054
42.69201788880927,34.15361431104741,15.0,593.356715107765,cat,101.1196106360789,42.69201788880927,34.15361431104741,15.0,63.867468288856486,64.1917403842309,44.90024192757652,55.3617945723404,42.17041120917254,45.638388257222516,38.13032717674137,52.36848837501084,43.27679816316518,49.23827632133079,60.621994337798775,64.32426306940827
30.796391986722195,24.63711358937776,15.0,335.7298081676294,cat,178.71514098635558,30.796391986722195,24.63711358937776,15.0,42.98437036259426,58.9206261096349,54.17848311397267,48.81386687415205,32.407435548973275,70.81378857287287,39.54291745784087,56.19090541152258,62.5420062005832,23.741038053332424,40.69753301573318,47.800449395804016
48.26309872788822,38.61047898231058,15.0,372.2193613385134,cat,161.1952687905271,48.26309872788822,38.61047898231058,15.0,40.78767448059035,47.34856948442727,51.60695650482676,42.01038838934242,47.0970098065327,57.3425256853285,63.4840005311807,59.051651414839824,44.76463945293458,55.83586637676382,41.157014123446515,48.36959770078367
21.03245724826316,16.82596579861053,15.0,298.5861842674666,cat,200.9470067987251,21.03245724826316,16.82596579861053,15.0,83.75296296520219,55.498103640187864,36.36276521952104,44.13104232751242,30.00031642471736,46.387270310601046,38.99042481484637,61.67783984254297,28.637575079973075,42.549041088150915,39.57279561059522,64.08230106315025
27.449175031725847,21.95934002538068,15.0,432.9733711001324,cat,138.57665160226213,27.449175031725847,21.95934002538068,15.0,61.67926241316947,70.0750977983435,48.94642360485425,40.30856978419095,71.3428809267918,37.893975123672625,60.38182720865966,52.75289399632954,53.39140735294909,71.1909486832165,38.63662276462824,27.222304140475586
25.675498219701172,20.54039857576094,15.0,402.93181441842864,cat,148.90856927393773,25.675498219701172,20.54039857576094,15.0,59.99892515319395,50.355766728513366,40.35327858108252,46.06395177708972,71.08515382649176,53.420431227587436,50.19711679555731,45.243229161793934,62.19085572240782,54.76987387510888,51.23332088466182,71.09076648133872
18.797395747265252,15.037916597812202,15.0,352.45459953317453,cat,170.23469144528087,18.797395747265252,15.037916597812202,15.0,49.76343606893303,35.76228913796972,55.66149276949103,50.250276271207014,39.25118260284005,43.866311720264136,56.99153819718026,51.2810352646579,57.42077644681033,40.05440206163762,58.266763866891466,63.6852344028909
17.98922626412491,14.391381011299927,15.0,394.5913039880422,cat,152.0560625477399,17.98922626412491,14.391381011299927,15.0,53.0251803858301,51.47039642252971,38.57707010674528,50.26838452628342,47.360599804103764,55.36878333356815,29.260603265185466,57.433663461213925,68.97568579332736,43.25869127714897,47.27726907962076,39.683642867062446
25.661928482091078,20.529542785672863,15.0,358.8743350740781,cat,167.1894424760548,25.661928482091078,20.529542785672863,15.0,41.648604152051035,47.329317476283194,47.66431122219344,28.09446453526703,52.32678976410307,49.316666859695665,26.949778316304688,68.62283127169931,58.27001115017765,32.914558979469255,67.54660237815762,47.304999843991496
17.553872036720506,14.043097629376405,15.0,336.5354316374554,cat,178.28731943041618,17.553872036720506,14.043097629376405,15.0,36.53437175534471,49.09452310576795,47.197443225078224,44.92058999966714,66.01969339630364,46.175229887977316,47.80061088202837,42.010143949877445,43.61597481137896,46.356450528512696,20.9082106566552,38.8399010328781
32.16020102399809,25.728160819198475,15.0,304.68650372820537,cat,196.92372082723693,32.16020102399809,25.728160819198475,15.0,56.22306512155856,67.85090361276717,49.11667262778635,44.67762265273769,47.313532600156364,73.62404313613234,38.99938315601662,44.860723357492844,37.00100786412341,61.03844295937485,55.06611175111616,52.8741713327625
32.18788131869856,25.750305054958847,15.0,368.0387997385668,cat,163.02628973526836,32.18788131869856,25.750305054958847,15.0,47.89071067653415,64.73077981547347,39.80823486219987,51.031445963074546,60.19797199265329,60.188827725150844,61.364957243698925,54.24040915648414,52.832834947152946,51.10509433490859,43.631033446517804,49.217343704567526
31.491013929032537,25.19281114322603,15.0,402.5877969400349,cat,149.0358139418144,31.491013929032537,25.19281114322603,15.0,59.579466537737375,56.89577223417379,50.57669806884791,65.72413781428696,51.22390727500459,47.40125487948134,43.30701371508298,47.13144127363679,61.99884863534975,49.230486803413015,65.1375749382182,50.263274111685845
21.405427388551757,17.124341910841405,15.0,392.54586059453817,cat,152.84838288480688,21.405427388551757,17.124341910841405,15.0,51.06974411466407,51.0162704417935,39.55408684603175,59.78037578855049,38.003152465809656,62.05131066514368,59.77255412066519,47.0578543899593,47.9537291832554,64.26037784728156,49.52627596338121,38.153209286456494
32.79754343017254,26.238034744138034,15.0,316.4250593598423,cat,189.6183574126071,32.79754343017254,26.238034744138034,15.0,66.28457007995084,56.00422047629654,57.54307986381955,72.59424205175928,45.22810867681996,40.03938849738327,57.11919049929761,57.395355790292314,49.577570871845275,53.632732406301145,53.5628295025982,68.56249012862978
18.143230640035544,14.514584512028435,15.0,374.85670652190544,cat,160.06116192159894,18.143230640035544,14.514584512028435,15.0,46.60720518669054,42.64415424962827,52.66201029013263,58.52901237930915,43.15105975128576,65.25296928108442,36.359483222881366,55.638120420372786,45.90565846360672,52.59317400919903,40.27855678140893,40.14377853572903
40.12109909953536,32.09687927962829,15.0,394.6158247434238,cat,152.0466140429405,40.12109909953536,32.09687927962829,15.0,40.87120977502668,41.72026774239053,57.168388286909924,55.94785416464735,44.26739674407118,46.83615148882528,52.78351074127013,50.331312174518736,71.53734382455707,54.17643610071332,83.15675015903673,48.66391953111147
42.7522466058231,34.20179728465848,15.0,394.9740375632331,cat,151.9087187860907,42.7522466058231,34.20179728465848,15.0,58.85714021117533,70.60637788465138,59.01727912870653,57.935044378709605,62.08646418707541,58.219177723925384,53.092810286681825,52.14242926312626,59.19824165064728,41.92358353426755,48.53031752959748,45.37402813798777
35.0222681287686,28.017814503014883,15.0,343.4134297943127,cat,174.7165218201774,35.0222681287686,28.017814503014883,15.0,55.16999053323477,42.04151470248292,44.30284460490806,48.68715173834749,28.697170993904145,45.62262594427184,55.57396089892919,41.67309325303131,46.48763289912132,56.373611241078095,27.495204023719605,56.26812925608022
50.574651708891466,40.459721367113175,15.0,402.2067176943355,cat,149.1770210700412,50.574651708891466,40.459721367113175,15.0,44.51866639716769,43.53974181154201,32.32846691504301,43.06430991456494,41.55472854113148,56.17699037710776,54.13371604538329,58.00440739919664,77.15682255364153,52.970205705280705,48.592423219438544,61.98238331133593
44.98778778055514,35.99023022444411,15.0,325.3991894727428,cat,184.38890427852746,44.98778778055514,35.99023022444411,15.0,57.27629722316005,38.61109050451389,37.556037484071375,57.63689862363495,47.41614001257899,39.379014672245454,47.066144912218284,63.59114938362593,48.584032900045656,37.35934643646751,50.34161444039143,54.891702572245585
33.6178211779437,26.894256942354964,15.0,375.33698303538694,cat,159.8563496588429,33.6178211779437,26.894256942354964,15.0,63.56360428478985,67.94770619589792,51.453611523536814,59.244884781013454,53.03743433244039,43.02996120165867,49.395090739364086,38.85356408350891,55.7266849468466,57.85382289777351,49.80964344446909,38.81492307361271
35.09146448428405,28.073171587427243,15.0,369.7409961462279,cat,162.27575688217908,35.09146448428405,28.073171587427243,15.0,38.76903971552697,45.53781521493923,42.68612312970355,39.87588839494515,50.985598587625994,53.52479912985537,32.47368054294133,65.03835836544889,53.86098969965835,59.510203750333964,39.38758560887722,52.36786985245661
34.247020574765486,27.39761645981239,15.0,327.87685627573273,cat,182.99553277875196,34.247020574765486,27.39761645981239,15.0,46.09335426490817,32.1346980056611,64.24656787226093,72.24678526905035,50.39175667928392,39.48457577818175,42.27791896569544,57.75879883458187,62.759666588497275,41.92353011321851,57.16381601203835,57.94495194269536
30.497977648910048,24.39838211912804,15.0,328.74184617161364,cat,182.51403251132837,30.497977648910048,24.39838211912804,15.0,55.57472629814634,43.68440193145894,44.452438470469474,59.63781762645293,46.10187121267207,31.180492605309375,58.15735565301368,33.5859555947849,53.65155206870549,59.75099079780719,49.86368080745943,20.749302158602575
27.421288391104653,21.937030712883725,15.0,367.29436235553226,cat,163.3567137137853,27.421288391104653,21.937030712883725,15.0,57.031346336146974,67.46423431527836,47.28479033005793,51.868388041904005,46.3386963970096,58.06202965636024,41.99388198305139,60.741052644025615,65.53775565732786,46.03348855063912,51.17068656300582,40.682390243871744
25.75687900542175,20.605503204337403,15.0,481.2027386746636,cat,124.68756966191211,25.75687900542175,20.605503204337403,15.0,46.921613834547635,67.56065369721576,48.502371485322705,50.56806916142856,56.26794980453571,59.481537490173274,25.216807599543284,55.36657682402248,38.584160447016004,52.7355999919549,52.86802193499224,48.07746703630675
32.56690473808906,26.053523790471246,15.0,333.61647882253504,cat,179.84723120321817,32.56690473808906,26.053523790471246,15.0,56.10341265091863,53.29544562590462,56.40251731431048,36.70122657600075,47.35852635018701,56.682285935512425,47.04491570715236,35.426096168107634,52.353232501515066,56.500972136097324,45.12419521947813,48.291704817108716
35.853236518359644,28.682589214687717,15.0,552.6207368618536,cat,108.57355867736655,35.853236518359644,28.682589214687717,15.0,43.12345858799782,63.48515756399877,56.07888488567893,62.38361613962229,51.35517552013476,50.95191919123271,47.405643165968534,49.50371334269149,39.007285941990716,45.61277689855472,38.992381597302185,50.65558118170699
42.94714814716713,34.3577185177337,15.0,271.9489379071547,cat,220.6296537200834,42.94714814716713,34.3577185177337,15.0,56.18004576936537,53.35208137650165,43.884018329806885,58.92753765488378,38.27156761629803,34.19802539802087,44.02855596381747,56.928162549635445,58.58150216222987,57.11964390367483,54.98511183421034,54.301856801504215
19.23605883563686,15.38884706850949,15.0,368.55169549678686,cat,162.79941384918442,19.23605883563686,15.38884706850949,15.0,51.51727124485602,47.95231170676636,59.04028739638895,48.724635593427486,53.86288500459173,72.27112135933592,52.58148343039604,54.89929888073238,55.53408281561078,23.894309962263435,44.72021225528368,50.14261597866084
36.630810552031,29.304648441624803,15.0,408.20241956372547,cat,146.9858999467132,36.630810552031,29.304648441624803,15.0,61.017260768076696,62.843260369910766,44.86361746913695,37.484072908708164,36.030140778115296,73.92553959102855,41.920954042383386,53.24921367081026,51.416780147814144,43.8934558600629,54.75631936646404,47.18187379682081
23.334786420181675,18.66782913614534,15.0,328.5075205512405,cat,182.64422044073484,23.334786420181675,18.66782913614534,15.0,46.28086252245322,38.06704346633899,55.82500575713553,51.13546590193612,42.63838523513182,56.1492272078561,41.44090268568602,40.645870626219335,28.16220397197732,56.764770086983816,41.39631849689702,35.18516206068708
35.136869000509215,28.109495200407373,15.0,430.73254608093924,cat,139.29757699044492,35.136869000509215,28.109495200407373,15.0,46.55139080231991,42.81188289500604,67.52174805307098,45.59740390239299,67.9821343437734,38.88425621128117,49.657177958983915,33.82832540689492,56.091148987424255,59.72234445654721,48.215360554284906,54.27060711483829
37.02566563346167,29.620532506769337,15.0,408.8837290737624,cat,146.7409821758303,37.02566563346167,29.620532506769337,15.0,53.181157795860216,44.30248283782966,55.752739261247754,54.14385527650822,57.0735497162705,54.34850172320301,60.590136492309796,67.06852956446264,46.936946665758015,46.38253235340299,44.985510728802595,60.04617068264249
42.199921489226625,33.759937191381304,15.0,392.293754579122,cat,152.94661028792535,42.199921489226625,33.759937191381304,15.0,46.54062183835259,65.87136043839526,39.76762105790509,45.42412344053976,62.71805879993433,43.6646635120814,38.70909842560586,50.702249266950396,42.969709277402096,44.16334650226617,55.453042829659,48.44395062170357
39.822180850840326,31.857744680672262,15.0,291.3355382383346,cat,205.9480980686793,39.822180850840326,31.857744680672262,15.0,62.747103282554846,65.37957055650739,59.96466789348574,51.23049983745525,57.74362048136792,45.48568004825462,62.804796891167065,61.61030799387794,44.50686833753046,48.9385152636615,48.05078390095928,61.78091591445312
6.66795106289581,5.334360850316648,15.0,402.55668560059104,cat,149.04733208065718,6.66795106289581,5.334360850316648,15.0,62.701475334166,41.667248384115716,46.79494862705198,45.21905189387034,49.21138748737789,30.083870781092138,63.51527854160119,58.23952581293429,61.791893090037185,45.27507259114666,40.14208298623625,53.741996802810576
18.079682331735032,14.463745865388027,15.0,367.9372382334945,cat,163.07128978862355,18.079682331735032,14.463745865388027,15.0,49.776007490008254,68.3639689386863,62.542412137554436,48.03247164840701,38.84269010363971,47.219401429535914,70.69587535903148,61.155609462650176,62.61797847920084,53.92091116162501,57.07986282665134,57.80701581191649
40.35078945220362,32.280631561762895,15.0,303.0794932431719,cat,197.96786433142074,40.35078945220362,32.280631561762895,15.0,50.390902471526154,63.67389445314558,56.448516380642744,48.63928407314959,58.78197397864332,49.091970678126394,62.0284702206262,67.38794244375396,52.07583776646927,59.587145626052866,53.065444416830694,67.00048336319784
23.61587411886918,18.892699295095344,15.0,396.3722825753816,cat,151.37284476643313,23.61587411886918,18.892699295095344,15.0,52.10606324025118,57.7375980751341,50.672738757902295,66.67243029459934,57.17961709377408,60.6567082307817,56.353454031826395,30.347411493744037,62.98339717234975,39.30070812935484,48.21331293228984,73.06993635217242
41.5529759417799,33.24238075342392,15.0,360.8701190682605,cat,166.26480506314982,41.5529759417799,33.24238075342392,15.0,59.741178723102394,55.04743532157937,54.06687379043059,66.1606574596974,55.56975706674926,41.02338030232054,40.325518712987304,58.96528080132284,64.01920152385539,60.00963202229689,41.97345030198844,62.41684131233353
31.840568586973145,25.472454869578517,15.0,386.23302858670826,cat,155.34663159064908,31.840568586973145,25.472454869578517,15.0,63.874554956853636,52.2006430330248,44.10794277113672,54.31399710510655,47.92970327507482,63.60506005816731,50.711854277426205,41.34976736422286,56.72618601143001,57.31371911241153,76.40684337753198,59.61887138320702
24.404660234741804,19.523728187793445,15.0,366.05332753682967,cat,163.9105438645773,24.404660234741804,19.523728187793445,15.0,66.110051597049,36.43911084157635,45.73927968282302,35.14971893951899,48.73248320722888,44.72460473444499,61.42931847193051,51.53008702261156,68.39936675972544,43.97462105696387,46.65617733041429,61.2969817364437
44.06997361244944,35.25597888995955,15.0,483.1717477306356,cat,124.17944609097782,44.06997361244944,35.25597888995955,15.0,45.92394581092834,27.52565243914326,67.38855155160647,41.93951931523984,55.185083136509675,46.4577906512162,28.58835780280703,28.792955089641442,48.46438176481662,46.69962523425709,58.03186108530781,54.040873060957
40.732190810256654,32.58575264820532,15.0,367.27668117849026,cat,163.36457791841408,40.732190810256654,32.58575264820532,15.0,40.2561214934366,50.4364271614216,60.217772471822734,43.29966390604595,44.40175781661166,40.0782790057189,49.93767558768849,53.55693250223529,52.42503040965371,56.484769729419824,42.63187073759296,45.551299067289456
37.32315008955533,29.858520071644264,15.0,345.7007236774462,cat,173.5605276197877,37.32315008955533,29.858520071644264,15.0,54.62197419042566,54.44496450593236,54.9020004286225,55.20384272695114,52.91840672148198,53.73227946529512,52.01220249911911,55.532944426438995,68.9366747687784,72.04095094530354,56.23283674559257,59.03699818437035
27.828388086156096,22.26271046892488,15.0,483.7307899928076,cat,124.03593329440972,27.828388086156096,22.26271046892488,15.0,69.24416478838745,67.65496597500403,55.869290998080956,54.26823927099614,36.605651004549905,57.73045252330836,52.1275561277851,65.41372822344475,49.75965197716659,52.40111547918733,46.48146151341677,72.63960750573659
25.726732084125306,20.581385667300246,15.0,320.24299071411815,cat,187.35773066009796,25.726732084125306,20.581385667300246,15.0,30.22277172957614,41.377172874891656,57.82470988567127,36.91741934016628,39.56253071232035,40.40585738549345,64.7041621361203,51.35644403078609,44.993850008560386,65.50829866311086,30.458601001552484,66.41945237314953
4.312719807197446,3.450175845757957,15.0,383.82874163097466,cat,156.31971630119855,4.312719807197446,3.450175845757957,15.0,53.87702249641496,46.39619292803903,50.74969859846832,37.7599350623296,55.40808226228816,56.459300204611175,39.773383750854585,43.737324686897246,59.29927503725387,46.67771118467778,44.71990827212262,56.26428378589385
33.3130558132066,26.650444650565284,15.0,408.32089800731796,cat,146.9432504993283,33.3130558132066,26.650444650565284,15.0,49.09314840846555,60.360697606146054,54.820094970725016,45.80163063592208,68.96704302842866,46.80331006440041,33.96379139453987,57.62817094327855,57.43961659960407,43.25074215781966,56.1222209578365,52.259198760375334
25.589511839137757,20.471609471310206,15.0,449.7685152749503,cat,133.4019567005954,25.589511839137757,20.471609471310206,15.0,42.643393687443385,32.69399437270854,64.53740402322379,36.426341335862816,51.5355519311014,42.75775308179608,48.654922113266096,54.93567177979435,45.78014905519309,34.14806877145532,62.74483615016598,39.495594591328384
17.563489502791796,14.050791602233438,15.0,369.5822329771198,cat,162.34546643835688,17.563489502791796,14.050791602233438,15.0,45.22599475186574,49.99034396667539,49.50276085707589,42.66207705519298,44.13405605994106,47.29441801552625,69.58135065480974,48.36443345212897,46.048291620208204,48.57125340077109,66.03700960074349,57.7474773823134
36.88559222578994,29.508473780631956,15.0,334.23819629894706,cat,179.51269682635316,36.88559222578994,29.508473780631956,15.0,49.355840595849216,53.01719508228617,61.75384334351517,38.811511226371096,39.45049846674384,30.980290772261256,46.47689262402213,45.66951606583244,46.215475259213186,50.42092983719823,49.86178803504111,45.298477064993996
30.022676624166753,24.018141299333404,15.0,327.96442240880907,cat,182.9466731766708,30.022676624166753,24.018141299333404,15.0,46.78476638824911,49.30089083907114,42.58974967247164,55.6540098998807,40.33582767501301,59.70613429910205,57.49969096600111,55.430572921989736,40.23736072869553,55.24669942191527,55.50656816877634,61.4796889046554
9.679966179587542,7.743972943670034,15.0,284.4864831828557,cat,210.90632963898878,9.679966179587542,7.743972943670034,15.0,41.963379480319155,25.216488706137284,37.96193589854532,63.71735751815087,39.291088919088494,41.72503610480081,31.41153181924879,44.534813927384235,45.10627539626784,31.29430524136517,59.14562736221003,35.70170835803081
24.719336776750808,19.775469421400647,15.0,312.08400281460763,cat,192.2559293615661,24.719336776750808,19.775469421400647,15.0,38.99811555828357,46.433196268690985,38.497397658720935,48.65351507795822,39.1896340707212,41.99893725004692,43.93863385854989,46.33447753224553,52.43171708796659,46.370616286931025,44.97913816002067,48.54614478586703
37.41925270441902,29.93540216353522,15.0,319.01026158585694,cat,188.0817240853924,37.41925270441902,29.93540216353522,15.0,42.72300271778744,37.803937708139124,50.39201199058336,50.7255082462232,51.89337501938619,60.74934016470516,57.143263090117685,68.18353876649977,56.22602290306213,49.648035017585066,45.97335194720798,40.421726021426615
13.598913522883922,10.87913081830714,15.0,307.6458491755476,cat,195.02944753128475,13.598913522883922,10.87913081830714,15.0,65.55611246284475,48.980709599921596,51.376433515362194,55.9228051019907,55.0128736366652,49.44939070323999,52.55466260691834,56.16604329474508,47.87578889171001,49.10086605344804,49.76178693371754,58.09391734841136
40.60573548357664,32.48458838686131,15.0,333.18345785761596,cat,180.08096916276276,40.60573548357664,32.48458838686131,15.0,41.479501275590685,49.41334546737242,49.50192783031314,58.98958940553663,52.86078653063844,58.479800325342374,51.780345669418175,52.4969964252095,66.31531620422629,32.60397618318223,58.72189292760441,42.146912213002665
17.082925023141158,13.666340018512926,15.0,330.7598581517268,cat,181.40048896887808,17.082925023141158,13.666340018512926,15.0,39.34886571726492,38.303925738999396,49.077101686854974,44.84020207323779,42.48531411622814,63.15052323061353,41.23430632814984,57.650009795545884,60.91730330802525,35.193042526236766,53.972998998507435,58.17151097509837
30.000180152957224,24.000144122365782,15.0,273.11275955148534,cat,219.68947953414533,30.000180152957224,24.000144122365782,15.0,36.03343250429223,44.53324748658949,49.04570114694035,51.5856281971745,56.22126754423751,49.45912810336871,40.00189098419243,44.160346250387605,42.28230483038747,41.29852589787358,72.79301122875395,49.34485655003184
22.904085965345352,18.323268772276283,15.0,311.6634508879897,cat,192.51535535863556,22.904085965345352,18.323268772276283,15.0,41.8604908280713,68.9995686252586,49.316414426506014,54.155253846718345,43.23161634258001,65.14997707303252,50.771984217789914,57.4439919119395,49.097592939717416,70.73585403260523,44.23814722614469,55.6705767922847
10.987168587570018,8.789734870056014,15.0,351.9575230668093,cat,170.47511721637693,10.987168587570018,8.789734870056014,15.0,41.12534873915512,37.45474727392721,36.86369693547315,45.75502892587889,59.660726990448765,60.16485122825114,45.58795776243243,49.367038908476395,47.1638674172971,48.68737109587177,46.753194148834666,39.72489881131597
23.74635099917688,18.997080799341504,15.0,313.8172987635969,cat,191.19404901002244,23.74635099917688,18.997080799341504,15.0,42.071543815795636,58.63553694632054,64.1731559838288,25.351456395567684,43.97576370998765,52.52981601219466,67.81122819754164,46.31167856096344,45.914605450363425,43.32306823869713,55.87316240529727,50.15364009243711
36.581595804762145,29.265276643809717,15.0,378.44227731472625,cat,158.54465422239767,36.581595804762145,29.265276643809717,15.0,39.87553488298262,66.71828548182965,45.96355184551733,35.315765032043025,34.96961843793436,39.862099352363586,42.26821591956386,43.551074708576905,59.66301233750727,49.32460380093713,44.40363441210171,35.037606299154504
45.80130682577868,36.64104546062295,15.0,390.9060518110709,cat,153.48956538794812,45.80130682577868,36.64104546062295,15.0,56.6208376149751,53.90923701056436,37.38536189506761,54.11576816379967,57.90431883338882,51.4593506706667,38.6699747615947,33.11049144864215,50.687341237673884,49.70715595111685,44.45959097403405,41.1647540572721
26.572926526487752,21.258341221190204,15.0,416.5983018480474,cat,144.02363075854487,26.572926526487752,21.258341221190204,15.0,66.70573079404983,62.58525344797122,53.91483951457379,45.68851447461576,65.57309755676799,55.910874594699344,40.87596450824323,58.027866076239334,28.76302893417403,46.823637365662556,25.152950278027582,39.06638935175637
27.844341028186932,22.275472822549546,15.0,298.20134774559926,cat,201.20633408802377,27.844341028186932,22.275472822549546,15.0,58.97219174802733,49.347213515756074,55.234550143588386,43.7557838285565,51.75587147537835,53.61344151675503,44.18209595321519,34.637663905944834,57.42685808281688,56.31418036927976,40.515422229954666,34.614131904617594
39.987786115420214,31.990228892336173,15.0,343.00366195634103,cat,174.92524615564324,39.987786115420214,31.990228892336173,15.0,58.835922836165146,55.329283851708794,33.972823074404126,48.29738449567847,45.8683132396393,36.92887703078911,52.212452882641365,61.680793297314764,68.12572054722393,43.51836069836769,61.39121389587437,42.763326796184785
37.76110745506425,30.2088859640514,15.0,306.8680740405345,cat,195.52376110678279,37.76110745506425,30.2088859640514,15.0,52.14044306827542,63.800024122796884,57.34296489912468,28.591452685181146,41.746368663834375,53.37897151403036,46.46731205053432,34.449838034916624,41.448614132855425,48.38671714772818,50.93081867976526,53.05067859357007
28.60141155299587,22.881129242396696,15.0,471.06669282775806,cat,127.37049957794096,28.60141155299587,22.881129242396696,15.0,30.875655386639355,53.921803344554874,62.187015936627205,73.20297840644011,37.155445060433294,47.47443760261688,47.83373953072919,54.091191492799574,56.19673212962247,51.348779449255815,49.26148021422398,51.99998994342445
29.459072494983577,23.567257995986864,15.0,349.62651035502535,cat,171.6117005517502,29.459072494983577,23.567257995986864,15.0,60.73745801399106,47.78418184156671,56.92122098492495,44.30972615434217,43.29253653984353,61.69233268168331,55.56776694809017,39.37380203544781,58.21311424225187,51.721114454141286,38.844993217136434,41.92353675599994
14.654686551271753,11.723749241017403,15.0,574.4704562913087,cat,104.44401333943368,14.654686551271753,11.723749241017403,15.0,55.47980534731846,54.15597801261809,21.7035544763006,49.543546567253784,45.95024822014754,40.81808764439458,50.625880359866464,39.706318977361505,65.1395809268347,42.245803803984394,44.513551286170575,49.65744763778262
28.96171903859449,23.169375230875595,15.0,269.2490183300851,cat,222.84203809591298,28.96171903859449,23.169375230875595,15.0,53.176648927786246,52.992964780257275,68.20885599198067,35.20535655777428,50.88560313255706,39.48549429100421,43.22021907916259,60.02202765152095,45.640182958122004,31.746696625295428,40.58353615898885,48.649535667792485
46.59062935944476,37.27250348755581,15.0,311.3852611081298,cat,192.68734745657972,46.59062935944476,37.27250348755581,15.0,50.962180441254446,34.94662286822863,51.67055606053974,46.79256999213672,53.70728589330541,32.45149166651437,44.57579627785493,52.94160398008721,56.35767282480584,43.09091154140295,51.587779025845386,53.40758100701387
45.61581689607667,36.49265351686134,15.0,348.54164696237365,cat,172.14585551802716,45.61581689607667,36.49265351686134,15.0,48.29506180631847,56.17706576671004,36.77475166650415,52.297928873763816,57.044895456840386,31.480036956974008,21.75366574451079,45.093842029897445,45.19242705532408,47.596483293808696,38.15254172487937,54.564081922041154
36.897768610721464,29.518214888577173,15.0,293.0170444869476,cat,204.7662452710074,36.897768610721464,29.518214888577173,15.0,56.285215949782916,31.474026203390995,49.047362436592785,36.40068558711481,44.8828668306786,42.064516262238854,47.674728767936124,41.071854039258454,38.6105229153615,47.68670959604828,21.854023498281407,45.11198012522327
27.254380586587033,21.803504469269626,15.0,346.19270154018335,cat,173.31387904211974,27.254380586587033,21.803504469269626,15.0,52.039697896638614,47.1248750531802,52.65779939642032,48.462825057827445,58.67916273171599,47.91247093099625,38.44256860948535,27.290859412727578,49.939286953806054,59.616694036841885,62.47464271545748,28.86617549104561
28.397702434663817,22.718161947731055,15.0,292.5729528455533,cat,205.0770565646698,28.397702434663817,22.718161947731055,15.0,39.61275029996713,43.679665727561314,46.439930863329494,45.38158248976973,40.81269249975519,69.30807618166999,55.92488785486826,53.333744604399676,44.370819257570126,42.95261554624053,48.82902359428172,57.08033516627364
36.8958030880953,29.516642470476242,15.0,506.6476879926045,cat,118.42548860279376,36.8958030880953,29.516642470476242,15.0,58.31871516605765,51.81688735728935,57.860133260175715,31.95806999965448,38.29912050156493,54.4869552949382,35.76256544178969,43.090096031263585,37.72551288825734,42.3047692781137,59.888325075384486,46.0232862743865
29.483758859744217,23.587007087795374,15.0,470.95316625276155,cat,127.40120313321745,29.483758859744217,23.587007087795374,15.0,48.15678795621559,65.92775794433246,55.676115720765694,38.01602472922962,41.82420711409887,50.125230355537674,49.99211162249365,47.11989992300587,54.5856241571818,51.566931810959375,34.22323734452498,44.78560048241614
31.17574757459919,24.940598059679353,15.0,354.49105600037507,cat,169.25673859578708,31.17574757459919,24.940598059679353,15.0,50.11285784938188,54.65154003819135,47.849954938397985,74.0276133545195,38.99810853626296,32.777558374419506,57.63970839175211,43.08444259657602,55.89590062750706,47.343927254334076,54.26718138073775,44.73150561893158
23.949560844912995,19.159648675930395,15.0,390.6882404881844,cat,153.57513685343335,23.949560844912995,19.159648675930395,15.0,46.65546280419533,52.08416691738144,57.517694838042345,40.77663173968145,46.869189071128424,57.83959112577791,45.90080055355524,42.98020560481569,54.52110023519773,49.31066991930163,39.4289995454915,32.699488975294145
35.67099155114008,28.53679324091206,15.0,341.7392172438669,cat,175.57247448478728,35.67099155114008,28.53679324091206,15.0,40.073325469732204,59.034520578341635,49.571991513646346,41.66944287985158,32.914685859273916,43.76765995995834,46.15286572366018,66.96483230706961,53.85181437913543,37.424785309639496,30.22848789146584,50.72492704659413
40.04321483769631,32.03457187015705,15.0,390.5486336833994,cat,153.63003432919282,40.04321483769631,32.03457187015705,15.0,66.1735511288706,60.04508717019215,55.92509070949007,39.66447498505189,60.48244767616373,43.25472650182308,49.06373833724164,39.4229281661401,52.13447769422603,37.41674298506219,53.0183591188146,51.504848073666125
34.64210916658733,27.713687333269867,15.0,452.67569407934275,cat,132.54522119202517,34.64210916658733,27.713687333269867,15.0,41.09408929923577,39.335278071051896,48.834803714717964,45.036309194535185,37.95601028648256,44.25539958547547,46.14469896088639,36.939292969807155,62.53054420108186,47.13529363206257,59.06472005214825,54.378156574541315
23.85330924831524,19.082647398652195,15.0,382.81772443557037,cat,156.73255486919916,23.85330924831524,19.082647398652195,15.0,61.108699301811875,45.62838507166109,43.44953055229405,50.475030069926724,53.69382781970752,54.99666615076433,67.08307537028458,46.13040686412202,56.020303661494985,44.68825649235862,56.10506104650851,45.053088436466
25.93715517698064,20.74972414158451,15.0,307.13692101586173,cat,195.35261277461777,25.93715517698064,20.74972414158451,15.0,58.46552016534674,51.98970640767804,58.49270814839864,77.36063624397302,44.620841497579335,54.98248732889571,49.822723818705555,63.12733133780826,44.74963884603481,70.01932681264287,41.73798406384448,43.16163876643079
11.013283575086799,8.810626860069439,15.0,280.21318212352384,cat,214.12268882322155,11.013283575086799,8.810626860069439,15.0,39.54917228439924,50.699039544342014,56.349905821069285,50.85897154246206,42.97377175736185,63.172618585097474,37.73072801609272,29.103157198424686,41.08597492724019,40.664271077272915,50.918789631400266,44.82174704744163
18.165015038192287,14.53201203055383,15.0,366.06553692404304,cat,163.90507695470313,18.165015038192287,14.53201203055383,15.0,36.86946053831855,36.17494758960861,40.529434614022314,36.347900001302484,67.11720412483976,33.99882465363021,48.402750095303155,69.96839459336111,46.5464364406246,61.69773974780479,36.237740076641046,48.497643814792525
24.585340264952393,19.668272211961916,15.0,424.57096026320954,cat,141.31913299676327,24.585340264952393,19.668272211961916,15.0,46.989750359259396,58.298227726114696,40.148512616259374,60.00336873867182,52.064708532185236,46.66351739121464,44.77958904310957,61.68937465718165,64.39279859995082,66.14123346037451,27.052710157547043,55.12004883592727
28.3706795980834,22.69654367846672,15.0,411.56306085681814,cat,145.78567832372562,28.3706795980834,22.69654367846672,15.0,39.126117133748394,40.8718045416782,42.79185690510729,64.72828909597607,47.65527877649214,37.74678676069872,61.8089073544459,56.51653105898151,39.49755181185536,22.704867653087923,67.58236958547185,46.84304106717765
25.51393057901271,20.41114446321017,15.0,388.6009000370853,cat,154.40005412821748,25.51393057901271,20.41114446321017,15.0,43.52090675258981,57.866699776566044,26.905870326787014,38.48750821884402,43.22906163483311,59.84459270296985,48.401579480195764,63.75713223857257,49.75564074018407,57.97955246193327,42.38998020061985,47.53474912365959
38.18090023589468,30.544720188715747,15.0,331.2213646221894,cat,181.14773504553227,38.18090023589468,30.544720188715747,15.0,35.95221298483207,44.47423804794952,65.36878316739478,55.35830388557509,42.820237924995666,52.490468999933796,52.90186833126779,39.06497303005564,67.47365155562383,44.527499689662086,44.3241842759091,59.37037725011863
21.848021058950437,17.47841684716035,15.0,397.13682084851024,cat,151.0814330230218,21.848021058950437,17.47841684716035,15.0,49.880089201132144,41.52068688931,60.79556842082893,52.928277439481505,55.24191577852301,47.93981666378593,36.142657272556704,42.50078322939726,45.89914437597924,59.43946576476419,49.106012001333156,49.42955775769789
10.67592155707031,8.54073724565625,15.0,364.60846909588116,cat,164.5600831730044,10.67592155707031,8.54073724565625,15.0,48.95159334882758,63.68871218093562,53.26460592928983,59.427480473933514,56.02891835301636,46.42021976394573,64.98934858661157,66.08072683098237,43.759119711795805,51.82220379634885,42.69455391814231,57.85231221700424
31.60401129270517,25.283209034164138,15.0,295.4771122741346,cat,203.06141324521218,31.60401129270517,25.283209034164138,15.0,56.54611105150383,53.38324018002307,56.7758466616997,38.494948755508844,46.12661109106946,32.03012154497294,60.19653096565928,41.46400726377847,44.39698037815655,49.982029532002436,66.3315386711021,47.716938509631014
32.09318694396803,25.674549555174423,15.0,404.71791155294187,cat,148.251407430361,32.09318694396803,25.674549555174423,15.0,39.84220891461225,47.43725655045291,46.46151928244842,41.9791572018031,50.04221123932273,59.17915739852654,52.291484877945194,40.52881157991057,72.90298591851152,56.058328706380905,67.07891752971742,50.28311150055049
35.743358291883204,28.594686633506566,15.0,339.30536936042586,cat,176.8318612614268,35.743358291883204,28.594686633506566,15.0,50.21759866515904,43.33824342518557,42.57769603994738,48.26534224826022,50.43564584697955,52.23103778640482,48.41747153792243,40.83435709753047,50.53231815490629,54.27205731137585,50.060233228031834,53.346432691938105
43.720350920211715,34.97628073616937,15.0,383.7768520597333,cat,156.34085192470454,43.720350920211715,34.97628073616937,15.0,45.287898802582895,53.55748744561304,49.98827008476946,53.24673656119928,43.54159146219129,45.53339970875286,37.99180968709652,44.337972786409814,47.80566892983315,63.36374174963147,59.73995274180737,49.170715451607535
29.56036451802598,23.648291614420785,15.0,338.16087006182124,cat,177.43034547146462,29.56036451802598,23.648291614420785,15.0,45.8955359633308,42.09472366327616,62.92883293420288,68.4330772032961,75.17305305734612,58.0175987451463,45.25938060169747,38.504324024428286,67.42622656161564,59.77297565670732,27.50485861233696,40.41126429463074
36.51748153823943,29.213985230591547,15.0,408.1192073347134,cat,147.0158691913557,36.51748153823943,29.213985230591547,15.0,57.41232326218248,58.61415484787642,52.30774478625955,31.749736050708336,55.458954003465166,50.29598861587315,49.673653417658805,62.21002894660387,42.53225751356215,60.68548043797052,57.01974327037621,36.55658362607262
46.82443509867147,37.45954807893718,15.0,421.01647261088374,cat,142.51223860177515,46.82443509867147,37.45954807893718,15.0,79.64574280555155,49.14581298874204,51.32092371298704,48.99988852114939,53.021378225627274,59.66073545881527,37.46550886082195,60.78792725135263,33.66394045600959,54.82664118275925,45.03852904708218,35.793475731548355
21.862352125422152,17.489881700337722,15.0,422.2892767759233,cat,142.08269851909458,21.862352125422152,17.489881700337722,15.0,59.543019812496794,42.834629124686394,40.929902931657516,48.42935537976926,50.50430060446328,50.91961982173587,56.231702336265,53.061546157798,43.91288612938898,54.784820348647614,52.475480077273126,47.15279641307611
28.283967899156874,22.6271743193255,15.0,422.76021346845005,cat,141.92442450471444,28.283967899156874,22.6271743193255,15.0,54.97700691193425,54.98157019870145,38.27320572142001,47.05196361380698,37.09676772941877,58.64027830718164,53.927597557541574,58.41661308982262,42.79115579509312,56.253220710015874,48.81245378748113,43.22272970351075
24.78059820244695,19.824478561957562,15.0,288.8870442244005,cat,207.69363389447625,24.78059820244695,19.824478561957562,15.0,43.46681561390412,43.6400743676118,46.90314735232764,41.16734013322858,45.65644453497883,50.81327018580939,27.097835732424013,64.11868216410619,48.04969415910872,53.52080402795364,59.10400371701396,58.769954342942604
39.2460258397618,31.39682067180944,15.0,291.72290974263177,cat,205.67462477641578,39.2460258397618,31.39682067180944,15.0,49.82097090876014,57.539557928529895,43.90272629928723,44.0926065080048,48.12803717133294,50.75314998715158,56.797206343227,55.96609989525214,47.73867752332234,28.3496389138441,27.9401774656846,42.61980013399831
28.983973302287666,23.187178641830133,15.0,361.3840691300795,cat,166.0283480243926,28.983973302287666,23.187178641830133,15.0,45.8621906934401,55.45557188453789,57.577407456781266,36.31737628335759,55.144791717217764,45.20335586517918,62.22173691636284,36.70712326669778,38.531536584854955,37.978370965199986,37.86108794720385,48.88954540995765
49.419652073995394,39.53572165919632,15.0,356.6259739266841,cat,168.2434942675682,49.419652073995394,39.53572165919632,15.0,41.880038755373306,56.98780884947233,56.08488195485507,46.53589522816988,47.24121075731779,41.188578746867435,45.789348139401135,36.04462789713247,44.660036170964524,56.84420243253416,58.11328727770994,43.338772104561826
24.221021744576085,19.37681739566087,15.0,334.7236180189611,cat,179.25236454811858,24.221021744576085,19.37681739566087,15.0,46.56407102461403,49.36528497400421,34.049168481152115,62.804238088372834,50.017761662842,56.815432971220645,56.05343912200378,37.37462684689514,50.00974927210897,50.72076517020475,46.379990204834,38.65094913605061
26.006046791293507,20.804837433034805,15.0,439.95952866709575,cat,136.3761802858922,26.006046791293507,20.804837433034805,15.0,37.54276700039592,54.295867705253265,51.60835202511221,48.9072485367456,68.55915660182909,65.01810613278217,58.51669082329852,47.12241394265699,54.54276375242377,55.296661285323275,56.99237836425824,38.32031854958063
55.212226650269386,44.16978132021551,15.0,389.1261504005746,cat,154.19164180622337,55.212226650269386,44.16978132021551,15.0,51.65064177144225,50.26804369505576,43.64821088190974,46.60065189493042,36.22374313422729,69.60409139569968,55.076112568825664,41.50700669738987,37.017067537790396,51.58546114563437,58.50717393324544,49.221352779008576
27.142474812003783,21.713979849603028,15.0,327.96816052169464,cat,182.94458798853762,27.142474812003783,21.713979849603028,15.0,62.2808540791152,38.64663556936698,57.039934781312695,69.32980669024522,55.991819229296325,50.98697387334256,60.330362912203206,49.119606926363346,61.35675330455269,63.49298381994436,60.102949789274014,52.02972698098003
25.66962179690904,20.535697437527233,15.0,325.26155331082765,cat,184.46692942729257,25.66962179690904,20.535697437527233,15.0,35.92805825105121,32.98934617449601,57.69560446475237,35.46309278971577,54.33402884667313,34.73225295320926,28.2334735562295,42.591764718527514,58.06475026272108,49.71726061994277,42.649349142084304,61.418870478355906
38.61652524496673,30.893220195973385,15.0,265.8149290790336,cat,225.72095633560318,38.61652524496673,30.893220195973385,15.0,40.68994149406302,42.282824660969034,35.414434711736384,20.980202472544626,52.46906892683662,53.91493558534017,51.933212152497795,50.75202273409463,59.397069041160265,61.07937594148584,53.08472723362516,42.45432146378603
24.626293914736774,19.70103513178942,15.0,260.822645919226,cat,230.04137462274412,24.626293914736774,19.70103513178942,15.0,49.00694895549728,55.26635907587551,43.66593707615657,56.727670328475384,52.629883083613045,58.74819355127916,41.765918212805246,46.86982841259254,55.10804884823529,64.9443202414261,28.28741677556378,57.502469918402035
33.63423993561558,26.907391948492467,15.0,354.2868124651303,cat,169.35431376211704,33.63423993561558,26.907391948492467,15.0,54.01203512913452,55.777643909178764,49.361504151384466,42.00244308008441,61.36842332872363,57.567932088554414,56.86452776589518,45.56161264549651,40.804626064322996,56.40424369744006,74.64048427479827,42.20298485918618
13.68313783330536,10.946510266644289,15.0,302.428184953883,cat,198.39420723683327,13.68313783330536,10.946510266644289,15.0,48.4101540698534,55.556029999021696,59.074305748856986,49.00393250192092,27.561385645910896,49.098661289334125,52.39381615237117,51.519757037767505,60.430919441787,59.13295196712778,61.190389757444976,48.09960407935194
18.750388712333358,15.000310969866687,15.0,408.135100725248,cat,147.01014417378263,18.750388712333358,15.000310969866687,15.0,71.09724437407556,38.86439178604201,54.74545873855181,41.32615812441453,38.77503360257346,43.74166872245893,35.60384495028581,38.9687645394402,35.96583330787668,54.7255597522255,35.8127129891039,48.69561206331078
17.210767175208787,13.76861374016703,15.0,325.4765399878134,cat,184.34508368021406,17.210767175208787,13.76861374016703,15.0,35.81561344084072,42.2070648872935,69.69621992159107,46.01466318346066,43.262146613020754,60.44567446669589,34.03497110052412,46.919025372907875,42.70998486784398,38.952759906908156,45.63165920533415,48.501875246259296
46.04980806910484,36.839846455283876,15.0,335.43228414154123,cat,178.87365896683337,46.04980806910484,36.839846455283876,15.0,59.88202508015558,46.35909761016659,74.37268435132094,38.083002417647535,56.87773905747924,60.13193350271937,60.89095075219791,51.011973002456884,41.48033882679851,47.27841332173547,62.538705939846075,55.233934079329124
39.667809608232226,31.734247686585782,15.0,383.54561614017626,cat,156.4351083029235,39.667809608232226,31.734247686585782,15.0,41.95069832751171,38.5467516032871,26.48582087157362,62.067093728476465,49.09321039727869,66.21007283586675,40.47507780147768,59.01078526988284,48.993953577222754,45.12013518665246,49.30267020015073,54.54349222272432
49.73524390621956,39.78819512497565,15.0,350.5870625733056,cat,171.1415120672183,49.73524390621956,39.78819512497565,15.0,34.4486582235135,68.55781321286973,44.63009600156951,64.01544082785145,47.78317415118315,58.67241302276497,47.95601228263992,51.03681063204995,30.737334900342756,61.20345274933405,51.94871133639762,38.40271959150513
17.385195127506755,13.908156102005405,15.0,349.066083956576,cat,171.88722353061385,17.385195127506755,13.908156102005405,15.0,27.774595831447858,61.34648515310303,40.655554170503024,48.76034918641367,40.34026334672127,53.07035346630605,61.43610254294371,44.27528018586803,45.06063918778063,57.46625777027195,40.0755359995977,41.07336817477541
34.781094240208546,27.824875392166838,15.0,287.8416094025399,cat,208.44797291308697,34.781094240208546,27.824875392166838,15.0,59.48741424403478,56.315871660765254,59.998794448640155,74.0993038426215,58.33552034974832,24.521032845797738,53.67136487563206,41.728101541819186,51.57482761507008,38.049478584291904,37.73022862617137,34.24118599560104
17.15619278685663,13.724954229485304,15.0,388.07992202981956,cat,154.6073285270081,17.15619278685663,13.724954229485304,15.0,58.23499406642455,56.59648394770723,54.25576471583414,52.87743191232566,52.835341643414964,49.4310245487847,54.82826542121038,54.007668241606694,65.47991574884705,46.6845416454151,39.208797368273316,51.601522377204
32.46445010365568,25.971560082924544,15.0,373.0000856673271,cat,160.85787190277767,32.46445010365568,25.971560082924544,15.0,58.05532745454661,54.95611362274473,42.47759419052246,51.36765169932566,62.21913013814933,42.12943294753878,47.53816348355271,57.469398528320504,30.57066661009643,38.34387639909444,48.42794705251726,58.5650336433449
38.98221196944104,31.185769575552833,15.0,321.1941836951892,cat,186.80288450347388,38.98221196944104,31.185769575552833,15.0,66.22857150092236,38.342965967687945,38.96514332172183,54.83795280977644,53.874301784412054,45.81425369859211,43.93073761997048,44.59356918716839,46.51854931610458,60.456716156593615,51.205757440140104,51.1717456753484
26.225622267886326,20.98049781430906,15.0,377.07566142370706,cat,159.11925944374343,26.225622267886326,20.98049781430906,15.0,54.08615510598072,57.8248018595925,72.58555996994563,33.05224517768721,66.70701030855336,41.78032465687912,52.60681243942585,46.470752568175975,56.35037900332689,41.988061642205,37.02940819856409,48.4555368812418
18.83420210538861,15.067361684310889,15.0,361.1335954636369,cat,166.14350133492772,18.83420210538861,15.067361684310889,15.0,36.12906376068978,49.21727393823443,39.560991573112155,46.816143067218704,41.52676860072589,37.23721950417855,35.51883675177242,55.24364740202466,55.03744329260112,46.87413243037448,53.97416715079083,56.44370784029212
28.547770607778922,22.83821648622314,15.0,389.55197330267106,cat,154.02309348175646,28.547770607778922,22.83821648622314,15.0,54.25791794254604,73.3946671011212,43.95247173863012,45.89397741912467,52.92369929637308,54.94953265582792,50.09244015461781,57.812766297824396,61.4428626864489,57.62707418452605,30.355607520800167,50.02800576817769
16.216780729123798,12.973424583299039,15.0,338.67007710442385,cat,177.16357025985468,16.216780729123798,12.973424583299039,15.0,43.83074308163464,29.183754533894913,49.20306361059148,55.36403047433421,54.434724534120406,50.41566472650534,45.18973029912438,45.275360804925214,47.20520943359692,59.977029517151664,54.14715487262593,56.05610430823618
46.246596858997634,36.99727748719811,15.0,318.5385326574364,cat,188.36025739003878,46.246596858997634,36.99727748719811,15.0,61.264944773798824,66.79257976029068,50.96181436498495,28.99574407936373,47.221964347257526,67.88735580183759,42.50741247307942,61.2020468289226,42.91010571307166,66.90956632869272,38.50465221594007,38.30785515780413
39.329770977620115,31.463816782096092,15.0,351.2587992843122,cat,170.81422621226758,39.329770977620115,31.463816782096092,15.0,33.87379142661236,34.88063051761084,63.738054836585476,51.02985200449017,50.782991119278016,52.746236079810956,47.417840662884814,62.17607217511786,63.85105225154658,76.21637440548247,45.877116109131194,34.422671245912774
21.961311816617208,17.56904945329377,15.0,389.43331239157067,cat,154.07002454805587,21.961311816617208,17.56904945329377,15.0,50.17685426238376,39.39154285616607,39.86449946612738,53.674763125063315,60.75181612280987,39.008179450670205,52.45850571913125,50.92962387831276,57.75582826982003,48.962148518369354,54.156206299457345,23.105499296139236
16.588065559569124,13.2704524476553,15.0,298.0371729854618,cat,201.31716926105318,16.588065559569124,13.2704524476553,15.0,30.999194544945578,66.89106840136088,47.69534093192046,71.16727165046817,37.40294620618687,51.36327958154466,41.51592184111237,60.842865570228355,44.44927497121154,60.66442683281679,32.99378181017214,56.89343117611871
41.83416547470029,33.46733237976024,15.0,409.04051053867425,cat,146.68473770723762,41.83416547470029,33.46733237976024,15.0,44.351442710491284,38.63093825086152,51.959356548203935,28.27959834340826,46.59609104395649,28.05667098043781,54.76000251873363,51.401421103350266,63.204851459814805,63.6510068736187,48.096435361736624,69.59265827780327
40.18232462477525,32.1458596998202,15.0,383.022633540321,cat,156.6487062276537,40.18232462477525,32.1458596998202,15.0,53.150923199544216,67.22458670692184,54.57386912070365,54.56876516422152,56.1124603202564,59.65978691330511,30.15244926074128,63.64050601517117,63.90143575587754,45.778198740327014,62.88977524021899,55.82428235290973
4.277421222264355,3.421936977811484,15.0,334.31565231230024,cat,179.47110637808586,4.277421222264355,3.421936977811484,15.0,63.22196590173605,58.73347854509241,46.16676472057306,53.12875495374514,53.13630136753218,48.862644142682754,65.5515624915871,76.83053179137661,58.32912829446384,49.677534149297415,49.8985811420414,64.30536906225454
44.84048358934874,35.872386871478994,15.0,301.1624245361826,cat,199.2280414543927,44.84048358934874,35.872386871478994,15.0,35.592314024377686,48.20581431238736,59.45330434681214,27.18369075760559,38.62071931221044,49.10303267945774,68.15084991344207,45.121696120560784,40.806865833727876,60.29231231276121,33.41957526279448,45.47148601732186
15.429060929058888,12.343248743247111,15.0,382.99660491013265,cat,156.6593521477261,15.429060929058888,12.343248743247111,15.0,33.13441122168549,49.55445843779051,41.435493464689884,78.77669190000456,54.95072864625898,41.33219322389215,54.949244618793706,48.50850504379266,47.65350281728293,59.63527147035594,51.32318064220947,50.73464537520343
32.6786139143908,26.14289113151264,15.0,281.4213300870692,cat,213.20345540772107,32.6786139143908,26.14289113151264,15.0,65.21098534164418,64.24949692838022,43.46849443207754,55.994322308930734,43.28379768900924,38.067251167174234,62.761044158563664,38.018732201090295,54.51537382613378,45.340655511577914,43.0371187377064,51.536375442521575
31.356442204315304,25.085153763452244,15.0,358.6096430547008,cat,167.31284604872673,31.356442204315304,25.085153763452244,15.0,40.38729437219617,55.67705071528571,26.85142923884779,50.45908576927326,63.90083721744095,63.28837176963113,42.55359599192942,51.8242338724774,65.33805879145372,53.95108301918292,52.922102289928844,48.017947479924615
47.580582728475584,38.06446618278047,15.0,318.90696157979437,cat,188.1426473187456,47.580582728475584,38.06446618278047,15.0,63.88023005300504,44.574555471010434,37.029863004893166,59.04532131232038,64.96069565407096,40.22661888210597,65.34853800612171,38.5884492903467,22.52590143540266,62.600835044707175,51.326668737314904,45.16447960313075
29.073661442485722,23.25892915398858,15.0,336.24820264773376,cat,178.4396155207356,29.073661442485722,23.25892915398858,15.0,52.11415951660767,34.020950939675565,52.48748989075015,53.02676097360321,49.98794537615573,50.97284870649599,39.23375154660476,61.901492292406765,51.270099569525016,62.67665632817245,46.42145440697877,38.47183837207138
41.32553677866074,33.06042942292859,15.0,364.6863943913317,cat,164.52492037752356,41.32553677866074,33.06042942292859,15.0,60.49719938297955,53.62486378534767,45.38534384334997,47.47357047034512,57.72472038184682,52.32538428258676,54.79381849543782,70.44227443544742,51.73098794979009,39.296320683362694,62.492288894643615,61.70017351136059
35.06201600308325,28.0496128024666,15.0,346.90042279486397,cat,172.96029655023045,35.06201600308325,28.0496128024666,15.0,58.58274388004973,51.07219216458128,51.634467539913956,54.4859701928855,53.24112416204709,49.63043603865389,51.72652155697879,50.596941755851546,54.22758416505589,46.813683705510726,53.367978627202724,60.2801593468643
12.360618712397958,9.888494969918368,15.0,311.7983798431646,rabbit,192.43204544609938,12.360618712397958,9.888494969918368,15.0,44.98972696401048,48.60695469652811,45.93478185928433,52.28216120892303,42.8841552262038,57.15443574649047,37.62662673023768,40.44335806927337,43.576327792349325,50.52799910900256,55.1476428707064,72.32125600325425
19.20456671306621,15.363653370452969,15.0,332.0576765254735,rabbit,180.69150103023492,19.20456671306621,15.363653370452969,15.0,39.51200004486719,40.35611669536661,47.33951741002531,55.871010796398764,65.83446882478289,32.01793283854975,68.81495731155948,51.3614045394588,51.83554304395848,29.009771918897286,48.10137923786755,48.87366265165891
22.312735009489952,17.850188007591964,15.0,274.7682110035741,rabbit,218.36587202301774,22.312735009489952,17.850188007591964,15.0,38.31808943526271,48.27337692904673,51.27012023789712,38.618700253094005,38.612003496928395,28.41339855529858,45.81087266608958,46.78580675272147,59.03067320105724,44.95961974371284,49.89013893152115,52.99959432584426
23.99958386119045,19.199667088952364,15.0,262.01864273876237,rabbit,228.99133959647733,23.99958386119045,19.199667088952364,15.0,48.86109103404952,56.40075622019616,53.62596740748013,51.68543431116825,58.36911854505305,38.706354778628416,60.8401232087231,31.61715282657427,49.94239929906928,35.36478295430422,71.10143133098616,46.97100123689836
23.337829142017267,18.670263313613813,15.0,239.83505328761441,rabbit,250.17193766103466,23.337829142017267,18.670263313613813,15.0,48.55625533522487,48.00678472605433,62.81283364431607,52.44562196170269,38.961877289637876,43.88376122839238,47.77413140116676,23.47826183470742,51.29483630870239,56.753874153450184,57.96007428804223,62.63117122672635
27.481776240722734,21.985420992578188,15.0,407.56181553134786,rabbit,147.21693179665667,27.481776240722734,21.985420992578188,15.0,67.7001770317319,48.03993447353366,60.30056617307242,32.89184704990462,49.509651440434006,62.37880735575962,50.10777306860602,49.19588908580049,66.27603900734383,53.8596465825927,68.58091586001541,50.195214978058765
35.053232130778845,28.04258570462308,15.0,290.8889685152844,rabbit,206.26426744968632,35.053232130778845,28.04258570462308,15.0,43.50059963819153,48.074877371065654,63.09390264877903,55.97560210280666,47.351652542320956,54.94499411167844,62.59603507119146,36.401762118321756,37.535139257307975,42.56185598341942,49.968812008874075,50.81949668968733
33.985953292720026,27.188762634176022,15.0,265.9918107493591,rabbit,225.57085434685536,33.985953292720026,27.188762634176022,15.0,33.9416590054185,63.342251424885305,40.39992774407541,38.609827115758016,49.64132300939001,41.77224171521531,60.145169844520474,47.795434764985195,44.25692692850286,53.93640647830311,50.76682864593502,56.81917130814483
29.063102421929138,23.250481937543313,15.0,356.33435776377615,rabbit,168.38118102486106,29.063102421929138,23.250481937543313,15.0,45.642838796571816,52.28838281257299,38.432152197184834,49.4087783662518,50.085105257774224,74.73675890264775,46.44621211805258,52.52995054864613,44.732763868055116,47.807980374068165,55.37164632405971,56.27845795218218
16.770180878848212,13.41614470307857,15.0,283.4917740526246,rabbit,211.6463527046192,16.770180878848212,13.41614470307857,15.0,70.78312376618004,55.24770998305919,43.800666093380514,52.39412398499098,57.213567807734385,55.47459529648923,69.75887745316408,48.72132722207423,41.988573971523,57.01020036135111,54.28376417346327,58.483872395578864
28.829936733310184,23.063949386648147,15.0,228.36739169815002,rabbit,262.7345329551533,28.829936733310184,23.063949386648147,15.0,50.33112555188363,57.799428834283276,54.132055296074235,67.7490708394647,35.899997693870596,56.91774444003933,34.091513480311555,50.1693945413382,45.86832598056172,66.2297286844111,59.690909276786186,51.59050433587471
11.645490134842824,9.31639210787426,15.0,317.9864004040739,rabbit,188.6873146894219,11.645490134842824,9.31639210787426,15.0,55.864991151817016,62.59519070961903,44.15024932197453,50.87142527477764,56.20775752823777,48.90279038428035,37.77345925301276,37.67269320085745,44.734315055386816,34.255361169332915,62.10079914307872,43.145673410649536
32.917498483985085,26.33399878718807,15.0,217.4839360841201,rabbit,275.8824448385592,32.917498483985085,26.33399878718807,15.0,40.075184342180016,51.95755012907935,46.24446612784115,36.3738037140764,46.628322815292954,59.75311161851725,67.68080743260052,36.5268088587914,48.91662115180726,57.75752455153449,48.43852051986226,41.72994895710182
17.432028649591523,13.94562291967322,15.0,266.83224489878086,rabbit,224.86038005923973,17.432028649591523,13.94562291967322,15.0,29.75860439584241,59.33842245689665,60.470924221421996,51.62028754252082,39.65386015127065,63.38848688546591,62.642913921960854,48.61413835891874,43.09720945718488,51.22363085239103,54.48210316807629,50.94892324195573
29.498322492293404,23.598657993834724,15.0,281.26546061532616,rabbit,213.3216068149201,29.498322492293404,23.598657993834724,15.0,35.260158166876906,56.375422594274674,52.194860280001954,47.50135562186838,69.52019701211168,50.57525850099014,49.03793151845036,51.61890517335911,63.71582269448653,46.76302252086755,49.40209710396302,41.85105369162605
22.83144920078332,18.265159360626658,15.0,245.02998695521035,rabbit,244.8679883861217,22.83144920078332,18.265159360626658,15.0,56.040856024552795,38.078802460771136,34.22292342259246,54.405210857583015,39.68064832723305,59.26043433566529,40.3861052372751,56.794592451600366,45.000397675486575,54.8170204599071,52.39299956239769,60.40976975689113
18.608366615297257,14.886693292237807,15.0,303.85524239300224,rabbit,197.46244799817148,18.608366615297257,14.886693292237807,15.0,61.65788590980618,56.364194749519044,64.5105262465658,52.17992943053591,46.80690494101619,47.40950241309545,50.38781158643842,60.780106377019166,48.52715080149302,63.592598427761644,60.45863329776597,46.31459439500402
37.41499429518738,29.931995436149904,15.0,448.47001455697637,rabbit,133.788208915754,37.41499429518738,29.931995436149904,15.0,43.08459585461937,57.27166124095002,41.485311788029776,56.7372737002471,60.042198026043636,45.143387835605196,54.15763363257957,59.91606322083855,52.179305820989924,55.93800676225904,58.35817679549069,62.83627457080721
24.103801403287417,19.283041122629935,15.0,276.83822764053275,rabbit,216.7330737209763,24.103801403287417,19.283041122629935,15.0,48.76581388822404,73.93195500236224,66.83265858665223,44.6712423654033,48.50096998977658,56.914400067674535,49.70492164114578,58.11939461946162,33.72267615252116,81.8686507544804,70.01662999266607,53.31934433554473
27.386543119307124,21.909234495445702,15.0,268.3361134739896,rabbit,223.6001678015506,27.386543119307124,21.909234495445702,15.0,40.98482228606855,53.765655603029394,64.19261100345743,53.285178584474686,51.38580605583627,63.672210642920476,45.589973647581736,44.64750891527005,54.262828610332576,40.7516172415093,60.210856310285685,59.97087503629649
17.65432010922686,14.123456087381488,15.0,252.70569678720832,rabbit,237.43034194643897,17.65432010922686,14.123456087381488,15.0,43.166067431732706,42.56551679707674,63.810179971827324,42.44169448703717,59.29937413450361,46.21426035852154,30.215519094375562,43.122438356653056,44.50178764495745,55.148869707872265,41.78191373094343,58.42137155632223
30.88215773585245,24.70572618868196,15.0,268.83620696157146,rabbit,223.18422313024467,30.88215773585245,24.70572618868196,15.0,38.320460617350086,49.56260001207784,45.906562557158416,45.647630817166466,48.88395198890699,44.27691310760905,43.50888201347577,56.30496938186864,51.2648909434258,54.494633858940354,36.87611928799431,52.83970234716262
26.434028149329908,21.147222519463927,15.0,360.88585772881225,rabbit,166.25755405767939,26.434028149329908,21.147222519463927,15.0,64.40733444731559,48.69845008125101,61.99627012580268,31.84235157099167,59.3518749818152,23.637170844180098,57.80492305742496,55.965726345016215,44.830024355693666,53.40996378252777,61.82001085046872,38.04446929337328
38.325487279992544,30.660389823994038,15.0,292.4113858078145,rabbit,205.19036847434737,38.325487279992544,30.660389823994038,15.0,47.39622130864433,48.72277064009425,57.91134047999458,55.12822840025346,67.69133897967774,67.10741058129665,43.781881506647125,38.496782448885114,66.96913865771218,55.97608037621197,61.28599047837541,52.0639697626015
19.690911284470367,15.752729027576294,15.0,259.25451929864477,rabbit,231.43280264628214,19.690911284470367,15.752729027576294,15.0,50.33128670470793,48.605422153666595,39.91121264776616,51.946475752389944,58.12354260683234,44.16503742265411,50.04460535976615,48.98176609800321,51.60799168153222,56.449851738224865,42.46679719389594,60.46567655871195
27.670677018145906,22.136541614516727,15.0,257.3700984713238,rabbit,233.12731493042966,27.670677018145906,22.136541614516727,15.0,64.62423055426329,54.72796832599021,41.96086859412799,48.98036511004976,49.64099397378901,46.13062624588454,61.131144135269864,58.03600655300536,38.96425461728439,49.95363468503823,30.241064864041103,55.61728158536519
32.64148945280119,26.113191562240953,15.0,412.86688320176404,rabbit,145.32529113186,32.64148945280119,26.113191562240953,15.0,62.1605428866185,51.48332263727683,53.69921449470756,64.42034530879792,56.34370834489799,34.85486349734355,48.53975692899725,30.316400969483528,63.87806968729468,37.00797174904434,56.736210386928306,56.58747375620322
25.378772176705272,20.30301774136422,15.0,331.76104791694996,rabbit,180.85305787622136,25.378772176705272,20.30301774136422,15.0,45.351628145059436,44.958045381598915,38.61212657829004,46.80372590833129,35.12728967090113,57.093844275904026,40.809574832497844,61.62147044336752,49.252330823964314,61.958023710773176,48.455741482874295,45.22165835518391
40.86521895095288,32.692175160762304,15.0,325.71180539396966,rabbit,184.21192909304006,40.86521895095288,32.692175160762304,15.0,42.9736486628496,43.15808743812117,55.07771693838329,44.57707696676984,68.29540954303968,51.247405160947196,42.33535448535279,63.269692103780756,51.10451689863833,49.72503505528651,52.28764139416269,51.45126381858453
29.77245447351386,23.81796357881109,15.0,311.73235428263195,rabbit,192.4728029532701,29.77245447351386,23.81796357881109,15.0,60.663263493836055,36.88541255241057,54.97238472308621,45.98329993368674,35.463579493046495,44.97815069001297,32.54723038513826,45.38946020072936,41.888953119227985,73.67283390441511,40.812136146128665,57.70570698413207
26.958930967614947,21.567144774091958,15.0,375.1815313318032,rabbit,159.92258410752413,26.958930967614947,21.567144774091958,15.0,61.94644234860027,36.464047242131294,44.39990416991713,56.71267143937662,51.39358025605963,41.04555814918643,52.07208613349032,58.99774519529715,62.77897693568208,65.57924611203308,61.06796442084309,44.63291863787783
30.292649863690027,24.234119890952023,15.0,343.2101495328972,rabbit,174.82000483277932,30.292649863690027,24.234119890952023,15.0,59.49111446688398,45.08559589467621,37.76050253302354,48.74834497115507,45.29406781756129,41.168329374932654,55.19127785073063,57.18009714852833,46.365663346786526,47.18195314157907,47.05818637729888,38.895588343548255
12.724126267299233,10.179301013839387,15.0,300.88679596623524,rabbit,199.41054510990588,12.724126267299233,10.179301013839387,15.0,37.47696450923054,63.1370355837533,60.83067959737409,55.96726508320274,55.474623931670365,58.238792133561034,34.58200831396529,36.37079580367072,44.65893755371073,39.96638233185725,61.865436454049444,49.097762235546796
21.867210837278087,17.49376866982247,15.0,276.15703768221414,rabbit,217.26768400899707,21.867210837278087,17.49376866982247,15.0,55.790044055817596,70.30744378440284,53.08703476676462,25.65195135041906,39.18512905969244,58.38214787584945,64.09712502370236,40.10369213758915,64.921431454054,47.09605319486087,27.900196065165147,40.477703843311104
29.997362364117183,23.99788989129375,15.0,256.6107209426722,rabbit,233.81719898368638,29.997362364117183,23.99788989129375,15.0,60.462172609661586,59.975953756218615,40.0408495458785,71.30501099772816,49.14471802855354,36.41821050831647,74.5500222963447,62.998525851833655,47.01463799066792,54.412033467160875,38.05747362833686,47.65639098469987
30.262437528919904,24.209950023135924,15.0,291.83168000071555,rabbit,205.59796660819308,30.262437528919904,24.209950023135924,15.0,50.75740780101952,39.495401831326305,39.2824077005757,67.31402482609047,40.538258048358614,49.077328232703934,51.097815902354014,73.42713714068353,49.45555962490997,26.797153335116462,42.48348940792919,40.86947365213822
20.945286637227365,16.756229309781894,15.0,310.8981532384018,rabbit,192.98924543302456,20.945286637227365,16.756229309781894,15.0,51.68798349753348,40.72409659866685,56.66481340657992,70.76593561811906,58.52549903581786,42.86371350150366,51.73869390559816,59.83009836551863,40.900651565197414,53.37465797455997,62.30299144935721,48.55009514997851
24.005849247840146,19.20467939827212,15.0,299.41210055545537,rabbit,200.3927025283574,24.005849247840146,19.20467939827212,15.0,61.04058412984043,46.76131530768912,30.52472115758173,57.26837590383236,43.712635443260595,53.49415040205415,44.63487899591955,37.09056507130334,51.63460077479043,49.58353291658171,44.86690620118657,50.742896985300824
27.72231734312376,22.177853874499007,15.0,414.1421675223991,rabbit,144.87778522759305,27.72231734312376,22.177853874499007,15.0,35.90937441937264,39.71021660089705,50.75787036613626,51.73038023387861,39.34321410989486,39.42607789790315,48.71580286139838,45.11460382805053,39.69490015356682,51.59000086757377,48.44208739089885,35.92898007015314
13.743570599215175,10.99485647937214,15.0,271.67652245833034,rabbit,220.8508834590327,13.743570599215175,10.99485647937214,15.0,40.62547431314974,38.06645873033963,66.85811160815639,54.19202213868124,50.424666358406064,51.184162599824155,67.981119209297,54.41249353940465,50.43221600878167,49.57386822796925,63.67923793722004,47.2179662265059
22.004642616833813,17.60371409346705,15.0,238.34549229936175,rabbit,251.73540905334198,22.004642616833813,17.60371409346705,15.0,52.65942762641883,69.80123588912252,44.64109356326123,47.10254500313011,52.41764674800226,52.10010921584594,49.44558841419206,35.854380542065066,45.97546676777207,43.52622324381732,66.71553365898377,40.90308185240835
3.942942835253241,3.154354268202593,15.0,418.0501153571549,rabbit,143.52346236943362,3.942942835253241,3.154354268202593,15.0,47.62228007004205,20.81811075985849,46.37414327007448,67.9005863593186,57.701174056999164,46.753996520088414,48.52028654297317,49.676518386276605,38.91855627462787,57.17921471740169,46.22946887669596,43.88572095469933
15.536624253867032,12.429299403093626,15.0,314.66879564805265,rabbit,190.67667601559117,15.536624253867032,12.429299403093626,15.0,33.76932214353928,49.177854281514705,62.5646174251775,49.076089895998294,53.545960871017925,53.07489452768604,59.42182699835118,58.2243555214723,45.57798485486284,48.449052201338304,64.02989591814935,61.409710938570115
30.836287073707336,24.66902965896587,15.0,298.91407981517386,rabbit,200.7265768046106,30.836287073707336,24.66902965896587,15.0,41.268285852653776,61.37990047291021,47.074811355114925,39.825700220520176,44.8196231464497,71.58380280866052,51.58082216608982,46.97379037128234,35.992037023370685,40.271328216606435,48.35714648210432,32.25217648379308
25.947006475744583,20.757605180595668,15.0,331.13178466704267,rabbit,181.19674032600278,25.947006475744583,20.757605180595668,15.0,49.52169630741979,65.55240363903317,59.4128348059026,53.54427825144682,67.74478607098659,56.28582724207327,54.54207060856006,50.13994113762989,36.19124044666492,38.66340971126726,79.86278666013345,49.701168684091634
33.93205139010675,27.1456411120854,15.0,251.35450387820353,rabbit,238.7066834858612,33.93205139010675,27.1456411120854,15.0,48.501139728476744,48.086915166711,34.845300185692786,42.31832086831305,60.04933859091055,37.18951244174599,50.908179767375906,49.46400696097209,29.389332236494887,58.993373202743754,47.29330896115017,53.27752382450244
18.802363885619435,15.041891108495548,15.0,248.2839134391888,rabbit,241.65882988104084,18.802363885619435,15.041891108495548,15.0,47.66978830496055,38.83321939412784,70.77190860655062,38.57552083048269,65.79679933701681,48.82305549092877,62.18167467764817,48.216294923032606,43.53639963236425,49.62271953951967,45.218610181624825,45.909631508479215
32.502262806385865,26.001810245108693,15.0,309.9367089785091,rabbit,193.58791089235055,32.502262806385865,26.001810245108693,15.0,51.17231322853677,42.998179580713014,61.12016762941484,50.930077986540816,39.495605430122765,41.49554963968281,52.676749977817934,65.08428046260255,63.63978470898671,45.29036954051239,27.843471355377286,60.72251644371992
22.86299153209577,18.290393225676617,15.0,354.8597459478066,rabbit,169.08088529383355,22.86299153209577,18.290393225676617,15.0,56.22898747619779,42.71065720693543,49.58592998206919,52.048240883495225,44.0356538358735,62.4531727360205,62.16935889178074,56.420505364516714,47.133510637815185,39.01453444988169,34.72698010817847,46.001955378206276
16.40286709121708,13.122293672973663,15.0,255.52211525929872,rabbit,234.81333480318602,16.40286709121708,13.122293672973663,15.0,55.60129500370804,50.21578596698497,48.63057728664808,35.89423039813905,53.46403757631029,45.39026182104041,52.84749835060229,76.11736874990314,43.10809356622648,46.761164349579325,46.85527486461142,51.90479866366942
7.9146648737305725,6.331731898984458,15.0,238.79303306505645,rabbit,251.26361196498425,7.9146648737305725,6.331731898984458,15.0,55.43125984509512,52.03807684843151,43.51092581853268,49.19317915999372,33.794140507147304,40.90911461100164,34.60308328508823,57.56828434169338,65.85200058964762,57.726450082129695,43.59069631632706,59.931171077824075
33.19904609434481,26.559236875475847,15.0,303.8357236855485,rabbit,197.4751331811672,33.19904609434481,26.559236875475847,15.0,42.7258850453888,48.74115325489806,42.554442748628944,47.53248589647694,52.586557634240656,46.79529158460719,33.03370751029364,53.59351487675514,44.288892458223,42.54885264525266,60.21702903514331,60.23901958604269
19.30456562299981,15.44365249839985,15.0,257.2223933504808,rabbit,233.26118390573575,19.30456562299981,15.44365249839985,15.0,57.3174211841771,42.11158184708722,52.63060558884448,70.95578493292017,48.6600427103079,48.32675809285131,54.95679267808583,57.314392413668,39.38993932809323,48.08568885958663,55.69519155154248,43.27112155217257
25.303832371335915,20.243065897068732,15.0,287.6225459902235,rabbit,208.60673419544602,25.303832371335915,20.243065897068732,15.0,49.35178977669985,49.43895404264301,44.82603470449325,62.033798700719416,59.875084729344024,33.01483148075715,51.3331124837011,37.856793258578456,48.40908410045797,41.54133022169944,52.21427107250012,61.33011932509755
42.20722650463749,33.76578120370999,15.0,292.4972261039524,rabbit,205.13015046055932,42.20722650463749,33.76578120370999,15.0,55.28901254811644,66.47411263173649,46.33559855012737,64.83528420522005,48.99792535816569,38.851470654270884,28.243348116674653,42.140184470037966,55.33704041871415,62.7471965309891,46.96086697855925,43.96794154825843
32.6607900265561,26.128632021244883,15.0,295.60416963925917,rabbit,202.97413285212133,32.6607900265561,26.128632021244883,15.0,40.076422287473186,55.87285543991243,41.79356350874647,57.94061533114137,45.651084057649555,50.99775793639201,52.63801865099394,39.781561304111776,42.30256581056267,51.466221805430926,54.02091492787762,52.91863702039378
30.515448923370684,24.412359138696548,15.0,281.5607592714343,rabbit,213.0978768321829,30.515448923370684,24.412359138696548,15.0,53.40237656787391,60.57409213713652,38.543755519836466,54.97666875333745,54.35088699689878,56.323934476236005,57.66270546658498,52.34339319120781,52.59195720521493,52.15519335026506,59.50819713058894,42.650098609431474
33.8657451644252,27.092596131540162,15.0,243.66787153728248,rabbit,246.23681251641614,33.8657451644252,27.092596131540162,15.0,52.17189062905697,46.08881654201908,60.23924259557041,49.18812018047799,72.14493553242386,29.9623711149183,65.20890819768921,57.44680754504461,66.19496026744076,37.87362785562741,43.687464486191764,49.06597078691267
19.819497932465378,15.855598345972304,15.0,208.6698240569112,rabbit,287.5355853256291,19.819497932465378,15.855598345972304,15.0,48.52833666756156,31.07412974023007,53.36264135169574,56.04167296858316,71.07417195871992,44.239608126507676,47.770490352938225,62.94451366239973,67.65047681068708,49.6790238108741,51.727987819372466,60.36712642829193
26.12951054463475,20.903608435707802,15.0,280.0889984474124,rabbit,214.21762487135027,26.12951054463475,20.903608435707802,15.0,60.21521597830766,60.19219628308644,51.83725983864032,44.87856929630091,49.943008180430766,40.28292116275444,58.25165713661615,60.29994475956042,52.33553904289033,51.56919293718773,64.77674031098853,45.83356816477165
28.983297258286836,23.18663780662947,15.0,314.6593219016841,rabbit,190.68241689895686,28.983297258286836,23.18663780662947,15.0,54.57844099487214,61.952408298944206,64.06842171358362,41.94890696266974,41.56617229079974,60.81890582028895,58.50864082629679,65.65316169725875,35.93972430135375,58.069550131921915,46.16747370624891,52.61202274965643
25.638482032803033,20.510785626242427,15.0,278.22749211288124,rabbit,215.65086736884024,25.638482032803033,20.510785626242427,15.0,48.64246622588134,49.69228865274842,35.22219304606642,44.21664491534925,33.034647967045416,48.33974510168929,49.013780748780164,43.0069283132192,66.74692290397735,43.54019609324477,42.61485531685758,50.512875739655065
21.994609447998084,17.595687558398467,15.0,250.17360468576962,rabbit,239.8334551535241,21.994609447998084,17.595687558398467,15.0,56.18304579485966,46.36987105337967,54.08132853244224,69.34640470177196,47.094973303083904,54.69657706375164,55.79193752008185,54.9151570523511,58.36785025352377,36.94978236357529,48.8928536976912,48.640819033633676
17.22556265458715,13.780450123669722,15.0,216.71943553737853,rabbit,276.85564910790634,17.22556265458715,13.780450123669722,15.0,62.49498240762051,55.54882106742758,41.3918411069256,45.86121073641175,63.4606743209655,58.89351220908277,21.346987749253856,60.059344138592316,53.46391092653584,45.91970402228746,68.25578237402858,40.18058718835628
37.18024788421724,29.744198307373793,15.0,263.8950562474303,rabbit,227.36310733969745,37.18024788421724,29.744198307373793,15.0,51.911879981279675,42.71170469525015,39.0699892970729,67.29645670562643,37.886693685255665,60.665746811012085,28.525609042440315,61.38727598691944,37.55190077138655,52.21168408151355,51.464913293417425,53.779476479142495
22.35760166230282,17.886081329842256,15.0,260.05024598057736,rabbit,230.72464236192755,22.35760166230282,17.886081329842256,15.0,61.06146417594218,41.88106389469698,49.28642024455068,56.32691763260338,83.6346458068301,63.70590137911199,48.24439566268604,48.06822194315763,42.162041034526794,46.13800742689325,44.045215754092446,68.6549003656371
23.370013631415258,18.69601090513221,15.0,231.79321576800498,rabbit,258.85140685071747,23.370013631415258,18.69601090513221,15.0,51.57781050874914,39.90018237191534,39.5903752096064,38.95890507151289,36.16154868662641,44.489813774380494,40.77319681983712,40.3814367798153,45.84007895763319,47.67148078655476,71.41481583978559,62.982755919599555
27.35655044076911,21.885240352615288,15.0,270.09580112730987,rabbit,222.14340152484988,27.35655044076911,21.885240352615288,15.0,58.47834138709935,51.2015434597824,45.09136876598458,36.173687806448704,50.92330598027718,43.49232079139071,46.1777860207008,50.902599046310506,46.80128251517123,65.69210630516443,48.25979956681218,63.121297665946344
18.605248391688463,14.88419871335077,15.0,266.6394571656861,rabbit,225.02296035922706,18.605248391688463,14.88419871335077,15.0,48.19251316135211,52.05845220850945,43.15078700027278,48.80681432381238,64.84256753134406,48.26645675011254,47.08739062619399,35.97061082504359,69.80188460094443,50.73928645803607,47.4923066997108,42.43770145037246
30.45004820466134,24.360038563729074,15.0,290.98446693582747,rabbit,206.19657341789366,30.45004820466134,24.360038563729074,15.0,53.975547244640886,52.023013568328444,51.574012655847135,46.36458747143917,56.04710586857316,49.6100704068429,46.430962485966816,57.403686238758326,59.14177643957831,38.77520313214194,52.04071736684178,50.52894585385225
27.32296141225875,21.858369129807002,15.0,265.5092059776886,rabbit,225.98086487834226,27.32296141225875,21.858369129807002,15.0,47.602297695809256,30.15124290092206,61.586293688716246,50.477128581917725,60.286971851815274,42.833103492435086,56.37307723289884,45.15358154648979,23.552112420332087,73.44516806966735,41.16484077816304,59.045492858051546
23.897976738331334,19.118381390665068,15.0,232.8896397990842,rabbit,257.63275709371396,23.897976738331334,19.118381390665068,15.0,73.57667693688472,44.6516891913902,40.9859729576316,54.35707495958999,59.285569351491944,52.28623886654122,55.86487037181444,64.96665574714459,51.78342590682947,35.304424483881135,32.9434422749635,62.88173771758082
30.984295294808906,24.787436235847125,15.0,328.78944860025376,rabbit,182.48760796745864,30.984295294808906,24.787436235847125,15.0,66.41741016287511,56.89197275965089,45.85914344240113,30.128998132858168,32.02841933686106,59.97675564811088,43.49281997416215,39.91630994593068,56.01526826741299,36.21439799910531,33.91317251027469,55.43564581868795
24.058677446738564,19.246941957390852,15.0,353.81699816072484,rabbit,169.57919012343328,24.058677446738564,19.246941957390852,15.0,65.97488616332197,51.48198724981805,56.78521636640236,39.20974118428008,45.861167503774354,42.43608705695965,39.33059869536855,47.33570502311337,41.32602034872892,49.815017656882645,55.63488412449834,58.35554497776526
29.144041008445676,23.31523280675654,15.0,280.33830449407634,rabbit,214.0271202263329,29.144041008445676,23.31523280675654,15.0,47.79503694278365,64.19306746671279,59.669317441564374,34.146011127379055,44.80143841733446,55.031636775687915,47.9771875087406,64.0081593080268,33.399032053733215,52.014142509552826,55.793503909364695,54.167371469693634
31.134633495337987,24.90770679627039,15.0,250.38097249636215,rabbit,239.63482289322826,31.134633495337987,24.90770679627039,15.0,57.95285669847031,56.79115233545844,59.140009368253956,52.20853854149092,69.01592113181214,44.56100282078061,51.09160625996229,53.42738028524777,58.90437071253011,39.01240158442334,50.11512384248384,42.588460505026276
35.553519624135646,28.442815699308518,15.0,354.00897686185715,rabbit,169.48722750444108,35.553519624135646,28.442815699308518,15.0,43.33959993238389,49.19489095297285,51.941017466740966,51.4018184639988,52.52641170093003,57.94443777164407,34.566577310523435,60.41069225106136,56.1219674163671,49.69409036799605,38.965985362657115,62.82287512738369
23.001871430500962,18.40149714440077,15.0,266.3939836431169,rabbit,225.23031180907185,23.001871430500962,18.40149714440077,15.0,36.507402769852106,46.41495077904876,45.777385263833104,63.699294074028984,38.1816396192109,42.356924054297096,59.12271648081177,63.55265960638227,46.03095471887109,45.60660850208727,49.72126802824272,43.99885590481901
14.954842707690176,11.963874166152141,15.0,248.70735982907254,rabbit,241.24738423999918,14.954842707690176,11.963874166152141,15.0,32.74502366667728,45.14691352277829,54.5561174446815,50.36652371181387,47.770151386184025,48.58481930388379,47.35683334739867,48.999648841000635,47.526705715978146,50.83070583141422,58.34601767448122,37.564763863121655
30.992051767427434,24.79364141394195,15.0,276.5621647680135,rabbit,216.94941551505912,30.992051767427434,24.79364141394195,15.0,35.81547262879659,55.631594779415494,52.745929640646224,57.221059247857305,44.109792840233396,46.76050609917634,57.756649069454326,40.71038306802386,52.91089368056707,39.89022907366041,48.72298380429274,34.28211329780782
19.78349607591673,15.826796860733385,15.0,272.4306524760582,rabbit,220.23953418851403,19.78349607591673,15.826796860733385,15.0,61.287453440264585,56.01917760878928,41.66909705398175,57.46362587893238,57.23105461372266,66.23687684855781,51.95374139217905,53.307800089912,48.025752486185795,60.85237731177077,72.19666222902526,44.95929641458271
15.885342437153223,12.70827394972258,15.0,270.3046449667368,rabbit,221.9717682150208,15.885342437153223,12.70827394972258,15.0,61.51549846949132,47.1053391653924,53.24945099860682,53.804779451607665,60.75920193866439,36.6662912512366,28.662759240936197,47.2053802512548,48.31928093969225,71.48744409276608,50.02594444552333,33.19259962706658
30.137982081919475,24.11038566553558,15.0,230.22391552304794,rabbit,260.6158437696858,30.137982081919475,24.11038566553558,15.0,56.14131023839658,49.63356053833186,69.096166185806,41.9234926741305,43.768671504020894,48.94710216734358,48.34397208794355,54.916268040383,55.48029616880235,76.3409342330869,46.632122884344035,46.15979845999588
8.124020089747567,6.499216071798054,15.0,227.64954068564052,rabbit,263.56301804646967,8.124020089747567,6.499216071798054,15.0,51.56263318636775,40.94722685896019,49.1059989500124,51.810514391573,37.55923459305426,46.40134468378014,47.5166372955084,35.5310681867199,58.62872750955181,44.16186567872009,54.42198457824769,38.94487467370444
33.449945719533446,26.75995657562676,15.0,241.2561555100848,rabbit,248.69831765802107,33.449945719533446,26.75995657562676,15.0,39.443983584506114,57.174854875280964,36.48511075836318,49.74563339594233,45.753014449648525,51.82503666336776,43.757099207983565,49.144838596891766,51.38046587439017,57.635689328141815,51.7585925373618,53.68158732409033
14.095099673639353,11.276079738911484,15.0,259.35483138096646,rabbit,231.34329011926508,14.095099673639353,11.276079738911484,15.0,60.91530414673616,50.92095267153,37.551386084698706,48.01555309889265,42.502261288381796,49.16767132433825,44.84835972606159,44.430949828486376,32.30253021971853,61.75888673301606,53.29474358166324,66.13568582878452
27.456723093339342,21.965378474671475,15.0,302.6271388783346,rabbit,198.26377839867772,27.456723093339342,21.965378474671475,15.0,39.34201339197983,47.3369927493962,54.02032428358732,29.132447196480676,51.622963387262615,31.618854274871417,64.06885444272936,43.86521661513081,46.59341203020987,65.08533125865566,37.66446634104847,44.991514114510146
38.31528534702362,30.652228277618896,15.0,312.51634013243034,rabbit,191.98996114755056,38.31528534702362,30.652228277618896,15.0,58.99299097628331,44.139330195424236,36.454701478645674,56.80167037249305,52.36224611147934,41.52863570236551,28.267715337578277,51.94240263215986,51.86492205581714,63.180201378465036,71.07220714455025,67.86087114143812
16.42634900144632,13.141079201157055,15.0,277.0819213073777,rabbit,216.54245689107836,16.42634900144632,13.141079201157055,15.0,47.584860227025914,46.26138058007963,48.278131074825076,48.506322468224084,50.92044814985853,54.33652507398408,45.60078614775528,40.959601067248826,54.014911592559244,41.91486269209122,62.54774205192021,55.40722454535566
22.66316261712405,18.130530093699242,15.0,237.6838012922723,rabbit,252.43621851293048,22.66316261712405,18.130530093699242,15.0,36.38655174749883,64.76216486506105,42.56449169111866,47.4410017262335,60.708363959732985,28.314274695211992,60.9309267119389,61.63018361491471,52.12486354635173,55.968114392769166,51.406522850772106,65.30234746847309
20.58011434036106,16.46409147228885,15.0,251.6021437379053,rabbit,238.47173600596258,20.58011434036106,16.46409147228885,15.0,68.2485653400553,33.670299906220905,40.94246759732173,64.559518745994,62.399983493374094,50.58974431022169,46.68874337928219,62.282834776679536,59.45321855814878,64.74579777680914,77.98750176206573,53.28931503217503
35.172903219002094,28.138322575201677,15.0,274.534254381825,rabbit,218.5519622500418,35.172903219002094,28.138322575201677,15.0,50.5071677284988,47.75301613494,57.96996109931149,58.49805263270505,49.32491857867598,47.06580681071332,47.92084483927939,55.542484701609396,35.30111336669199,47.758526430688036,51.88664731504711,60.71441769240484
9.273952769428998,7.419162215543199,15.0,303.65506709030524,rabbit,197.59261906917678,9.273952769428998,7.419162215543199,15.0,61.97332263285222,41.53060947136849,72.47929289389248,48.55945065099306,72.38205588850839,49.60808013380545,45.729113045435334,40.32826899482184,32.1075297373741,46.48037673002149,44.08535495222385,46.65395886687178
36.40508088920156,29.124064711361246,15.0,289.2631874747954,rabbit,207.42355957488724,36.40508088920156,29.124064711361246,15.0,63.788129023083044,61.91291230165342,40.530450084885715,53.50685527529134,59.21788982533691,55.336751995968875,43.07146205721505,47.30796954190347,50.11949779653067,67.64201660343494,48.885723624742006,55.98623992325749
26.608927748594457,21.287142198875568,15.0,266.6869629314736,rabbit,224.9828763298687,26.608927748594457,21.287142198875568,15.0,51.01037659427408,61.234934670447856,38.89811088358743,59.45677726279585,52.517333567440744,48.65992725086591,55.231559546095575,40.68743094700699,38.53147602568589,52.91224315150672,40.229709885148196,51.228315265619365
15.992932355405019,12.794345884324017,15.0,277.4786112764043,rabbit,216.23288268598222,15.992932355405019,12.794345884324017,15.0,22.46569229227134,67.2712853182701,60.33562099741214,60.1948976581528,51.67918679301546,61.78243657116437,51.1037534653969,48.06532204759873,46.788070875181916,40.76049798210619,37.28823425602447,53.420135379818376
31.797481852197773,25.43798548175822,15.0,286.3788308293408,rabbit,209.51269277216676,31.797481852197773,25.43798548175822,15.0,60.30115456386943,45.58207868962461,43.756413178632165,57.53021855533151,41.51922156345942,38.81903610992209,53.00503913621975,47.55291272379566,47.34810308770087,52.84551766950337,49.759735197517294,32.59173051367769
10.903375467661682,8.722700374129346,15.0,236.65958903225783,rabbit,253.528708662727,10.903375467661682,8.722700374129346,15.0,36.56525619456657,45.27425449370219,34.5505556514296,44.64299651398438,37.03106203664944,57.81988917569815,39.28515047907938,44.49500552001882,61.137226944976604,81.38539032916502,47.144064810846295,57.73396706767685
31.019324233370117,24.815459386696094,15.0,336.69489928922343,rabbit,178.20287781805555,31.019324233370117,24.815459386696094,15.0,46.06477938836146,53.721233737353536,48.36373511165508,52.479193741303696,57.940164123837484,58.31636524386761,40.70632034966394,57.66453443225997,39.34440591052632,68.91200376000917,51.10984152341947,41.88504441166707
33.331580550584356,26.665264440467485,15.0,255.6060876849581,rabbit,234.7361932707633,33.331580550584356,26.665264440467485,15.0,48.66907085091728,49.485498290879114,52.91126194104353,44.560833245129864,52.41175632791208,52.4353596111822,49.46437776773033,34.304546676912715,55.1771365585855,36.55320098812666,25.180023212377055,51.26746544097575
17.66142574777936,14.12914059822349,15.0,283.36382035710284,rabbit,211.74192218465421,17.66142574777936,14.12914059822349,15.0,52.186885882401036,31.185435540415224,49.77233944877369,80.13722044430382,41.83604654426606,55.39996995683225,56.42818913463417,55.97505933969113,54.99549104465868,36.6275712186349,26.75401305230603,51.40322388423481
20.86306338266626,16.69045070613301,15.0,342.5686642722801,rabbit,175.1473682727468,20.86306338266626,16.69045070613301,15.0,51.30900133663283,64.67208061732734,37.69789672603095,52.305074495436585,62.464806201913845,61.8878160673369,49.71872808470625,57.81417926908149,50.17739867834453,49.57201732819462,52.846444327402246,47.98529674248478
24.67653825396359,19.741230603170873,15.0,294.2584112341296,rabbit,203.9024126731263,24.67653825396359,19.741230603170873,15.0,44.41036518351266,42.96241308710019,51.36135720313445,34.59637665930465,57.758343179199684,49.580557991464445,57.1798864798893,47.13480651114058,78.70362492688606,40.26161874909748,42.817706161302965,41.70387567867328
17.703383129698793,14.162706503759035,15.0,281.14503058957473,rabbit,213.41298430271772,17.703383129698793,14.162706503759035,15.0,54.02748203819723,52.49736378545671,41.36094040659899,38.11206680027015,40.88011095269341,61.69500549829702,38.088589953487336,31.07019735258119,48.48634071438125,37.25482202433226,45.87873633694005,52.68017041756774
30.02395083790639,24.019160670325114,15.0,294.5911098328828,rabbit,203.6721340098726,30.02395083790639,24.019160670325114,15.0,32.195955518539655,49.25002047955811,72.27955022028007,60.23171183065047,55.50503856495651,47.95677779405933,49.910252382509576,51.5475990467321,44.60060298294525,39.961664176957015,49.85333871537316,49.14088019851725
20.457710389779265,16.36616831182341,15.0,305.68211937191774,rabbit,196.2823344828983,20.457710389779265,16.36616831182341,15.0,39.038878652928545,57.53950512644165,51.09842277180374,59.41920703393511,44.051888796191086,53.861017713867156,59.5893843149039,54.549495034615745,43.09545912848512,63.409534682044786,54.95562030712794,49.74366112422639
30.664450048600777,24.531560038880624,15.0,288.17671153716407,rabbit,208.20558219279366,30.664450048600777,24.531560038880624,15.0,45.27154326433925,52.76501242217306,39.87329176708578,54.807696053039,44.51810376990788,43.04692204196688,32.776677325533505,39.953934303428305,57.04897446388211,52.44506954739884,49.375151480437445,42.26007315259257
40.62053080050527,32.49642464040422,15.0,332.1311913981129,rabbit,180.65150625398596,40.62053080050527,32.49642464040422,15.0,40.04371311998687,60.37298577498551,52.3330475057946,28.895749633502795,39.537292307587535,55.62932085261038,44.06133259129063,61.483524439363876,57.63033595385325,42.93420438578601,52.97804370197003,50.927271684401354
29.114636757833225,23.29170940626658,15.0,258.3577857578577,rabbit,232.23608231506591,29.114636757833225,23.29170940626658,15.0,59.41077520236568,40.02901324772821,31.62844326719053,38.48746207650332,61.418529876919926,36.12219048912548,38.04785731417804,47.54362858206245,50.97286735104648,52.35392419043606,62.69029730320437,26.067883601199348
46.69738130657604,37.357905045260836,15.0,282.56743733715405,rabbit,212.33869183733705,46.69738130657604,37.357905045260836,15.0,46.06156932290557,35.25127325453455,49.28953996055477,19.18561283948368,68.23297946333543,37.048758083672304,31.068702347892593,41.94505528916625,55.15467190239277,39.22200918559591,57.76925513589943,47.12510627013911
13.419320029365602,10.735456023492482,15.0,297.6211848147271,rabbit,201.59855232533513,13.419320029365602,10.735456023492482,15.0,71.3536670844118,78.72612066499111,37.4776806728763,40.43826047443593,64.91453507241457,37.75940349923409,55.78706048642466,53.23428555487253,61.60028574595593,53.171768930869675,34.26913014407404,44.47111074021304
31.82448017688203,25.459584141505626,15.0,296.34270869379117,rabbit,202.4682849949839,31.82448017688203,25.459584141505626,15.0,47.32774078326737,58.48803583655413,37.99554168803933,43.463468619319954,57.036271905834276,44.05481988520075,39.32148070951495,36.761934339916806,41.798961660448185,67.98398030146633,32.74895227925957,55.90204834907905
30.151578283539145,24.121262626831317,15.0,340.2371270458326,rabbit,176.34759769152862,30.151578283539145,24.121262626831317,15.0,59.26305232792303,46.684181434470844,19.833900609445074,47.679142873347324,45.64971797204704,70.2651405871013,66.14886083859699,54.42032805288917,37.7104155442961,56.41812156163188,37.87824230006597,50.68762685129872
10.910609114752948,8.728487291802358,15.0,288.14904390952876,rabbit,208.22557377229552,10.910609114752948,8.728487291802358,15.0,50.29274526807171,49.99676946788054,28.269240635737706,32.62541952669105,43.59141239020466,35.33444124370398,54.89990965123928,43.4376752579845,53.38559590362424,57.32025659973252,38.48228937972626,44.96156675585448
31.828920181901307,25.463136145521048,15.0,247.06547168143348,rabbit,242.85060794478022,31.828920181901307,25.463136145521048,15.0,61.37550960582638,47.884061343528074,52.46064955117062,61.85230425008346,45.74444568780338,47.65745689279006,54.22994370508756,47.112537257583156,46.03680332853796,49.81527060706019,47.583929403955835,66.04271500320218
15.335731965144488,12.26858557211559,15.0,252.93664802310803,rabbit,237.21354919876404,15.335731965144488,12.26858557211559,15.0,57.879110039585015,32.05404428410118,46.2071753927483,54.697808056892136,48.635515759624944,50.336759636973454,68.35672308196783,51.46909615216237,66.46330183534131,61.752214918608914,49.73195655291804,55.06786277544804
23.517539527916817,18.814031622333456,15.0,280.47750483965973,rabbit,213.92089905498887,23.517539527916817,18.814031622333456,15.0,44.02489840756323,33.77917793830586,55.706353238845836,46.46294889916866,49.15704123866856,59.08959197745533,50.651698787647355,72.96772292708482,59.75435350259512,51.984551460278155,27.702701955732756,52.13920323727135
25.061032473060703,20.048825978448562,15.0,228.70055010922036,rabbit,262.35179570554527,25.061032473060703,20.048825978448562,15.0,55.47191189342465,58.84033971442262,53.030657714529504,55.75669914815241,40.28031327171124,49.494517731374366,50.95268202793649,48.872211530497935,68.05651577564981,55.49749014472504,53.16592724776963,44.04722107856724
13.223186920341464,10.578549536273172,15.0,310.3285814865663,rabbit,193.34345458153464,13.223186920341464,10.578549536273172,15.0,80.14714652924415,46.002634232830545,39.2862161230103,56.84247970303914,30.943926435302668,66.43550373071798,38.57598877168192,51.99346838438794,53.31387997027313,49.457672037634694,66.12638760535184,53.20184600719145
29.028407864893694,23.222726291914956,15.0,237.2734253557379,rabbit,252.87281923815763,29.028407864893694,23.222726291914956,15.0,55.109524745894305,60.707294319025976,52.398313098688014,22.679370780170466,49.50736163353269,38.48257824908303,34.81545556287533,31.872407451777118,47.127634959586295,40.81826420523539,48.35574246419882,57.45435394127665
22.418085284599144,17.934468227679314,15.0,252.35279533242516,rabbit,237.76237517385852,22.418085284599144,17.934468227679314,15.0,37.871810235284116,52.413357352194296,51.76448971823314,46.906060859070976,61.96320972430888,45.59827645521691,44.796752848297714,49.34571932611083,52.94297199052566,61.193361880905854,49.7897311601814,56.88314952958844
49.72820652907724,39.7825652232618,15.0,235.44480096288626,rabbit,254.83680146947881,49.72820652907724,39.7825652232618,15.0,43.34973974716866,21.03921254426886,51.126146637837536,53.430278831045406,51.02379613282745,63.200556265716536,66.48076956549802,44.482566442107384,50.37909958044451,57.3556978171013,44.894288067059335,53.28733926801877
25.763657814211886,20.61092625136951,15.0,291.6078125228281,rabbit,205.75580428011676,25.763657814211886,20.61092625136951,15.0,53.92740774329301,48.70348977508646,69.73372267992555,49.36886295332518,49.27565346418752,50.60609400604072,44.990663469602126,37.025386629412516,65.30152533170244,54.86545314956008,53.83414304309359,60.6484723056883
15.99162326905322,12.793298615242577,15.0,237.76285551001698,rabbit,252.35228552120157,15.99162326905322,12.793298615242577,15.0,37.73018610456584,41.58713918250931,80.34950090581513,47.75092210372111,56.8152016936113,57.342277201718694,48.183222862879234,36.99379519115812,54.6772158080172,56.053551897543095,48.01502873223052,45.88956875772722
30.02115652205527,24.016925217644218,15.0,247.54528696212307,rabbit,242.3798923272597,30.02115652205527,24.016925217644218,15.0,21.15134484704525,52.36085015815337,41.70402576719181,57.79590881390854,47.79023071322563,45.50535081919677,42.61626455093471,47.4852369226389,52.319095882098615,66.6887548960224,46.0647079613901,60.17638447311886
36.486727401025384,29.18938192082031,15.0,250.43191608042673,rabbit,239.58607568506113,36.486727401025384,29.18938192082031,15.0,49.10385388673735,51.36056367123993,47.74088361702744,68.13097307787078,51.32473216430298,56.08256718590154,36.48866153391168,38.22305535115762,49.892750082063934,54.430587612498144,39.63940801133073,69.34329494329515
35.090692040189666,28.072553632151735,15.0,243.09345188034902,rabbit,246.81865980302956,35.090692040189666,28.072553632151735,15.0,56.295305281878264,59.07442682894487,45.456570745866784,52.55480951940837,50.01386993006333,58.662804555091164,71.22956266989523,48.90588356043206,49.26265175797981,46.886510091104014,46.71764086377292,67.84052059080884
19.77117176953461,15.81693741562769,15.0,286.0133966035196,rabbit,209.78038341041,19.77117176953461,15.81693741562769,15.0,39.22376064953801,50.96135933656996,48.45059147057644,45.00102230235343,53.29487143219802,46.49928732272233,65.41888996110741,79.46627421699776,37.2600234227291,39.95846872113034,41.72414147351046,37.24576031263121
37.70512750150207,30.164102001201655,15.0,284.1393030695168,rabbit,211.16402888241248,37.70512750150207,30.164102001201655,15.0,66.76467361445107,44.100069097999494,50.69353278238831,48.82355016368854,43.147692290035906,56.663865016479676,63.18508392873497,41.54551278070616,44.50417401864106,49.2752266487185,48.30998650352946,45.38464790109279
15.000778523889867,12.000622819111895,15.0,316.6574081430611,rabbit,189.47922409853393,15.000778523889867,12.000622819111895,15.0,47.24982158349242,44.883045754035706,63.11567512710695,67.79061515301541,55.55755644666552,52.84583785557874,48.452513137906784,59.22756177092276,52.0209543683641,40.73743506247185,39.31207420457194,59.21132126131925
33.68380935981371,26.947047487850966,15.0,354.7503515603658,rabbit,169.13302477669328,33.68380935981371,26.947047487850966,15.0,51.26841335563574,62.19776017018595,36.768451231802445,43.75485303161621,57.06120292767814,58.536678260644706,36.18121157115951,61.707859535270565,36.14379904669892,33.56662001423704,60.713316442721144,26.96015179085519
4.495507465158241,3.596405972126593,15.0,205.40581206546915,rabbit,292.1046848512551,4.495507465158241,3.596405972126593,15.0,61.108270291345356,46.94785422223433,43.49604967651835,36.145940677499226,43.451442571252485,55.824083435515114,32.96686733060771,40.71594662520669,62.995313599172455,54.885817123355515,47.25779067491661,64.86391316171986
28.174672140825667,22.539737712660536,15.0,311.4451985462735,rabbit,192.6502648943082,28.174672140825667,22.539737712660536,15.0,57.67082038277181,37.24040476019511,39.26954407946029,65.62850232126098,47.06971891956224,43.22140162571696,56.30282217215455,38.898453545282905,35.46964191295133,46.83204348853836,49.19808457967917,42.077594052610245
17.28816407815157,13.830531262521257,15.0,219.3221331712891,rabbit,273.57020074732,17.28816407815157,13.830531262521257,15.0,37.804376540857916,49.79658801075704,47.20973007830016,46.071438115312446,42.77610306173988,66.95643423876015,48.630480569612935,52.547000114163986,53.57134573239793,52.610971660651636,79.03876326946003,42.36514137473676
13.733264951885358,10.986611961508288,15.0,344.0720063373357,rabbit,174.38210285894252,13.733264951885358,10.986611961508288,15.0,30.25788580337942,54.61679300641349,30.301937188310898,46.25652214119496,49.368480500327244,29.10962448717104,49.15969523140709,47.9593804438515,43.33716782607876,50.55029699197465,48.394190679221495,53.26931552050043
27.80944200211275,22.2475536016902,15.0,257.84246685805016,rabbit,232.7002247966847,27.80944200211275,22.2475536016902,15.0,75.51972820201748,49.896209284807995,47.81759384646621,51.713183662202866,47.311133459732595,53.81851088112192,55.2714047061786,52.74606245066721,28.207605053767946,62.95248369405246,57.195561684341484,51.51477411052009
28.30523409524996,22.644187276199972,15.0,364.3703098907433,rabbit,164.6676427011604,28.30523409524996,22.644187276199972,15.0,51.790306326675896,51.927589890907086,47.57673454167115,55.478944022110994,43.0245838757913,58.77619097458661,65.21696851691283,44.77990769041821,53.77146791677735,62.253597241478445,51.40960660898058,41.45250887648403
22.480046245070316,17.984036996056254,15.0,318.45813443420064,rabbit,188.4078109877803,22.480046245070316,17.984036996056254,15.0,42.19233600582423,49.45199644666393,45.579998632291435,27.275711216198204,66.19588500018695,61.42826199058957,35.34723859093157,61.73111764035892,57.01480039786184,40.15341068508335,44.65936424456624,30.15983997725632
15.107315503776315,12.085852403021052,15.0,218.43944084817986,rabbit,274.67567105567394,15.107315503776315,12.085852403021052,15.0,47.09217708235051,58.325973765049106,63.35994404610558,63.10337056164178,42.87314982360189,58.397762140124556,39.56951403352123,53.450689227580696,42.360803848312315,56.78333058896382,56.64217799921258,36.9016690950696
25.72108457809146,20.57686766247317,15.0,236.05582300351585,rabbit,254.17716553895963,25.72108457809146,20.57686766247317,15.0,36.67188123123068,35.82639921368626,44.03086279125771,60.842826010727535,36.98849858366337,30.74356953546007,52.75637687087353,48.771219756665374,55.50695800122344,46.0762057080777,38.048382778686175,33.98078093316893
13.996355096149498,11.1970840769196,15.0,296.0099642717486,rabbit,202.695879335054,13.996355096149498,11.1970840769196,15.0,38.21426773587389,57.89265240754219,39.12099150868927,54.06640529620016,43.786410012472395,52.638590971281005,38.078491830145296,47.51067783677255,43.58055528093359,59.21884722217749,43.3561510142182,59.57565013079125
25.24766054189485,20.19812843351588,15.0,255.34988255146052,rabbit,234.97171567293842,25.24766054189485,20.19812843351588,15.0,36.69621797634652,60.50369998249371,58.24229873493802,60.67758291254539,32.48839538011273,33.46070881924558,74.59308105494337,48.19624432003118,47.902800010953776,43.292682610477115,38.147352406327485,37.51313388029253
34.14781152813259,27.318249222506076,15.0,299.71920640038127,rabbit,200.18737110843915,34.14781152813259,27.318249222506076,15.0,29.819961476992688,45.82806810982948,32.99274549089645,28.24589464427874,33.68866782231801,58.826557683436945,39.08205416001983,38.881927275017546,52.07221419456032,41.053752844979336,47.13132009372103,39.043559007199086
28.285995387188255,22.628796309750605,15.0,295.55405323907166,rabbit,203.00855069467244,28.285995387188255,22.628796309750605,15.0,50.32239682923735,81.97563778235777,41.63166559356733,51.57949155935951,47.370552306229385,35.830016303850364,47.12701028097001,52.59130600386539,49.839719536552316,54.300651401585235,55.188701689610184,60.111936203161676
26.958008314071847,21.56640665125748,15.0,309.39393146705345,rabbit,193.92752700577532,26.958008314071847,21.56640665125748,15.0,33.63954446398202,63.674786381379135,32.504677761066034,55.67401831340412,49.95308037574936,58.97857710622418,36.76464132777809,33.60115852750479,45.21715777522819,53.86328145594247,56.87311094079372,58.674655533517985
21.29084797555159,17.032678380441272,15.0,384.70726694557186,rabbit,155.9627414277276,21.29084797555159,17.032678380441272,15.0,52.934545728574136,57.359546974520356,36.052229649764776,60.23813228687704,44.83711564631483,38.79179919621086,65.97262871305179,44.15943923750339,43.567779098432325,55.775241037996814,51.945284547424805,41.54418545939517
21.31158993590983,17.049271948727863,15.0,289.74703558284483,rabbit,207.0771833068322,21.31158993590983,17.049271948727863,15.0,39.89922353540187,61.208747200043305,68.40421253539765,64.86604695340435,51.280185271645216,35.55227497684393,59.74467401679382,56.645843363501015,47.0056628608764,40.72570914553341,42.990271177414385,49.32141746321558
37.68851939037681,30.15081551230145,15.0,272.1149614747795,rabbit,220.49504251739205,37.68851939037681,30.15081551230145,15.0,55.53177105269921,61.754232603239515,55.0166956443122,64.03061533047506,48.35662593418748,34.34301677709628,43.97329843797735,42.48420820468177,58.058232837757785,56.27418680294715,54.486958831540704,46.04992442321542
25.195640020792293,20.156512016633837,15.0,243.2400456882485,rabbit,246.66990926691287,25.195640020792293,20.156512016633837,15.0,24.450919882168037,59.10593334018451,55.25265725211798,60.94747850519909,75.61946084078627,43.98972962905737,64.2310761663441,60.9713806536483,61.25043959616054,52.01959068353723,48.09344584409393,69.9494912270874
11.241914536555539,8.993531629244432,15.0,346.575605939368,rabbit,173.12239803310553,11.241914536555539,8.993531629244432,15.0,40.33869502709083,51.938166918218386,46.75011967342082,48.07641955305915,58.84028804367455,47.99812449113963,68.3776569827867,49.036057158307784,46.936945087376344,55.18267894295701,44.46571117767641,57.710776562974935
