Model,Combined_R2,Scaled_MSE,Scaled_RMSE,Scaled_MAE,D_MSE,D_RMSE,D_MAE,D_MedAE,D_MaxAE,D_p95AE,D_p99AE,D_R2,D_AdjR2,D_ExpVar,D_MAPE,D_sMAPE,D_MSLE,D_RMSLE,D_Pearson,D_Spearman,D_MBE,D_NRMSE_range,D_NRMSE_mean,D_NRMSE_std,D_CVRMSE,P_MSE,P_RMSE,P_MAE,P_MedAE,P_MaxAE,P_p95AE,P_p99AE,P_R2,P_AdjR2,P_ExpVar,P_MAPE,P_sMAPE,P_MSLE,P_RMSLE,P_Pearson,P_Spearman,P_MBE,P_NRMSE_range,P_NRMSE_mean,P_NRMSE_std,P_CVRMSE,P_cR2,P_cMAE_deg,P_cRMSE_deg,P_cMedAE_deg,P_cMaxAE_deg,P_cp95AE_deg,E_MSE,E_RMSE,E_MAE,E_MedAE,E_MaxAE,E_p95AE,E_p99AE,E_R2,E_AdjR2,E_ExpVar,E_MAPE,E_sMAPE,E_MSLE,E_RMSLE,E_Pearson,E_Spearman,E_MBE,E_NRMSE_range,E_NRMSE_mean,E_NRMSE_std,E_CVRMSE,Train_Time(s),Best_Epoch,Best_Val_Loss,Final_Train_Loss,Train_Val_Gap,GPU_Mem_MB,Inference_Time(s),Throughput_samples_s,Params,ModelSize_MB,Epochs
MLP_Small_Raw,0.6463318095809073,0.5860503315925598,0.7655392423596323,0.5988968014717102,0.0056692390488679,0.0752943493820612,0.05436508221304857,0.038166906684637,0.3970257639884949,0.16016818769276148,0.23760111778974538,0.8127992650034717,0.8126885261735273,0.8127999898232341,62.28069388536008,33.43879094038824,0.003767714410125811,0.06138171071358154,0.9015553523840429,0.8745377238506304,0.00014815749385482655,0.1537081290406849,0.25821248021341153,0.4326670024355086,25.821248021341155,18040.888951199508,134.31637633289364,99.97973524472985,69.44114875793457,358.72637939453125,287.1031918525696,332.14186540842064,-0.7096408244581305,-0.7106521646354493,-0.7095728297061845,380.109415048213,64.47412629860067,1.618955223208089,1.2723817128551043,0.1581260879154502,0.15930274008762532,-0.8470600969604397,0.3732669359296056,0.7177874435422801,1.3075323416490052,71.77874435422801,0.1773469627276808,71.45167901061008,88.1520771559944,61.44607257843019,179.99240112304688,165.1983242034912,0.0087394970694906,0.09348527728733867,0.05407270879195432,0.027199078351259252,0.9826098680496216,0.2004337713122368,0.3402229833602899,0.9488492010115696,0.9486365937786103,0.9488514879509691,16.915577630506746,16.386544483888247,0.0027538767293679217,0.052477392554965245,0.9740936264730888,0.8713227975870268,0.0006250925715777215,0.05411094040786872,0.23514090257593556,0.22616542394546185,23.514090257593555,401.3979444503784,997,0.8451953530311584,0.9032357855749245,0.05742296818934611,28.0283203125,0.16278936862945556,25235.063165277777,11990,0.048221588134765625,1000
MLP_Medium_Raw,0.7146302906984183,0.46203288435935974,0.6797300084293467,0.5067563652992249,0.0045890331530583596,0.0677424029176583,0.04838793964167578,0.03369747102260594,0.3834570348262787,0.1461913101375103,0.2162965536117554,0.8484681327121829,0.848378493845738,0.8484693209404274,57.18911824055349,31.166375956028542,0.0030800177232422816,0.05549790737714605,0.9211347449801232,0.8919449680443807,0.0001896961627375259,0.13829136043606313,0.23231403175059817,0.3892709432873422,23.231403175059818,15450.095351569298,124.29841250623154,84.58157378902078,46.144805908203125,358.3119201660156,289.66842460632324,339.5407794237137,-0.4641248458578553,-0.4649909507496215,-0.46396726688883394,358.4431038092194,55.575502994324886,1.456865146322489,1.207006688598903,0.27639001264882124,0.2791438793981056,-1.2895127902146057,0.34542688571440316,0.6642513905235699,1.2100102668398542,66.425139052357,0.36200826596231384,58.40485396402495,77.63038203287937,41.33773422241211,179.99673461914065,161.38756561279297,0.011376635867240203,0.10666131382671133,0.06701784808652977,0.039142247289419146,0.8366137742996216,0.22831891477107993,0.37570688366889876,0.9334144734207582,0.9331377120633384,0.9334272959877621,23.474395257460998,23.426757566886646,0.0037979477751866673,0.061627492040376486,0.966321012258545,0.8493979467745025,-0.0014801458033942274,0.06173746459094944,0.26828221866487234,0.2580417148044901,26.828221866487237,353.81598925590515,994,0.6060100793838501,0.4794228095745495,-0.13291237252987492,40.68603515625,0.1462775230407715,28083.60378685787,47190,0.18300247192382812,1000
MLP_Large_Raw,0.750090381628271,0.4030383825302124,0.6348530401047257,0.46162235736846924,0.003969523130497955,0.06300415169255083,0.044287167648808266,0.029975052922964096,0.4098242223262787,0.13568365620449185,0.20574383451603376,0.8689246226504899,0.868847084846365,0.8689248559329323,52.68093510747952,29.433094400089736,0.0026728401495849834,0.05169951788542117,0.9321694983859904,0.903757690326252,-8.405230677438533e-05,0.12861855315751958,0.21606479643944576,0.3620433362865696,21.606479643944574,13782.689847891455,117.39970122573334,76.19983085122445,36.217918395996094,358.53546142578125,285.35003209114075,339.79326078891756,-0.30611353456799373,-0.3068861676700765,-0.3059420670483244,358.04859203371365,51.03887117698211,1.329259733447358,1.1529352685417156,0.355060007847228,0.3584387919450997,-1.3451399139858877,0.3262552784105219,0.6273846400277674,1.142853242795414,62.738464002776745,0.4463478379810656,52.44181401022416,72.31738231664193,33.47798919677736,179.99620056152344,157.96937608718872,0.011105961582539011,0.10538482614939881,0.06513061511449102,0.03826970234513279,0.9459887742996216,0.22170915007591227,0.37129503428935895,0.934998684253258,0.9347285076352398,0.9351315727583891,22.97160038506327,23.04807614866022,0.003653373978464755,0.06044314666250224,0.9671689851351253,0.8600125966253497,-0.004764976000781447,0.06099861083084201,0.2650715049217044,0.25495355605823966,26.50715049217044,337.23967838287354,500,0.5101187229156494,0.3649468458251352,-0.1451718770905142,65.2607421875,0.3846996068954468,10678.461652591363,183126,0.7020988464355469,500
MLP_XL_Raw,0.7793200751468722,0.36827364563941956,0.6068555393497035,0.4329811632633209,0.0035333689513537066,0.05944214793691179,0.04082982616586123,0.026362914592027657,0.4207863807678222,0.12732261791825297,0.20035386011004463,0.8833266230254636,0.883257604742752,0.8833268726770476,48.85942020090911,27.620631981149167,0.002395993181453373,0.04894888335246651,0.9398556532277693,0.9138686081728236,-8.695123865907124e-05,0.12134697252220548,0.20384935355666053,0.34157484827565454,20.384935355666055,13010.223546801466,114.06236691740824,70.78119421731704,29.726425170898438,358.72637939453125,289.6782693862915,340.8609375,-0.23291093754331627,-0.2336402675571736,-0.2327995776890035,334.13111292769815,47.44050025202089,1.2868598322173983,1.134398445087703,0.3887935513751067,0.39263964588919764,-1.0840288830942026,0.3169807834795848,0.6095499073851778,1.1103652270957138,60.95499073851777,0.5132934711539205,47.41233623634191,67.80438535707273,27.51435089111328,179.91583251953125,154.18585205078128,0.010022477870875813,0.10011232626842617,0.06137968330556108,0.03552251309156415,0.9323168992996216,0.21171609759330723,0.3605269920825949,0.9413401312612325,0.9410963127359124,0.9415554666476156,21.68484915499488,22.084319838157462,0.003299927941357557,0.057444999271978034,0.9704978091514358,0.8579713174378374,-0.006065613191172149,0.05794679416902797,0.2518097334768511,0.24219799491070826,25.18097334768511,137.74921011924744,298,0.44947293400764465,0.3050060529897731,-0.14635711649217426,90.13818359375,0.16434881687164307,24995.616507591658,438934,1.6778888702392578,300
MLP_XXL_Raw,0.7943486757688447,0.346570760011673,0.5887026074442621,0.41526609659194946,0.003367001737700623,0.05802587127911672,0.03962768473285321,0.02566496469080443,0.4033303260803222,0.1234749667346477,0.1967775430530312,0.8888201406574994,0.8887543720720438,0.8888211903490594,48.08224594834521,27.23741307681508,0.002288538080727781,0.047838667213121445,0.9427740578181905,0.9161778964256654,-0.00017829512255406976,0.11845574313965185,0.19899241128305145,0.33343643973402276,19.899241128305146,12585.552286099633,112.18534791183576,67.87208313352781,25.9412841796875,358.97637939453125,287.4491882324219,341.7874329566956,-0.1926670600806326,-0.19337258377822386,-0.1922254960401073,291.4586305926781,46.20061885740562,1.251304198141356,1.1186170918331957,0.41297879710874547,0.4156619557325394,-2.158605981160082,0.3117645235415173,0.5995191076400227,1.0920929722695922,59.95191076400227,0.5442975321337695,44.86935458249571,65.60922197167162,24.357265472412138,179.94435119628903,152.77345657348633,0.008555115611730545,0.09249386796826342,0.05616906721202952,0.03335416316986085,0.9523364305496216,0.1869895622134206,0.3312637948989865,0.9499283545152651,0.9497202327614166,0.9499652041982946,19.72969558051786,19.69008734053859,0.0027825064798298197,0.052749469000453644,0.9747225118476819,0.8747100674791509,-0.002509191963266638,0.05353709506942684,0.2326472384517653,0.22376694457567875,23.26472384517653,114.36336851119995,298,0.4126514196395874,0.26873234877629104,-0.1433431628380999,119.27880859375,0.15920031070709229,25803.969739469805,710294,2.7130584716796875,300
MLP_diamond_Small,0.7118234189406579,0.4515761435031891,0.6719941543668286,0.5019927024841309,0.0047247933171967555,0.06873713201172096,0.04965902008061835,0.03489060699939725,0.4121604561805725,0.14477004483342168,0.2141980919986966,0.8439852731448072,0.8438929824371539,0.8439909460499453,58.843486036464775,31.63190592887892,0.00316456524476418,0.056254468664846353,0.9187249191652056,0.8850353974300106,0.00041448743612308974,0.14032203005742963,0.2357253297912391,0.3949869958051692,23.572532979123913,14531.786579946784,120.54786012180715,79.72221414107632,40.59642028808594,359.3184868246317,290.7795743942261,339.6808890104294,-0.377101519586593,-0.377916145720387,-0.3768475581908919,351.0113495912435,52.390576065350544,1.3664037858344844,1.1689327550524387,0.31766144400596225,0.3200030922085454,1.6370441014534511,0.33500405243971837,0.6442084182413575,1.1734996887884515,64.42084182413576,0.4226271331348137,54.50577863331665,73.85032022376951,37.075313568115234,179.9949493408203,158.612398147583,0.02240661834297136,0.14968840417003368,0.08943141226864401,0.044566407799720736,1.3702433109283447,0.32044727206230145,0.6004842114448542,0.8688578505423526,0.86831276092358,0.8702573203296555,26.8510625719791,27.73053708442032,0.007314818905324894,0.08552671457109114,0.932907371923592,0.833279392170883,-0.015463178639119678,0.0866423093863002,0.3765070552607778,0.36213554017473537,37.65070552607778,383.9893412590027,1000,0.5938640832901001,0.45390092192667286,-0.13996316136342724,36.49462890625,0.1692359209060669,24273.8065181807,37046,0.1454029083251953,1000
MLP_diamond_Medium,0.8099399248124165,0.3086170554161072,0.5555331271995462,0.378265380859375,0.003099521288132549,0.055673344502845785,0.03753348349338758,0.0240723341703415,0.4117773473262787,0.11969947069883342,0.19602143783122322,0.8976524612431598,0.8975919174280416,0.897660705105553,47.20884774135002,26.195954833646134,0.002125933316017569,0.04610784440870738,0.9474638011089933,0.920123176568724,0.0004996593021652639,0.11365322485951021,0.190924717244193,0.31991801880613147,19.092471724419298,11189.072270695786,105.77841117494526,60.66610860514653,19.219623565673828,358.97637939453125,278.6137742996216,344.82608690261844,-0.06032994236251721,-0.06095718187188326,-0.06031860340128792,298.9073228141364,41.2306862057244,1.120815440762331,1.0586857138746752,0.4743679592724752,0.47774137782579873,-0.34591003551266525,0.29395956401411916,0.5652804029722323,1.029723235807815,56.52804029722323,0.5961550624932408,40.181805809579416,61.76344602021185,18.282989501953125,179.99564170837402,148.89036321640015,0.010932786164488157,0.10455996444379731,0.06343603771208933,0.03516471385955805,1.0345499515533447,0.2155280351638792,0.3691544908285141,0.9360122507008491,0.9357462869507059,0.9360757458882889,21.784852040171216,22.080137856257274,0.003595914633562746,0.059965945615513695,0.9676271331959176,0.8715653452538183,-0.00329372559301371,0.060521166211842295,0.26299675335029593,0.25295799908117317,26.29967533502959,317.4751603603363,997,0.34605443477630615,0.2036167094476319,-0.14468232886178983,56.4716796875,0.08614392280578613,47687.63560096514,143702,0.5523395538330078,1000
MLP_diamond_Large,0.828962837616889,0.2795029878616333,0.5286804212959217,0.344229519367218,0.0026572115333437507,0.05154814771981386,0.032963890385150595,0.019018821418285398,0.4089131951332092,0.11129886656999594,0.189865842089057,0.9122577213986883,0.9122058173435619,0.9122583179244652,42.62079009703639,24.137901750755468,0.0018397374635786181,0.04289216086394597,0.9551223398523607,0.9328267075580362,0.00013440741160787874,0.10523192519162892,0.17677787486548938,0.29621323164455643,17.677787486548937,10596.350699985285,102.93857731669544,56.52022194474498,14.996562957763679,359.3945428133011,276.4960479736328,345.5662475585937,-0.004160814690111758,-0.004754827281444829,-0.004117893776474979,291.20718099335386,38.3984345608508,1.0792508310852418,1.0388699779497153,0.5028457730476108,0.5068374593984674,0.6729937108488279,0.2860676292273223,0.5501043154328698,1.0020782477881214,55.01043154328698,0.6251616037622338,36.921267748304984,59.504009858722,14.34954833984375,179.98439025878906,148.52370452880862,0.008633567702516968,0.09291699361536063,0.05474632187041853,0.029915951192378998,0.9313403367996216,0.18987372517585732,0.32438110470771786,0.9494691876897452,0.949259157418529,0.9494932595300586,18.462541592790448,18.22624307395784,0.0027878089700574277,0.05279970615502919,0.9744450405743607,0.8822190195447225,-0.002028017304837676,0.05378200771598983,0.23371151455436115,0.22479059657880435,23.371151455436117,109.90474891662598,498,0.298862487077713,0.16257860742117325,-0.1339777550815705,100.32568359375,0.08555753231048584,48014.47504460724,565910,2.1629199981689453,500
MLP_diamond_XL,0.8295340574950837,0.2808016538619995,0.5299072125023394,0.34091317653656006,0.0026147285508407764,0.05113441650044299,0.03209333060267058,0.017831556499004406,0.4090676307678222,0.11183972656726836,0.1896374002099038,0.9136605279271923,0.91360945370403,0.9136629748799779,42.64031277052073,23.807881866666087,0.0018187656972177115,0.042646989310122604,0.9558598690078932,0.9357574633155212,0.00027222086205596637,0.10438732194879423,0.17535903580024442,0.2938357910003608,17.535903580024442,10208.2022100829,101.03564821429563,55.26237255218934,13.972442626953125,359.1445428133011,267.64788353443146,345.634489440918,0.032621990529958844,0.0320497368532594,0.03316136298966221,270.5648490474436,38.132708209239794,1.0476735238309791,1.023559242951271,0.5198492998121478,0.5240403611566872,-2.3857279060630496,0.28077936479720084,0.5399350519897548,0.9835537654190751,53.99350519897548,0.6211931383266387,36.8457368378675,59.8181690870511,13.418552398681626,179.99564170837402,148.1341037750244,0.007902414082358608,0.08889552341011671,0.05002193741170289,0.024299804121255895,0.8903247117996216,0.18969845175743105,0.3404046159982679,0.95374850623142,0.9535562628587878,0.9537506630630287,15.106891317428417,15.135873279651065,0.002414590080252323,0.04913847861149471,0.9766026800040059,0.9201035142726196,-0.0006070509308109104,0.051454309270392504,0.22359642305351626,0.2150616045894292,22.359642305351628,66.0717601776123,297,0.29628750681877136,0.15976301517020458,-0.13498113200777276,152.86962890625,0.08538510799407958,48111.434142413214,1266646,4.835969924926758,300
MLP_diamond_XXL,0.8424384668624706,0.25727546215057373,0.507223286285807,0.31260937452316284,0.002387146911270441,0.04885843746243264,0.029484068103251743,0.014644525945186657,0.4025655388832092,0.10764540173113347,0.187904691696167,0.921175372482528,0.9211287436751024,0.9211779039934808,40.385765565500215,22.612110514394598,0.0016748262938393902,0.040924641645827396,0.9597825508895412,0.9427054964144256,0.0002768844176803887,0.09974107050310822,0.1675538525807663,0.2807572394747319,16.75538525807663,9569.019133099044,97.8213633778381,51.52085765832013,10.648033142089815,359.04608076810837,263.2424097061157,344.43318181037915,0.09319403249919367,0.09265761029001018,0.0934189163147795,267.5288478372418,35.53181475826751,0.9803000767091333,0.9901010436865185,0.5519373863972733,0.5551270197040453,-1.540478450395782,0.2718468259298932,0.5227578963921424,0.9522636018985532,52.275789639214246,0.6482225557401069,34.17050787012613,57.64454188688816,10.320960998535156,179.9652709960937,145.04221630096436,0.007190114997577575,0.08479454580088024,0.04722537449719756,0.0232605338096619,0.9391528367996216,0.17689865529537183,0.3268389701843253,0.9579174723647769,0.9577425572132369,0.9579201902128521,14.578571569625023,14.508543796583192,0.002237839080304469,0.047305803875470384,0.978739290331997,0.9187466616606824,-0.0006814430991029624,0.049080590525938904,0.21328134880374272,0.2051402633205465,21.328134880374275,66.41623020172119,300,0.26404497027397156,0.13301501184064315,-0.1310299584333284,203.5986328125,0.08117525577545166,50606.55443283872,2245910,8.57158088684082,300
CNN1D_Small_Raw,0.5769296675763239,0.6642313003540039,0.8150038652386895,0.6531279683113098,0.006444816212289978,0.08027961268148955,0.05862950510465231,0.04151764512062073,0.3819356560707092,0.17146338894963264,0.24115835875272762,0.7871893703090278,0.7870634819137063,0.7871893722820763,67.07115002638628,35.085402271748926,0.004252641067478136,0.06521227696897368,0.8872370363773258,0.859147719794015,7.729964349737668e-06,0.16388519413015212,0.2753088122971174,0.4613140250317263,27.53088122971174,19706.40659284078,140.37950916298567,109.11599696078996,86.7260627746582,357.77339363098145,287.9816436767578,333.3828278541566,-0.8674732329224499,-0.8685779390592612,-0.8652417104745607,360.92760785431904,69.74955145978727,1.7021852558787487,1.3046782192857933,0.07749919438292867,0.0789160197589566,-4.85262975342378,0.39011645998178485,0.7501888582676357,1.36655524327502,75.01888582676357,0.040351439781169396,79.55611689278247,95.20950461145196,74.27878189086915,179.99515914916992,168.3091869354248,0.016530770850570742,0.1285720453697877,0.07042806509142233,0.0348684377968311,1.5676920413970947,0.24492844641208647,0.5497985875606516,0.9032481926387744,0.9028460457622118,0.9036877108990691,22.61382434153869,22.238238304678546,0.005362393597745624,0.0732283660731661,0.9506284980085827,0.8378626346822764,-0.008665736337548717,0.0744197855212933,0.32339366873098646,0.3110495255762748,32.33936687309865,231.74066066741943,991,0.9839832782745361,1.1164835863414664,0.13396658072124357,88.12646484375,0.08580706119537354,47874.84785950799,17494,0.069732666015625,1000
CNN1D_Medium_Raw,0.656205142193332,0.5605155229568481,0.7486758463826972,0.5797197222709656,0.005288987276935095,0.07272542386906448,0.052339663792226404,0.03681252151727679,0.3881612420082092,0.15592736657708886,0.22709859907627103,0.8253553436193077,0.8252520323534412,0.8253722996524577,60.260460032465325,32.69280983591962,0.0035231464687241285,0.05935609883343184,0.908501218602064,0.8813582234409476,0.0007165899922708064,0.1484638479294428,0.24940267398441412,0.41790508058731746,24.940267398441414,17562.08088559079,132.52200151518537,97.03908661287653,64.76128578186035,359.22637939453125,289.06901359558105,333.92453801035884,-0.6642666847326009,-0.665251183780567,-0.6641657747335159,378.37276581136507,62.69577582564443,1.5947942900154783,1.2628516500426636,0.17452895122983653,0.17697628645750166,-1.0319142929270664,0.3682803452516736,0.7081982947852641,1.2900646048677566,70.8198294785264,0.2137171232039543,68.88673918680577,86.1814122198361,57.48147964477539,179.98422241210938,165.04089546203613,0.012038112970049227,0.10971833470322645,0.06300791404949103,0.032309677451849,1.2432901859283447,0.2245279014110565,0.40875588059425355,0.9295429597567338,0.9292501065332288,0.929624198958179,20.228239866944815,19.385535602197614,0.0037451209478459434,0.061197393309241066,0.9642239875334324,0.8563202812858979,-0.0037256309476036025,0.0635069226197927,0.27597145775102094,0.265437450717238,27.597145775102096,236.35159397125244,980,0.7933995127677917,0.7459312098061611,-0.05028163493922155,178.23828125,0.08867661952972412,46325.627000508415,50390,0.19579124450683594,1000
CNN1D_Large_Raw,0.6404305100921541,0.5735688805580139,0.7573433042933791,0.5891046524047852,0.005418005071734801,0.07360709932971685,0.05327200116417366,0.037892378866672544,0.417986124753952,0.1572395972907544,0.22422542944550516,0.8210951200150554,0.8209892886085641,0.8211085765975221,60.888611324494455,32.91270191150913,0.0036004378140284308,0.060003648339317095,0.9061523872254097,0.8774229197636391,0.0006383751879946188,0.1502637264939058,0.25242626883989455,0.422971488383017,25.24262688398946,18157.474921204575,134.74967503190712,99.88183629962319,68.21317291259766,359.22637939453125,287.71327209472656,334.084066772461,-0.7206890679465128,-0.7217069437261456,-0.7206888080056464,382.14960628502405,64.1225046949381,1.6149905810062375,1.27082279685495,0.15131504986411032,0.15202730392714556,0.05237376651927422,0.374471078582488,0.7201029941396566,1.3117503832461845,72.01029941396565,0.18091501077290928,70.93630843482278,87.96070082642832,60.257911682128906,179.99790573120117,165.78510189056396,0.013791377389495246,0.11743669524256567,0.06489418033046146,0.032383188605308554,1.3516886234283447,0.21964628696441618,0.4722716355323784,0.9192813994884977,0.9189458943029976,0.919373030599444,20.66419264659425,19.706302016067504,0.0044058023420142,0.06637621819608436,0.9588855730527651,0.8482157243041977,-0.003956748857303426,0.06797444691141927,0.29538523408339873,0.28411019079135874,29.538523408339874,119.68303680419922,498,0.8227637410163879,0.7814651920880407,-0.04215964164775676,331.60546875,0.08527874946594238,48171.43808658457,159254,0.6110610961914062,500
CNN1D_XL_Raw,0.6725248420692781,0.5275115966796875,0.7262999357563564,0.5564519166946411,0.004970742219623466,0.07050349083289044,0.05053691442109907,0.035075463354587555,0.3928716480731964,0.15087193250656133,0.2210016708821062,0.8358639335948259,0.83576683869856,0.8358639364865831,57.48003830804701,31.918467830802683,0.0033123754700425064,0.05755324030880022,0.9142560420293347,0.8858319277059363,-9.358139680883665e-06,0.1439279276027925,0.24178283471563486,0.40513709581470586,24.178283471563486,16913.380453901475,130.05145310184534,93.24276661412034,57.968482971191406,358.47637939453125,288.5180344581604,333.4362753868103,-0.6027927327638469,-0.603740866818304,-0.6027601857107898,363.8783617095595,60.45398489366013,1.5618599962181512,1.2497439722671806,0.20687815488511008,0.20950569756534357,-0.5860468860710953,0.3614146594619704,0.6949956706661938,1.266014507327561,69.49956706661939,0.25910511002142045,65.7014332446703,83.65704059372088,52.20637512207031,179.9976501464844,164.6833038330078,0.013223432897664865,0.11499318630973256,0.06687848632039817,0.03669984638690955,1.2384073734283447,0.23077254593372318,0.4619647550582877,0.9226054825915881,0.9222837938884236,0.9226255529490794,22.684397026050274,21.968815028376365,0.004248784684781667,0.06518270234334925,0.9605363417669099,0.8419505159397445,-0.0018518020633785574,0.06656010050215279,0.2892391444253157,0.27819870130612007,28.92391444253157,78.18386507034302,299,0.7351875901222229,0.6347198000950881,-0.10035863858377392,679.48828125,0.08955869674682618,45869.35885872615,585750,2.238527297973633,300
CNN1D_XXL_Raw,0.6374509558983392,0.5732523202896118,0.7571342815443056,0.5884686708450317,0.005392675648681007,0.07343483947474119,0.05294407166701003,0.03684133291244501,0.3973730504512787,0.15653171017766002,0.22692357450723646,0.8219315085624135,0.8218261719226181,0.8219317974011352,60.63999286247706,32.908983453901755,0.003581715831601771,0.05984743797024039,0.9066068598833554,0.8783858636536084,9.352685212584276e-05,0.14991207009160695,0.25183552538092974,0.4219816245259817,25.183552538092975,18480.32607923226,135.94236307800546,100.81557144130073,68.72586822509766,358.47296142578125,289.6817786693573,333.48425750732423,-0.7512839860506464,-0.7523199602925164,-0.7512417641805262,376.25551697944235,64.6892035163224,1.6330487246749121,1.277907948435611,0.14986132469537,0.14992917933576203,0.6674907619737553,0.377785573989836,0.7264767255261451,1.3233608676587978,72.64767255261451,0.17450480359540876,71.14143169377353,88.30422283290004,60.200164794921875,179.9945068359375,166.06174087524414,0.014366286177495826,0.11985944342226784,0.06943031536377132,0.037963736802339505,1.3250772953033447,0.23765477687120418,0.4659169006347653,0.9159165555371954,0.9155670644477412,0.9160514861341463,23.411756288700378,23.213510497895975,0.00460897776177374,0.06788945250754155,0.9571164204607967,0.8354950276787396,-0.004801448007470591,0.06937677662770382,0.3014791047999434,0.28997145456545304,30.14791047999434,78.06373023986816,300,0.8140587210655212,0.7919339683607391,-0.02212475270478209,643.06689453125,0.09257848262786865,44373.16192049339,561302,2.144725799560547,300
SimpleRNN_Small_Raw,0.7561886323802041,0.40494853258132935,0.6363556651600811,0.45486578345298767,0.003945012178569348,0.06280933193856904,0.04324148615166941,0.0278008915483952,0.4065435230731964,0.13494619494304066,0.21048477217555045,0.8697339849259114,0.8696569259010571,0.8697356222849748,53.27368306127267,28.848039382998437,0.002672285522793236,0.05169415366163988,0.9326118005786819,0.9057392303251954,0.00022267967265370326,0.1282208423049726,0.21539668665055647,0.3609238355582638,21.539668665055647,13687.350501113538,116.99295064709472,74.80603362347877,32.752281188964844,359.3184868246317,285.0964574813843,340.3949438333512,-0.2970787225989382,-0.29784601114665143,-0.29704374708680303,346.7948814336507,49.65126781655883,1.3312569450143972,1.15380108554915,0.3562786848262776,0.36026200835068817,0.6075171857221422,0.3251249133253312,0.6252109627296489,1.1388936397218743,62.52109627296489,0.45356215703291103,51.12355238756991,71.8446745151396,30.41229248046875,179.98663330078125,157.6212134361267,0.009351072195557303,0.09670094206137447,0.05728119853231058,0.028735827654600157,0.9157153367996216,0.20728287994861597,0.34415445923805205,0.9452697551817896,0.9450422700566283,0.9452769871407136,17.77337282554886,17.024621743289046,0.0030056860311394686,0.05482413730410601,0.9722666799274773,0.8680468408792748,0.0011115909056210514,0.05597222434485396,0.24322917421922702,0.2339449610874541,24.322917421922703,230.4894061088562,1000,0.5062834024429321,0.3610332841197871,-0.14525011832314505,195.19580078125,0.08335189819335938,49285.02036594631,16470,0.066436767578125,1000
SimpleRNN_Medium_Raw,0.8227625694708153,0.28568750619888306,0.5344974332949439,0.3410555422306061,0.002771473221279773,0.05264478341944027,0.033165061146685215,0.01806478202342987,0.4046407341957092,0.11591980978846553,0.19449963867664344,0.9084847508502267,0.9084306148896328,0.908484803203732,43.83189547573062,24.399866076160258,0.0019223805467708448,0.04384496033492156,0.9531460299566257,0.9306692152638929,-3.981818800633762e-05,0.10747062999500634,0.18053864876439457,0.3025148742620325,18.053864876439455,10032.702127252069,100.16337717575256,54.68869432822463,13.15252685546875,358.85137939453125,264.4334011077881,345.58020477294923,0.04925321680239947,0.04869080134849324,0.04925386808356624,276.86157519283586,37.4254353015609,1.006064251024046,1.0030275425052126,0.5275681037166498,0.5310950726416719,0.08290119419367596,0.2783553123715297,0.5352736308293146,0.9750624509217861,53.52736308293146,0.6139984793476956,36.94833889871728,60.383558794008025,12.686264038085938,179.99564170837402,149.86857986450195,0.009259710760936833,0.09622739090787422,0.05813738348156562,0.0328537225723267,0.9347583055496216,0.1988666385412215,0.33906494617462046,0.9458044782145234,0.9455792156545348,0.9458045000448353,20.038521012554938,19.74451350398869,0.0030144894225734658,0.05490436615218744,0.9725669258721917,0.8629948801389382,6.107268029755896e-05,0.055698124518756525,0.24203806425110153,0.2327993165485599,24.20380642511015,220.27185821533203,999,0.3011462688446045,0.15997316469423212,-0.1430087046761054,399.17724609375,0.08607361316680909,47726.58947218552,68054,0.26430320739746094,1000
SimpleRNN_Large_Raw,0.8216633943319406,0.28792187571525574,0.5365835216583302,0.34401804208755493,0.002743919250037228,0.052382432647188386,0.032882308245618774,0.017669200897216797,0.3946633338928222,0.1157151646912098,0.19508021026849756,0.9093945949446838,0.9093409972035069,0.9093949966695657,43.618244914100195,24.222398002592584,0.0019072028626134262,0.043671533779035356,0.9536263561930218,0.9321540185815339,0.00011029935582215142,0.10693505930894337,0.1796389498607581,0.3010073172786939,17.96389498607581,10554.81742240426,102.73664108975073,56.682931609771494,14.146608352661133,359.38697427511215,270.1106414794922,346.27881038188934,-0.00022492288798670046,-0.0008166071975801437,-0.00011651553266256442,296.2381450284238,38.56480420893655,1.0622644457557033,1.0306621394791329,0.5040606275552545,0.5072995010655321,-1.0695618445576798,0.2855064458575594,0.5490251671409446,1.0001124551209162,54.90251671409446,0.6037469078907343,37.76124604131717,61.18014888638882,13.491165161132812,179.94735717773438,150.1018466949463,0.008227013594165732,0.09070288636072026,0.053187223302768115,0.02808837965130806,0.9909106492996216,0.18943210244178738,0.3277746146917342,0.9518486801604037,0.9516485402001902,0.9518521414542037,17.773560999528346,17.608585872056047,0.002670715003262591,0.05167896093443241,0.9756440322432008,0.8909607315519766,0.0007690175335778392,0.05250044307619921,0.22814243251959487,0.219434089966888,22.814243251959486,111.47302961349487,491,0.3025375008583069,0.1640826319771329,-0.13620445630457437,758.23291015625,0.0895132303237915,45892.65726575108,228310,0.8756752014160156,500
SimpleRNN_XL_Raw,0.8043517660704133,0.31903719902038574,0.5648337799922962,0.3803245425224304,0.0031333852446395363,0.0559766491015632,0.036568996490798464,0.02125662937760355,0.4134621620178222,0.12097961455583575,0.20256992140784874,0.8965342586954537,0.8964730534062137,0.8965355485068421,46.65482364428236,25.70577719455467,0.0021497726032645896,0.04636564033057874,0.9468772582457363,0.9228957388096225,0.00019763857492860728,0.11427239990758356,0.19196486213338726,0.3216609104391553,19.196486213338726,11698.388218029742,108.15908754251647,62.49389311702504,19.292465209960938,359.3945428133011,282.3208312988281,345.8114732980728,-0.10859515470682402,-0.10925094556318204,-0.10859161214876067,320.7487680480732,41.84618309635695,1.1442243535173255,1.0696842307509846,0.45201065762123427,0.454741572761454,0.19334592148122848,0.30057549423368474,0.5780027503913233,1.0528984541288033,57.80027503913234,0.5718662475606833,41.23213598303733,63.59367617769998,18.300617218017578,179.93572235107422,152.24647760391235,0.00945614326822405,0.09724270290476325,0.058082479920996376,0.0319724939763546,0.8956958055496216,0.2000571250915526,0.3401319831609724,0.9446547919551026,0.94442475074807,0.9447429780654192,19.715410503024266,19.84056392978361,0.003063044353820452,0.055344777114199786,0.9720216540020834,0.8818373733194954,-0.0038816565230575567,0.056285805152041624,0.24459185011206508,0.23525562276999337,24.459185011206507,67.9584321975708,300,0.35835695266723633,0.21293335776544683,-0.1454235949017895,861.45458984375,0.08186345100402832,50181.12417222497,359894,1.3786373138427734,300
SimpleRNN_XXL_Raw,0.8306650507042687,0.2723897099494934,0.5219096760450925,0.32708024978637695,0.002628218032732804,0.05126614899456369,0.031096812042072552,0.015308648347854642,0.4084572792053222,0.112842982634902,0.19360425597988073,0.9132150993779385,0.9131637616609584,0.9132151944759255,42.08256861318453,23.259515825774624,0.001829442494289099,0.042771982585439024,0.9556301369552354,0.9373287560092587,5.366538780450327e-05,0.1046562445886913,0.1758107957837062,0.29459277082450863,17.58107957837062,9741.477610535074,98.69892405966274,52.95245902561504,11.897407531738281,359.35137939453125,261.8154354095459,344.5591430664063,0.07685104328474468,0.07630495335976173,0.07687814905712975,282.54657597066426,36.157078744101995,0.9832918102680377,0.9916107150833121,0.5406082135631827,0.5440767617603733,-0.5348197298515911,0.274285578342221,0.527447585434966,0.9608064095931371,52.7447585434966,0.6247680530650238,35.73847864367252,59.535238918104326,11.457357406616211,179.98562622070312,149.56211709976196,0.007857394255132521,0.08864194410736105,0.0512895153476308,0.025912228971719756,0.9474536180496216,0.1799040287733078,0.3234223031997669,0.9540119996698438,0.9538208515022124,0.9540213249118725,16.58304012797225,16.61048651306321,0.002502458468842907,0.05002457864733002,0.9767522640446653,0.9023795415430426,-0.0012622549014479486,0.05130753306200725,0.22295860212754018,0.21444812969610183,22.295860212754018,73.72641181945801,300,0.28213611245155334,0.1484228501663738,-0.13371326228517955,1028.78759765625,0.0917003870010376,44798.06611888691,1369046,5.228267669677734,300
GRU_Small_Raw,0.7671195524275998,0.3789409101009369,0.6155817655689103,0.43538638949394226,0.0036812469018705006,0.060673279966312194,0.04152762712950931,0.026962310075759797,0.4061621129512787,0.1305229067802429,0.20834099650382992,0.8784436288902892,0.8783717220662629,0.8784450549402656,50.85442470911736,27.97261882695596,0.0024917389303751175,0.04991732094549063,0.9372724219870239,0.9112552222973739,0.00020781456526397377,0.12386024214196106,0.20807136566501389,0.34864935265924546,20.807136566501388,13205.300329805956,114.91431734038173,71.99092164116377,29.83538818359375,358.28546142578125,285.1585235595703,342.78127431869507,-0.25139734544874615,-0.2521376111204221,-0.25102166451589936,346.8541364527188,48.29182231204908,1.2964720386711035,1.1386272606393646,0.3761356223189975,0.3803607630009101,-1.9910680505145615,0.3193483646534477,0.6141027350658121,1.118658726086176,61.41027350658122,0.4816599884410929,48.91021201246048,69.97317245539729,27.371826171875,179.9916763305664,156.81527709960938,0.010037016358396525,0.10018491083190385,0.06056834082731283,0.0337585806846619,0.9674731492996216,0.2101113408803939,0.3438971191644667,0.9412550399514175,0.9410108677458365,0.9413237592327889,20.61389595617788,20.203084824029464,0.0032723724077648843,0.057204653724717926,0.970521322967336,0.8680297829302339,-0.0034265440100660423,0.057988807404724965,0.2519923033987091,0.2423735960218904,25.199230339870912,241.85808157920837,994,0.4632206857204437,0.3324811067817063,-0.13659605890872534,275.4345703125,0.09325792789459228,44049.87428675444,29014,0.11420822143554688,1000
GRU_Medium_Raw,0.8307524999268311,0.27182817459106445,0.5213714363014764,0.3249507248401642,0.0026616796766258974,0.05159146902953915,0.031546770306639625,0.01623117178678505,0.4098897576332092,0.11415695585310459,0.1960447291843595,0.9121101813674288,0.9120581900348116,0.9121101916950091,42.37235163430744,23.425737387534905,0.001850439443328608,0.0430167344568205,0.9550451315502131,0.935739804762321,-1.768511541869675e-05,0.10532036260453063,0.17692643983646084,0.296462170660223,17.692643983646082,9760.384535656975,98.79465843686577,52.75510069143946,11.185676574707031,359.35137939453125,263.91777539253235,344.78127431869507,0.07505933273540244,0.07451218292179329,0.07516342452737013,242.68513345176478,36.47784504243058,1.009802426646527,1.0048892608872517,0.5415158044287354,0.5453601299455723,-1.0480566773615945,0.27455162540675127,0.5279591904659219,0.9617383569685662,52.79591904659219,0.6306688173661659,35.33377141246539,59.06526894230069,10.857948303222656,179.98898315429688,147.5664930343628,0.008631976445700676,0.09290843043395296,0.05321546292028589,0.02798342704772956,0.9459887742996216,0.1904895037412644,0.3397548925876607,0.9494785010468986,0.9492685094864578,0.9495095588250749,16.850068146217993,16.932938550422108,0.002731820317097212,0.05226681850942538,0.97449026669371,0.906513764609402,-0.002303574177116389,0.053777051194361,0.23368997582373374,0.2247698799952996,23.368997582373375,244.61792707443237,989,0.27861636877059937,0.14097158981139046,-0.13263214659147035,641.22607421875,0.09250571727752685,44408.066019050144,175574,0.6744174957275391,1000
GRU_Large_Raw,0.8308869005241156,0.26886364817619324,0.5185206342819861,0.3225770890712738,0.002566703513134863,0.05066264415854016,0.030791413752585733,0.015596315264701802,0.3924337029457092,0.1108056344091892,0.19315153285861017,0.9152463355248766,0.9151961993881907,0.9152466696907755,41.77475694973685,22.951299030268363,0.0017904793788030464,0.042314056515572296,0.9566913027444723,0.9379236606745184,0.00010059807598044705,0.10342423182845775,0.17374115202146723,0.2911248262775325,17.374115202146726,9562.511621977741,97.7880955023552,52.11900295511133,10.933029174804688,359.3945428133011,258.59485149383545,343.87482328414916,0.09381071534163521,0.09327465793196188,0.09383872796948134,264.7565393238966,35.47118286626525,0.9404258175756324,0.9697555452667607,0.5477427916969912,0.5506847904691328,-0.5436926382194915,0.2717543740764006,0.5225801126851448,0.9519397484391356,52.25801126851449,0.6271299319546446,35.34017717667465,59.347572332324916,10.600128173828125,179.9912109375,149.55437469482422,0.008494276749266283,0.09216440066135234,0.05249892813883569,0.026737563312053597,0.9562426805496216,0.1940060675144195,0.3384765887260435,0.9502844340928255,0.9500777923763409,0.9502905896938918,16.558920423811163,16.321958126427862,0.002659325649871343,0.051568649874428,0.9748337983531885,0.8998731611324077,-0.001025539146375315,0.053346393535154114,0.23181853855201298,0.22296987668107662,23.1818538552013,123.12474274635315,486,0.27497440576553345,0.13670388549106433,-0.14072779006332048,759.63671875,0.08664882183074951,47409.761762532966,639958,2.4458847045898438,500
GRU_XL_Raw,0.8111552095700301,0.3060566782951355,0.5532238952676715,0.3697505295276642,0.002958691307467805,0.05439385358170356,0.03503523205797811,0.02012529596686366,0.3982872068881988,0.11681997915729887,0.1970084339380264,0.902302728353567,0.9022449354097994,0.9023040227873648,45.7211921520697,25.12738143747164,0.0020389032689746163,0.04515421651379433,0.9499180928999023,0.9279776986222232,0.00019799240547811834,0.11104123395677495,0.18653686441233908,0.31256562774309177,18.65368644123391,11248.010263680842,106.05663705624859,60.52653103561248,17.66008758544919,359.3945428133011,276.0234775543213,342.52268197536483,-0.0659151881445541,-0.06654573161307864,-0.06568524251521812,307.6454598778502,41.131401493834005,1.1264555596243362,1.06134610736759,0.4743851804807195,0.4776384265141825,-1.5577189611567155,0.29473275731374343,0.5667672435907809,1.0324316869142258,56.67672435907809,0.5838075504821703,40.20249692699059,62.70054213941823,16.94904327392578,179.9714584350586,150.58312225341797,0.00899473272355948,0.09484056475769996,0.05673458950889697,0.03166195750236511,0.9171801805496216,0.19312001951038826,0.3404494428634631,0.9473553498743531,0.9471365334801878,0.9473588100809782,18.923595640821645,18.649570133897857,0.0029479739486148217,0.05429524793768624,0.9733293446127488,0.8715922144462619,-0.0007688967518312282,0.054895404889038775,0.23854981923402171,0.2294442200746118,23.85498192340217,77.57428479194641,300,0.3365016281604767,0.1993250648244132,-0.13717656333606348,1021.67626953125,0.09445300102233886,43492.53020587908,1034710,3.952730178833008,300
GRU_XXL_Raw,0.8351743467322095,0.2606658935546875,0.5105544961653824,0.3150996267795563,0.002512955801539317,0.0501293905961295,0.030048935728217322,0.0146246999502182,0.4322609901428222,0.11046044901013374,0.19063148498535148,0.917021108299201,0.9169720220315793,0.9170221932747796,40.77899745752529,22.405290562122705,0.0017529364453559508,0.041868083851018915,0.9576182409645679,0.9400953662974194,0.0001812669350616331,0.10233563211207651,0.1719124261467803,0.2880605695002338,17.191242614678032,9826.175476682822,99.12706732614872,52.28859052125617,10.52484130859375,359.3945428133011,264.79191398620605,345.52102189064027,0.0688246688581644,0.06827383092130679,0.0691206055523993,269.51266569783087,35.79303132420456,1.0159063552778202,1.0079218001798653,0.5377665835108347,0.5414613263923034,-1.767160257188549,0.27547539398185705,0.5297355853729567,0.9649742644971602,52.97355853729568,0.6383914703827883,34.48187458223295,58.44448424474685,10.1418228149414,179.98831176757812,147.41542053222656,0.00852400126710964,0.09232551796285597,0.05261331070540971,0.02734570950269695,0.9591723680496216,0.1896883875131605,0.3302435779571529,0.9501104615146388,0.9499030966847486,0.9501423937174991,17.372008500594873,17.216841954044135,0.00271201836706994,0.05207704261063545,0.9748046008219591,0.8953409910771121,-0.0023357773856227866,0.05343965109349181,0.23222379239299712,0.2233596617237793,23.222379239299713,90.76606464385986,300,0.26767656207084656,0.1330662455614175,-0.13461031650942906,2042.1953125,0.09705493450164795,42326.544457461336,4029398,15.376579284667969,300
LSTM_Small_Raw,0.7945171848905391,0.3319399356842041,0.5761422877069553,0.3875700831413269,0.0031986330786732673,0.05655645921265994,0.03694478807848329,0.021648123860359192,0.3809590935707092,0.12186359241604802,0.20107558816671417,0.894379746884828,0.89431726709142,0.8943798748342013,46.70803256385389,25.699846570761004,0.0021811904752197103,0.04670321696863836,0.9457275831213362,0.9218496020401468,6.224832814026717e-05,0.11545604155011013,0.19395324782325382,0.32499269701821293,19.395324782325382,11856.624995533948,108.88813064578686,64.00485768501896,20.194087982177734,358.72637939453125,278.47635650634766,344.28127431869507,-0.12359042769385176,-0.12425508902278204,-0.12351821243198913,308.742028645116,42.56142874808598,1.1386238616555109,1.067063194780661,0.4441202971714856,0.4463308100603977,0.8729533218593558,0.30260151438661004,0.5818987606889182,1.059995484751634,58.18987606889182,0.5392705915649219,43.158828636148414,65.97010336463443,19.057315826416,179.96435546875,154.89600372314453,0.008559752392393016,0.09251892991379124,0.05325419666787869,0.027028463780879947,0.9288989305496216,0.18548985123634337,0.3170274311304091,0.9499012162218675,0.9496929816682664,0.9499144464407253,16.79042165034394,16.223664999306553,0.0027250319809835007,0.05220183886592024,0.9746596300734582,0.8708048302503603,-0.0015034899305998131,0.05355160136903156,0.23271027606220748,0.22382757600021605,23.27102760622075,241.99238538742065,979,0.3817566931247711,0.2412613229166551,-0.1391607778332623,292.55224609375,0.09103076457977295,45127.60075084328,35286,0.13814735412597656,1000
LSTM_Medium_Raw,0.839457310576066,0.26192203164100647,0.5117831881187643,0.31352630257606506,0.002481280713449564,0.04981245540474354,0.029921324049896163,0.014606349170207991,0.3999365270137787,0.10785277932882308,0.19287726497277624,0.9180670334613558,0.9180185659120775,0.9180735435732348,40.767302427692606,22.637531129368192,0.0017329154574491398,0.041628301159777586,0.9581623941543262,0.9403300869078194,0.00044402031052800136,0.10168863116585818,0.17082553685819077,0.28623935183451665,17.082553685819075,9795.10556001408,98.9702256237404,52.14407998779606,10.360092163085938,358.9169006347656,266.0679397583008,346.0670209884644,0.07176900259321917,0.07121990638068121,0.0719217998219921,239.77744862783146,35.498003445272666,0.9911427792501439,0.995561539659977,0.5399859686638644,0.5426668695626664,-1.269796909052669,0.27503952887529076,0.5288974224647089,0.9634474544087918,52.8897422464709,0.6446234918269551,34.26014788382248,57.93867449798619,10.001014709472642,179.98532104492188,145.10758209228516,0.00757216360647978,0.08701817974699183,0.04739748044782831,0.019747581332921954,0.9528247117996216,0.18315151631832022,0.32201356887817384,0.9556814064398866,0.9554971971268006,0.9557101777388649,13.51355675333249,13.15633862615375,0.0023191508459527877,0.04815756270776987,0.9776046384934074,0.9173127659126419,0.0022171585183108494,0.05036766938411173,0.21887439305904371,0.21051981749971524,21.887439305904373,242.95997643470764,954,0.2709057331085205,0.1328947607400286,-0.13308780032032255,658.25048828125,0.08556692600250244,48009.20392862845,229334,0.8795127868652344,1000
LSTM_Large_Raw,0.8325368664679096,0.2634728252887726,0.5132960405933136,0.3131254017353058,0.002543323570360011,0.050431374860893996,0.030035187203270232,0.014487385749816867,0.4011330604553222,0.11019364744424816,0.19386953487992314,0.916018351386953,0.9159686719372202,0.9160186760335606,40.88159476891161,22.58133925251038,0.001774857652365234,0.04212905947639033,0.9570887801324276,0.9390237900132449,-9.915486890402374e-05,0.10295211179106468,0.17294804311711354,0.289795874044209,17.294804311711356,9225.68524036352,96.05043071409685,50.48673464297276,9.7540283203125,359.35137939453125,252.5341968536377,344.08953142166143,0.1257299923972094,0.12521281687597452,0.12575570920006462,247.7860335215533,34.56549983381499,0.9355714584392204,0.967249429278312,0.564286922243225,0.5676022644645837,-0.5209367719293247,0.26692538129909077,0.5132940226330568,0.9350240679270189,51.32940226330568,0.6330475619629777,34.488265503892286,58.87475138201901,9.471755981445312,179.9983673095703,147.5149655342102,0.008791525730502577,0.09376313630901313,0.0517823728809846,0.0241171233355999,0.9362231492996216,0.1924037605524063,0.3593259483575815,0.9485446860537979,0.9483308131107453,0.9485537256998906,16.073819241065785,15.928186218100516,0.0027436062437097303,0.052379444858739486,0.9739582850012403,0.9004880923172598,-0.001242775616019269,0.05427177014919155,0.23583979359964813,0.22683763785183902,23.58397935996481,122.94921064376831,496,0.26357999444007874,0.12847290247775803,-0.13456335407211978,790.77734375,0.09069509506225586,45294.62146966321,845782,3.231058120727539,500
LSTM_XL_Raw,0.800507457811266,0.3290417790412903,0.5736216340422406,0.3921454846858978,0.0031220013724003464,0.0558748724598128,0.03667318565471209,0.021898485720157644,0.4000344276428222,0.11883005127310757,0.2017591983079911,0.8969101590997078,0.8968491761748242,0.8969104797948562,45.95875537008388,25.738835057965552,0.002131026200298336,0.04616303933124785,0.9470719748641954,0.924236052724461,-9.85495861822011e-05,0.1140646300375749,0.1916158319696387,0.32107606715588777,19.161583196963868,11634.003042596007,107.86103579419218,63.39346164441891,21.703393936157237,358.97637939453125,276.93983602523804,340.6043954849244,-0.10249370789291334,-0.10314588943074399,-0.10245052614437844,292.80628066236943,42.4803000023809,1.0949900737029772,1.0464177338438876,0.4542094633471404,0.4554764954617172,0.6750355401627098,0.29974720459482684,0.5764099602318957,1.049997003754255,57.64099602318957,0.5594542691996631,42.63622908125555,64.5089088410058,20.6451416015625,179.94403076171875,152.2758903503418,0.00937017577948148,0.09679966828187729,0.05730906681419725,0.0313146151602269,0.9274340867996216,0.1983421653509139,0.34268719315528834,0.9451579451344271,0.9449299952731276,0.9451579871434515,18.991616248697422,18.37756409085418,0.0029882820411042373,0.054665181250081275,0.9722696323016655,0.8762624361902873,8.472046037701547e-05,0.05602936883636466,0.24347749751964995,0.23418380572869021,24.347749751964994,77.73147654533386,300,0.3810981214046478,0.23841384892817913,-0.1426842724764687,1056.76611328125,0.09177403450012207,44762.11623882064,1372118,5.239860534667969,300
LSTM_XXL_Raw,0.8353630946776924,0.26419252157211304,0.5139966163041475,0.31853607296943665,0.002537587000659089,0.05037446774566545,0.03031230086239441,0.014894604682922336,0.4129738807678222,0.11022199690341945,0.19379913061857235,0.9162077754093155,0.916158208013601,0.9162080704646316,40.88802155270289,22.683671896612353,0.0017660862897162085,0.04202482944303532,0.9571922367754576,0.9404716241721385,9.452797013101896e-05,0.10283593990987215,0.17275288733868466,0.2894688663581707,17.275288733868464,9921.059771730233,99.60451682393843,52.82303178190329,10.911239624023438,359.10137939453125,268.14526653289795,345.9247545003892,0.059832979765028105,0.05927682278319235,0.05987026300230913,285.221111963918,36.275851414032125,1.0107090332759614,1.0053402574630945,0.535491114143767,0.5384364419546976,-0.627239404988003,0.27680223227192075,0.5322870780784303,0.9696221017669573,53.22870780784304,0.6382317437598851,34.75693941012591,58.45739061821333,10.552443504333496,179.98654174804688,146.94014739990237,0.008260999762230676,0.09089004215111068,0.05142254068878023,0.02425098419189449,0.9918872117996216,0.18392748832702627,0.332618173956871,0.9516497648638764,0.9514487981163668,0.9516568746557277,16.001984706074186,16.022916580826166,0.00258177634886835,0.050811183305138154,0.9755453425619919,0.9098977903202357,-0.001102162048967841,0.05260877217479809,0.22861318024321187,0.21988686894883827,22.861318024321182,93.18915033340454,300,0.2718507945537567,0.1414005281299642,-0.1304502664237925,2124.08251953125,0.09254844188690185,44387.56521714489,5359574,20.45081901550293,300
BiGRU_Small_Raw,0.7680549919046661,0.3791193664073944,0.615726697819247,0.4367460310459137,0.0037228583991641114,0.06101523087856106,0.04143580296486855,0.025915056467056295,0.3910012245178222,0.13312613964080805,0.20727697610855111,0.8770695991818002,0.8769968795487739,0.8770696666712953,50.287157813255675,27.956771724261536,0.0025167562860212915,0.05016728302411136,0.9365211688008729,0.9093124627419809,-4.520918727011227e-05,0.12455831092636378,0.20924404321502477,0.3506143191859109,20.924404321502475,13186.504295281971,114.83250539495327,71.88660019593196,30.705787658691406,359.22637939453125,284.9690203666687,342.8554016947746,-0.2496161434222246,-0.2503553554216045,-0.2495975671517876,298.65712663341594,48.065150248684276,1.2796697606598364,1.1312248939357004,0.3803358262791737,0.3840156969477034,0.4427471652400034,0.31912100820573625,0.6136655315857632,1.117862309688552,61.36655315857632,0.4825716734324891,48.834180148061904,69.91160903633066,28.21967315673828,179.99506378173828,156.4351806640625,0.009478540780877086,0.09735779774048449,0.06001364536485485,0.034825008362531655,0.9396411180496216,0.1996318221092223,0.3476721918582914,0.9445237030997089,0.9442931170245732,0.9445751420546841,21.16035282123687,21.062540259606287,0.0031200711168146438,0.05585759676905769,0.9720562521259309,0.8688340040670292,-0.002964579342468138,0.05635242408903021,0.24488134493241137,0.23553406738790705,24.488134493241137,240.0471694469452,995,0.46499475836753845,0.3323111647907854,-0.1339920090061411,414.8720703125,0.08513274192810058,48254.054867273495,51926,0.20275497436523438,1000
BiGRU_Medium_Raw,0.8439780834514865,0.24949711561203003,0.4994968624646505,0.2982979714870453,0.0023954691393713637,0.04894353010737337,0.02894704466931017,0.013467371463775663,0.4010574221611023,0.10786426812410353,0.19061897411011164,0.9209005688970958,0.920853777529264,0.920900817017948,40.30967242862151,22.288703389167544,0.0016840921306084044,0.04103769158479074,0.9596361535305865,0.9426655543943002,8.668425921879819e-05,0.09991478116474893,0.16784566708050486,0.2812462108240824,16.784566708050484,9011.464927517403,94.92873604719175,48.63797975199354,8.213890075683594,359.22637939453125,254.3342888355255,344.1985992431642,0.14603053264556354,0.14552536593441368,0.14604098163980106,266.5627174643179,33.34331709363563,0.9322500386785773,0.965530962050714,0.5743625344836568,0.5777760721900074,-0.3320578652590658,0.2638081774048572,0.5072996802499854,0.924104684196783,50.72996802499854,0.6552103511110778,32.653039468136235,57.069137240094804,8.007774353027344,179.99594116210938,145.61636543273926,0.007547914844219968,0.08687873643314553,0.04926548619911495,0.02488718181848522,0.9645434617996216,0.18590583503246302,0.32387490034103383,0.9558233303462862,0.9556397109369675,0.955831199083363,15.561208381797515,15.468387025142844,0.0023686832189455365,0.048669119767523396,0.9776800644398066,0.896272368718121,-0.0011594967260056901,0.05028695711513465,0.2185236551928531,0.21018246752218375,21.85236551928531,270.8765869140625,996,0.2483612447977066,0.11499303871966231,-0.13317324103726152,1090.72509765625,0.09405262470245361,43677.675269522086,443350,1.6981792449951172,1000
BiGRU_Large_Raw,0.8429200804381112,0.24748876690864563,0.49748242874361465,0.2934502363204956,0.0023495022476783273,0.04847166437908159,0.0280481033978186,0.01201452314853671,0.3868226706981659,0.10792312212288381,0.18786269798874877,0.9224184156197809,0.9223725221360846,0.9224236403177164,39.42463303280773,21.674688626828818,0.0016527052910694621,0.0406534782161313,0.9604313563773632,0.9450113535456338,0.0003977765746068822,0.09895150040265457,0.16622746304487826,0.278534709471224,16.622746304487826,9125.539550054615,95.52768996502854,49.04224617532543,7.7961883544921875,359.22637939453125,256.5118999481201,343.3742236614227,0.1352202764407937,0.13470871490900638,0.13528350246607657,248.65925716095808,33.56503313447419,0.9311975486580093,0.9649857764019164,0.5696866579786038,0.5731954037311293,-0.8168164341569154,0.2654726780396857,0.5105004932351286,0.9299353329985942,51.050049323512866,0.6516020891171834,32.83510882440876,57.366977467220764,7.568359375,179.99325561523438,146.0627989768982,0.007733054954545668,0.08793779025280125,0.04993110259554141,0.024415343999862713,0.9049731492996216,0.18130056560039515,0.3244060552120203,0.9547397365773694,0.95455161323307,0.9547398048571797,15.37088941964469,15.197082405357198,0.0024059054647051787,0.049050030221246335,0.9771122787033811,0.9023739592561186,0.00010800980006101626,0.05089995629304775,0.22118746363688138,0.21274459669432386,22.11874636368814,179.49197220802307,500,0.24511179327964783,0.11397421097446335,-0.13113758230518446,1676.41015625,0.09113562107086182,45075.67899060956,1667030,6.366123199462891,500
BiGRU_XL_Raw,0.8318771893808256,0.27262356877326965,0.52213366944995,0.3300001621246338,0.0025886422240730188,0.05087870108476649,0.031373697576847714,0.01642376184463501,0.3911474645137787,0.11060077697038646,0.19555341154336928,0.9145219097638356,0.9144713450921809,0.9145219463833899,41.7591483045127,23.267434421529327,0.0018001080972150489,0.04242768078996363,0.9563104348714351,0.9365246352401252,-3.330160282411269e-05,0.10386529687741669,0.1744820920155842,0.29236636303816554,17.44820920155842,10063.017005798883,100.31459019404348,54.03804703995312,12.36764526367189,359.3945428133011,265.0233917236328,343.58421742916113,0.04638043408685144,0.04581631923472107,0.046789149896407034,289.3052838459877,37.52123007334602,1.0389646279260885,1.019296143388215,0.5303088331486389,0.5344387871396648,-2.0767644705619537,0.2787755352925995,0.5360817140191138,0.9765344673451871,53.60817140191137,0.6299338594927236,35.79535650870741,59.124008782815366,11.97520828247071,179.92065811157227,147.23685455322266,0.00834198039904047,0.09133444256708675,0.05195974138816556,0.026794251054525355,0.9596606492996216,0.1913239389657966,0.34145628809928885,0.9511757988859172,0.9509728621086704,0.9512009004652174,16.67272038688959,16.56709724618414,0.0026176891780280405,0.05116335776733228,0.9753216028617901,0.8999263803542734,-0.002070940077892443,0.0528659990357957,0.22973096817677652,0.2209619902021223,22.97309681767765,124.00136017799377,300,0.2835724651813507,0.1472183180777197,-0.136354147103631,2242.640625,0.09128420352935791,45002.30972250118,2849750,10.879980087280273,300
BiGRU_XXL_Raw,0.8522986178635561,0.23612727224826813,0.4859292872921616,0.2761041224002838,0.0021856952920157138,0.04675142021388991,0.025697543986837615,0.009308746084570852,0.4029641151428222,0.10554072167724371,0.18751651495695124,0.9278273924212986,0.9277846986246239,0.9278282810770331,37.474473213070866,20.434614451328436,0.0015489915750954225,0.03935723027723651,0.9632396890695202,0.9499560060047391,0.00016404967865198445,0.09543974269049131,0.16032810252032048,0.2686495999972854,16.03281025203205,8334.149571025635,91.29156352602159,45.280156647187205,5.657257080078125,359.3945428133011,246.6938877105713,335.89040632247924,0.2102161715917945,0.2097489739759918,0.21041029859259197,235.70433529569388,30.921208537830392,0.8305855629026347,0.9113646706465172,0.6077985446532951,0.6098789158422502,1.4312631806985985,0.2537004282272011,0.48786261057188096,0.8886978273902808,48.78626105718809,0.6718818759577474,30.73920516415706,55.672318409913395,5.568912506103487,179.9867401123047,143.06793022155762,0.0073149925412219815,0.08552772966250174,0.04640582308242099,0.019276820123195607,0.8956958055496216,0.17411233782768232,0.320205489993095,0.9571865852116221,0.9570086321428196,0.9571879487060982,13.533286614010242,13.568932725492022,0.0022638136162193927,0.047579550399508744,0.9783663155929427,0.9321150438356438,0.00048266265889543606,0.049504970379060285,0.21512550565900768,0.2069140275292564,21.512550565900767,153.46914720535278,300,0.22899200022220612,0.10021524852230565,-0.12877675169990047,4498.15625,0.09717862606048584,42272.670097672526,11198422,42.72766876220703,300
BiLSTM_Small_Raw,0.7883299706654698,0.3432634174823761,0.5858868640636826,0.4008820652961731,0.003264825851042067,0.0571386546135107,0.03769792118571602,0.022971220314502744,0.4188332557678222,0.1250727982260287,0.20279844999313354,0.892194032800083,0.8921302600447626,0.892194304155906,46.956527046673955,26.17960869035753,0.002231727394834674,0.04724116208175529,0.9445656083046072,0.9208942745329226,9.065216546058717e-05,0.11664455259423613,0.19594981356366156,0.32833819028543876,19.594981356366155,12131.821208384255,110.14454688446567,65.99869711536202,22.924362182617188,358.63697427511215,279.9800354242325,340.7927490234375,-0.1496693355291483,-0.15034942386876815,-0.14923080344574258,308.9137342979609,44.59961162470979,1.1876598016242474,1.0897980554324032,0.4311482475265844,0.4341044653033233,-2.151182285251035,0.3060931112601105,0.588613055882165,1.0722263452877607,58.861305588216496,0.5254324221588461,44.751332710647226,66.95349148989115,21.710174560546875,179.94569396972656,154.81661987304688,0.008993347554025555,0.09483326185482367,0.057819638122870665,0.03292796015739441,0.9152270555496216,0.1926851451396942,0.3439560371637343,0.9473634570374806,0.9471446743405704,0.9473659164066524,20.425974497507006,20.0969871648662,0.002949537235672314,0.05430964219797728,0.973425083523848,0.8725917803938896,0.0006482296205237566,0.054891177839028235,0.2385314504467262,0.22942655243567467,23.85314504467262,342.7199196815491,994,0.40043264627456665,0.2596175426021438,-0.1422406320207803,453.10791015625,0.09562714099884033,42958.51530320056,64470,0.2506237030029297,1000
BiLSTM_Medium_Raw,0.8528798166483563,0.23428639769554138,0.48403140155938373,0.27200794219970703,0.002198395194581486,0.04688704719409707,0.025588681810858195,0.008911531418561963,0.3990254998207092,0.10511554405093196,0.18724188059568403,0.9274080361242358,0.9273650942568168,0.9274081759995093,37.62029562902027,20.468298371601833,0.001557772970157581,0.03946863273737236,0.963020530100762,0.9502062362745197,6.508472655269602e-05,0.09571661565036375,0.1607932181529086,0.26942895886627366,16.07932181529086,8380.214075922073,91.5435091960215,45.28215200695319,5.3157806396484375,359.3945428133011,247.31618785858154,336.4907208442689,0.20585087904205202,0.2053810991319579,0.20587704900985815,233.862072722749,30.923873163506123,0.8369731136282913,0.9148623468196138,0.6045016647982517,0.6074972745842171,0.5255065347689991,0.25440058848188607,0.48920900959870234,0.8911504479929009,48.92090095987023,0.670763736115339,30.642582343609885,55.767096007578544,5.240020751953125,179.96505737304688,143.72370910644537,0.006754393316928134,0.08218511615206328,0.04290868353076867,0.015712991356849684,0.9215747117996216,0.17847633659839618,0.32932686090469315,0.9604676777054945,0.9603033624294537,0.9604715136239579,11.242298208192182,10.921484186642475,0.0020278168293711898,0.045031287227562014,0.9800366385744652,0.9456815595561037,0.0008095649425611683,0.04757020625664195,0.20671792341061584,0.19882736807216847,20.671792341061586,360.8057999610901,973,0.22677583992481232,0.09717561784495563,-0.13058593368377175,1130.77734375,0.09504508972167969,43221.59105777528,583638,2.2333602905273438,1000
BiLSTM_Large_Raw,0.8512240018852752,0.2386062741279602,0.48847341189460886,0.2840261459350586,0.0022480215087549243,0.04741330518699286,0.02694261564989364,0.011151582002639798,0.4030861854553222,0.10587413702160126,0.18544985763728622,0.9257693536823142,0.9257254424502381,0.9257713608155854,37.56259661140296,20.779030411314597,0.001581354429637699,0.03976624736680215,0.9621704873429285,0.9480798839915339,0.00024654529282730736,0.09679093440262845,0.1625979536037488,0.2724530167160676,16.259795360374877,8362.420706504852,91.44627223952244,45.96355325167814,6.976322174072266,359.3945428133011,245.56305313110352,338.70147666931155,0.20753706373298564,0.2070682812875636,0.2075384635012718,227.37189796482596,31.892997107297095,0.8427612764330541,0.9180203028435995,0.6052833484047366,0.6087946046619237,-0.12153590566055253,0.25413036573018255,0.48868937477583974,0.8902038734284491,48.86893747758397,0.6688953996982532,31.422432737355013,55.92510457163693,6.87921142578125,179.99342346191406,144.49586486816406,0.007003917938638187,0.0836894135398151,0.044848580304224915,0.01911793276667595,0.9562426805496216,0.17455115914344782,0.3252508264780042,0.9590072522752586,0.9588368667712682,0.9590090396165537,12.753090745307377,12.573639220562175,0.002117752548911813,0.04601904550196378,0.9793138238464151,0.9325954709632449,-0.0005526125636005892,0.04844092032698868,0.21050164054514792,0.20246665830388305,21.05016405451479,195.0609269142151,499,0.2353353500366211,0.10752818572238777,-0.12823615840570524,1744.01220703125,0.09233412742614747,44490.59209755075,2209750,8.436460494995117,500
BiLSTM_XL_Raw,0.8257783153894059,0.28118523955345154,0.5302690256402419,0.3361107409000397,0.0026277796116732782,0.051261872884954936,0.03136287176399119,0.015911646187305437,0.3918557167053222,0.11260546930134298,0.19556816071271896,0.913229576231688,0.9131782470785089,0.9132344135484154,41.80590815770316,23.11807156519111,0.0018265740973244567,0.04273843817132836,0.9556366332104773,0.9379571826673511,0.00038274618641419875,0.1046475152110829,0.1757961314048145,0.29456819884079816,17.579613140481452,10212.284355596881,101.05584770609211,55.22360376476784,12.914043426513672,359.35137939453125,265.7534408569336,344.523992395401,0.03223514691926088,0.03166266440473742,0.032431617865008366,279.3298588422256,37.91585800125187,1.0327277745409378,1.0162321459887687,0.5225307656787058,0.5257870402180479,-1.4398779948658489,0.28083549944448705,0.5400429981834602,0.9837504018198615,54.00429981834603,0.6116477729067037,37.046088801622794,60.567144301714166,12.340848922729506,179.98944091796875,148.42845726013184,0.008122975586918046,0.09012755176369791,0.05119216029406203,0.025042910128831843,0.9645434617996216,0.18527469784021358,0.3444433617591847,0.9524575970298265,0.952259988019926,0.9524576236466842,16.411962419880332,16.08901647184435,0.002547923043256211,0.05047695556643854,0.9759622679721931,0.8903155088304785,-6.743655889178909e-05,0.052167429183558406,0.22669530950351627,0.2180422045618086,22.669530950351625,126.36409831047058,300,0.2960658669471741,0.15489605984752672,-0.14116980709964735,2319.71484375,0.09218940734863282,44560.43398201672,3786710,14.454231262207031,300
BiLSTM_XXL_Raw,0.8512509199394677,0.24121136963367462,0.4911327413578478,0.2832445204257965,0.002253788821665445,0.04747408579072845,0.026685438136817462,0.010147459805011791,0.3947854042053222,0.10444120853208008,0.19063629657030132,0.9255789145058219,0.9255348906192118,0.9255832605692849,38.302967294119924,20.979074979971564,0.0015908094180547563,0.03988495227594934,0.9620733120555011,0.9487164658640591,0.00036279111472295184,0.09691501373871188,0.16280639302275215,0.2728022827876961,16.280639302275215,8681.823271999006,93.17630209446502,46.49288851352032,6.1709890365600595,359.38697427511215,251.13594961166382,341.7983041286469,0.17726895073242532,0.17678226314673562,0.1772972395497976,256.0831675604749,31.992882591597205,0.8914110557216414,0.9441456750531887,0.5937621646930897,0.5963912917846168,-0.5463663233970822,0.25893814092969114,0.4979346637028828,0.9070452300010041,49.79346637028828,0.6697414204734299,31.042339982297534,55.85361045410406,6.0561981201171875,179.87030792236328,143.13788986206055,0.007102131510912174,0.08427414497289293,0.0459223975778395,0.020385310053825295,0.9323168992996216,0.17199689745903013,0.3151340836286537,0.9584324248391514,0.9582596500768691,0.958432476075812,13.401680327098479,13.311507791765342,0.0022062336573956862,0.04697056160400561,0.9790049735088002,0.9225940421635768,-9.356370647348964e-05,0.04877937327538858,0.21197239916006688,0.20388127712187948,21.197239916006687,177.51099586486816,299,0.2352985441684723,0.10793580926562252,-0.12598945991439658,4690.46533203125,0.19689366817474366,20864.053364855485,14907350,56.87613868713379,300
ResNet_Small_Raw,0.7783176357971385,0.36526545882225037,0.6043719540334829,0.43104225397109985,0.003669159394361112,0.060573586606384074,0.042092521590076926,0.027882128953933716,0.4046972692012787,0.1294409297406674,0.2051710218191147,0.8788427636366861,0.8787710929213205,0.8788453534048869,51.83473903839678,28.496929561766333,0.0024837299691678146,0.04983703411287448,0.9374839113374203,0.9067375905066649,0.0002800522441176125,0.1236567251455584,0.20772947985367327,0.3480764806236037,20.77294798536733,12826.348515454938,113.25347021374196,69.8191295159046,28.65312194824216,358.5709533691406,287.9991653561592,341.30510370731355,-0.21548606113956015,-0.21620508344589218,-0.21546549162098216,305.50207407091153,46.82878159893599,1.2769933686503208,1.1300413128068907,0.40145109618271135,0.4040936851900252,-0.46589558013949334,0.3147328491449602,0.6052271590140084,1.1024908440162031,60.52271590140084,0.5207526111588638,46.765315760660016,67.28280288132241,26.87366008758545,179.92807006835938,154.54565811157227,0.01104464965583144,0.10509352813485442,0.06742049271681554,0.04317021742463115,0.8732339143753052,0.22293639481067642,0.3674717408418652,0.9353575325958658,0.935088847523526,0.9355792201929569,24.715042415045353,25.184166906390665,0.0038564087637325776,0.06209999004615522,0.9673657525806386,0.8466834916683726,-0.006154428174521496,0.06083000236153732,0.26433881117520125,0.2542488297006186,26.433881117520126,412.6449918746948,1000,0.4436616003513336,0.2978645129291809,-0.1457970874221527,38.86083984375,0.18601408004760742,22084.3497381952,57430,0.2237682342529297,1000
ResNet_Medium_Raw,0.8381869652738839,0.2573418617248535,0.5072887360516233,0.317327082157135,0.002557090793321827,0.05056768526758791,0.031742592489494285,0.017717979848384857,0.3935323357582092,0.10975832818076016,0.1909671794623137,0.9155637517069787,0.9155138033382341,0.9155643673848612,41.7536292473897,23.76951298174648,0.0017802395382549622,0.04219288492453393,0.9568518916865318,0.9359026102582252,0.00013654801347082987,0.1032303799181373,0.17341550247469079,0.29057916011479784,17.34155024746908,9746.300390764342,98.72335281362936,51.900458722392045,11.178611755371094,359.35137939453125,268.8719120025635,345.9557280302048,0.07639401359016318,0.07584765330869037,0.07641176015351403,271.23377248756447,35.68611689241537,1.0003837926679573,1.0001918779254095,0.5422955069179595,0.54603760695884,-0.432746594231525,0.2743534661634283,0.5275781328286446,0.961044216677795,52.75781328286446,0.6523666609946214,33.94892416534266,57.303995935942915,10.756233215332031,179.94064331054688,145.91473388671875,0.009118581636973735,0.09549126471554209,0.057071545059741005,0.032107293605804416,0.9542895555496216,0.19407845735549917,0.34632348120212547,0.9466304831200517,0.9464086538322867,0.9467456993997087,19.798513108393927,19.922427706297015,0.003009960447624198,0.05486310643432614,0.9730805376472417,0.8686683323043274,-0.004436841694331595,0.0552720415923132,0.24018650663371607,0.2310184340695527,24.018650663371606,439.5665466785431,1000,0.26585134863853455,0.13624448489540952,-0.12960686374312502,66.0625,0.18735928535461427,21925.788157361952,240598,0.9241428375244141,1000
ResNet_Large_Raw,0.8493470213560744,0.24276912212371826,0.4927160664355469,0.29169076681137085,0.0022877123137744525,0.047830035686527064,0.02791487725495894,0.012820810079574588,0.4007577300071716,0.10632315604016188,0.18698382973670957,0.9244587460666867,0.9244140595430292,0.9244601828457947,38.903283691992414,21.702271476926978,0.0016123300970586466,0.04015383041577287,0.9614886167205856,0.9452927152712634,0.00020859486460098127,0.09764166046538468,0.16402707832224908,0.2748476922466576,16.402707832224905,8868.03259179773,94.1702319833488,47.90047742154396,7.8387651443481445,359.0451248884201,253.30394458770752,342.90035705566413,0.15962286600325182,0.15912573985397405,0.15962519543959364,257.1967819945031,32.88020788440931,0.8952093072835724,0.9461550122911004,0.5831639485418038,0.5860234660551356,0.1567840757264839,0.2617002848638977,0.5032462304193193,0.9167208593660058,50.32462304193193,0.6645833341816783,32.06802337422748,56.28809052334071,7.655296325683594,179.980712890625,144.41347885131836,0.0070053306661648435,0.08369785341431908,0.0468788963480478,0.021822020411491394,0.9459887742996216,0.1725261211395261,0.3167187762260429,0.9589989838198583,0.9588285639482048,0.9589991533742969,14.302503120980226,14.149626604676266,0.002203424602547282,0.046940649788294174,0.9792853638207452,0.9140873128692009,-0.00017020471680620077,0.048445805476389596,0.21052286912537016,0.20248707657562195,21.052286912537017,229.22269010543823,500,0.24079373478889465,0.11471720981829724,-0.1260765249705974,122.595703125,0.18418853282928466,22303.23428336065,948118,3.6231555938720703,500
ResNet_XL_Raw,0.8435447002588446,0.25091272592544556,0.500911894374096,0.29915809631347656,0.0023165480921241745,0.04813053180803402,0.02799989023236932,0.012284547090530396,0.3898702263832092,0.10718291252851489,0.18788302689790734,0.9235065761449855,0.9234613263640149,0.9235085438746338,39.70546443745612,21.838117059943322,0.0016352623515782103,0.04043837721247244,0.9609940193237627,0.9460004853475465,0.0002441132342836233,0.09825510220437154,0.16505759189286381,0.27657444541210674,16.50575918928638,9211.004008980513,95.97397568601872,49.531327172877006,8.357040405273466,359.10137939453125,256.1264343261719,344.4733413696289,0.12712125602028235,0.1266049035027913,0.12715119819063836,236.17448620257954,33.94629105538506,0.932968768939365,0.9659030846515425,0.566730667434095,0.5703179929135879,-0.5621059277490137,0.2667129117935377,0.5128854465483793,0.9342797996209259,51.28854465483793,0.6483016768058345,33.17338778954691,57.638058875899695,8.149856567382812,179.98391723632812,146.73047637939453,0.007034912247359518,0.08387438373758413,0.04710138777312628,0.022944204509258298,0.9157153367996216,0.17213614434003816,0.3099682664871215,0.9588258478257138,0.9586547083178989,0.9588310802595367,14.569273634051076,14.50071153411093,0.0022319723533361763,0.04724375464901341,0.9791997646883572,0.9208546824910708,0.0009455159986654921,0.048547984365724405,0.2109668909087894,0.20291414976360378,21.09668909087894,136.34989953041077,299,0.25075823068618774,0.12335189882650113,-0.12737522554035155,162.09521484375,0.19434547424316406,21137.6159696937,1393942,5.323215484619141,300
ResNet_XXL_Raw,0.847596499732365,0.24362565577030182,0.4935844970927489,0.27895259857177734,0.0022116631009232585,0.04702832232733014,0.02567776181150965,0.008902460336685208,0.3975606560707092,0.10503244400024411,0.18934868834912782,0.9269699240958603,0.9269267230627206,0.9269723785362426,37.79388656606208,20.57480362684004,0.001568385803508234,0.039602850951771566,0.962795481762143,0.9505888145194208,0.000272637037455441,0.09600501891817129,0.16127770341433886,0.2702407739482324,16.127770341433887,8887.745256750828,94.27483893781431,47.27615313389838,5.5673904418945455,359.35137939453125,250.74904441833496,340.71227650642396,0.15775479969821293,0.1572565684919658,0.15807444019235528,247.19939611959495,32.77587736783665,0.9292007619354415,0.9639506013979355,0.5858768810828764,0.5884925248466454,-1.8365697357267237,0.2619909889346619,0.5038052505512833,0.9177391787985227,50.38052505512833,0.6562292863973834,31.60814284448175,56.98474842061549,5.4437103271484375,179.91738891601562,145.7877597808838,0.006904301798521958,0.08309212837881791,0.04433492206294586,0.0189362540841103,0.9391528367996216,0.17599650323390947,0.31643939554691297,0.959590288703851,0.9594223265786592,0.959598753088332,12.341445104207203,12.338238653883488,0.0020917293104951956,0.045735427301985446,0.9795962321068228,0.9442702068300283,-0.0012025820044210917,0.04809520105769791,0.20899930588960197,0.2010216687229241,20.899930588960196,137.18820023536682,298,0.2327660769224167,0.10801728132408946,-0.12635553822004336,191.74365234375,0.18276376724243165,22477.102885228003,2190102,8.360902786254883,300
TabNet_Small_Raw,0.6593131624153955,0.5614548325538635,0.7493028977348637,0.5798023343086243,0.005384217626343157,0.07337722825470554,0.052508601552713134,0.03627043217420581,0.3877446949481964,0.15723700821399683,0.23128388375043873,0.8222107961325114,0.8221056247056289,0.8222149896291293,60.09625898149116,32.521070655822484,0.0035717968117803386,0.05976451130713225,0.9067619731347379,0.8798201348444019,0.0003563664072526587,0.14979446082987474,0.2516379549638186,0.42165057081366397,25.16379549638186,17353.29210828871,131.73189480262064,96.74318881894959,65.18171310424805,358.47296142578125,285.4657030105591,331.93506193161016,-0.6444808627406864,-0.6454536574607987,-0.6436838498893152,386.1492830420919,61.51396696727682,1.5088824456420697,1.2283657621580266,0.17766832514981798,0.17959722631544187,2.9000747284431854,0.36608462854379054,0.7039759602284424,1.2823731370941478,70.39759602284425,0.2054447047065283,69.38786951523979,86.63357985765788,57.78804397583008,179.99050903320312,165.15076065063477,0.008494353239717181,0.09216481562785866,0.05061100784710952,0.020759500563144587,0.9288989305496216,0.19691829979419703,0.3484942817687977,0.9502839864071466,0.9500773428298658,0.9502844726748589,13.616315128911745,13.262292751984873,0.0025154784863950477,0.05015454601922988,0.9748271012033866,0.9115200233556817,0.00028824031683088574,0.05334663372514495,0.23181958230565705,0.2229708805939766,23.181958230565705,451.9498677253723,994,0.7976862192153931,0.8348026587289837,0.032705766912567324,41.9931640625,0.1911618232727051,21489.646466384995,18633,0.07625770568847656,1000
TabNet_Medium_Raw,0.6795972458931412,0.5259412527084351,0.7252180725191804,0.5519651770591736,0.0050166811525143296,0.07082853346296483,0.050355703414620284,0.03468939661979678,0.3946309685707092,0.15338163496926424,0.22024295032024394,0.8343470100839283,0.8342490178496541,0.8343511994249448,58.158761356678454,31.721827536211983,0.003340547809281192,0.05779747234335765,0.9134298172676947,0.8872138012844639,0.0003561897904571369,0.1445914793159985,0.2428975274432487,0.4070049015872802,24.28975274432487,16836.502894305617,129.75555053370786,93.23439592714342,58.72457885742186,358.27736234664917,287.3947807252407,333.47596862316135,-0.5955074479463791,-0.5964512723814508,-0.5955035510096784,391.1610930519001,59.678051688728814,1.507474207028406,1.2277924120259116,0.19921276319089212,0.20158430932195512,0.20278610913364184,0.3605923424224708,0.6934143657373399,1.263133978620787,69.341436573734,0.2515294655594984,66.10538803527538,84.0836491431784,52.51919555664064,179.9888153076172,164.73898303508759,0.008044780093214422,0.08969269810421818,0.04957998604282461,0.020538330078125,0.9264575242996216,0.19203521013259878,0.33052688121795654,0.9529152620359969,0.9527195553011831,0.9529190111561855,13.347733694908065,13.052531497913506,0.0024312316747438878,0.04930752148246642,0.9761781938522374,0.9204132143326702,0.0008003532101183736,0.05191572815493624,0.22560153425948262,0.2169901794183394,22.56015342594826,450.08829736709595,991,0.7338594794273376,0.6816777840690679,-0.048790685203739415,60.69091796875,0.18546602725982667,22149.609072312425,34650,0.13843727111816406,1000
TabNet_Large_Raw,0.6696502885184797,0.54848712682724,0.7405991674497345,0.5684945583343506,0.005175609333486967,0.07194170788553025,0.05159248670039468,0.03567617014050485,0.3982427418231964,0.15401496738195414,0.22645336352288734,0.8290991325410543,0.8289980359182273,0.8290996176773412,59.15861963581133,32.288440060902175,0.0034355352635431543,0.05861343927413878,0.9105492933907939,0.8821277069350382,-0.00012121056904138727,0.14686394676133432,0.24671501880773655,0.4134015813454827,24.671501880773654,17480.488205892674,132.21379733557566,95.5246035956377,61.463218688964844,358.22296142578125,289.8739528656006,332.59973644614234,-0.6565345726085163,-0.6575144977158427,-0.6562851150340889,375.7502959689154,61.65564354219518,1.5948780139613243,1.2628847983728857,0.17746547142675412,0.18029330365166008,-1.6224632718846335,0.3674238418758046,0.706551249977989,1.2870643234153125,70.6551249977989,0.22636561597972216,67.26701975884407,85.48542580257157,53.966819763183594,179.9859619140625,164.59298706054688,0.00794724524162638,0.08914732324431497,0.04956240240963287,0.022119164466857896,0.9337817430496216,0.19145511090755396,0.3180574345588684,0.953486117034663,0.9532927830467876,0.9534861538715217,13.712910046747812,13.442536771410243,0.002393929234388108,0.048927796132547274,0.9764684834932708,0.9115201951735339,-7.93338084943179e-05,0.05160005549074264,0.22422976813201312,0.21567077448123803,22.422976813201313,158.34820175170898,496,0.7780313491821289,0.7900262569212254,0.012535016946448096,81.6875,0.09232416152954101,44495.39461764363,55147,0.21772193908691406,500
TabNet_XL_Raw,0.6643566310283214,0.5616610646247864,0.7494405010571462,0.5799172520637512,0.005295431017032708,0.07276971222309944,0.05243145127371752,0.0367395281791687,0.3797383904457092,0.1561402045190334,0.2258962243795396,0.8251425685233906,0.8250391313901488,0.8251469465304913,60.44457402371245,32.740013897153126,0.0035220093984974724,0.05934651968310756,0.9083938938525318,0.880247059980132,0.00036412193413346597,0.14855425949542184,0.24955455531194784,0.41815957656929176,24.955455531194787,17674.22216694039,132.9444326286001,97.1585769134977,64.55942153930665,357.72637939453125,287.09360122680664,332.08590087890644,-0.6748937282902066,-0.6758845137791387,-0.6748537495208742,381.8238926662709,61.81835190636627,1.5383454701830155,1.240300556390674,0.16264588151579215,0.1644167495091622,-0.6495180690466995,0.36945428674451775,0.7104557689462643,1.2941768535599014,71.04557689462642,0.21226400934376888,68.73285406106886,86.26101054396484,57.300437927246094,179.99945068359375,164.85340881347656,0.007575254627255469,0.08703593871071576,0.04756971809490717,0.02006940171122555,0.9015551805496216,0.18353395313024512,0.33584669589996213,0.9556633152178049,0.9554790307089303,0.9556648456266109,12.62701958695411,12.370008613983748,0.0022760108547401426,0.04770755553096535,0.9775830195931843,0.9254464854752394,-0.0005113529168366532,0.050377948588021214,0.21891906168366598,0.21056278109436885,21.8919061683666,66.78545236587524,300,0.8057201504707336,0.8601335768262991,0.05441342635556545,124.9306640625,0.08222968578338623,49957.62735639669,96124,0.3750019073486328,300
TabNet_XXL_Raw,0.6145345283555831,0.6274204850196838,0.7920987848871401,0.6313531994819641,0.005885583317823261,0.07671755547345901,0.055805948831668,0.03981072455644606,0.3717787265777588,0.1647051135078073,0.23670123815536506,0.8056554833051468,0.8055405185621649,0.8056566445542673,63.21754711874238,33.69574916120063,0.0038902628689493875,0.06237197182187996,0.8975905562399821,0.8701661823037252,0.00018753023988623904,0.15661350437553284,0.26309318610609334,0.4408452298651457,26.30931861060933,18786.817168156464,137.06501073635263,104.94802692388845,79.4734115600586,358.85137939453125,286.9220128059387,333.3524078369141,-0.7803285458489371,-0.7813817014366409,-0.7803259519078374,344.59274624054774,66.49958844104528,1.6254029393552576,1.274912914420141,0.10838981447763049,0.11064603071713168,0.16544611819968422,0.38090542625953405,0.7324761607006511,1.3342895284940735,73.2476160700651,0.08336060243687615,76.81404810555182,93.05151687938933,69.68385696411133,179.94302368164062,167.58142852783203,0.00775906582924668,0.08808555970899362,0.04833916531823133,0.020256265997886706,0.8869057893753052,0.1881068050861358,0.3291479754447934,0.9545874993247261,0.9543987432094498,0.954587524930987,13.634295453490969,13.292305659544127,0.002332239645346866,0.048293267080897165,0.9770299558072207,0.9053675791774779,-6.614394482320361e-05,0.0509854878812309,0.2215591440159793,0.21310208979565162,22.15591440159793,66.47266936302185,300,0.9402178072650802,0.9393961784404935,-0.0008216288245866954,28.98046875,0.07358367443084717,55827.60077930923,74313,0.2886219024658203,300
CNN_RNN_Small_Raw,0.6720618946939375,0.5333007574081421,0.7302744397883183,0.5503709316253662,0.005380961452655781,0.07335503699580405,0.05208176671062118,0.03530871868133545,0.4875396788120269,0.15850751101970673,0.23148501366376875,0.8223183164015102,0.822213208578378,0.8223185384196892,61.884521842632225,32.628266544001626,0.003590353890818829,0.05991956183767392,0.9068202038752922,0.8808948333606096,8.199792797061748e-05,0.14974915893252388,0.2515618528386653,0.4215230522741192,25.156185283866527,15970.121158546895,126.37294472531252,88.93930159012909,54.25196075439453,359.33873200416565,284.28449308872223,334.2357275724412,-0.5134049756666237,-0.514300232281083,-0.513404679188046,332.6816808520754,57.69147851070836,1.454537830739274,1.206042217643841,0.24219932701140348,0.24467155607466873,0.055933653256906336,0.3511920374110542,0.6753377019528602,1.2302052575349463,67.53377019528602,0.2847859695267331,63.34429500702059,82.1943963334961,48.490333557128906,179.955078125,163.45233964920044,0.01553412400417804,0.12463596593350589,0.07492792359603154,0.04231702536344535,1.1927530765533447,0.2647883176803586,0.4899411594867689,0.9090813981535693,0.9087034968745009,0.9093052507636302,25.216174955217973,24.513284750451607,0.005006315016080423,0.07075531793498227,0.9538126023355984,0.8414330533756816,-0.006184407395601768,0.07214151277078686,0.31349335824238256,0.3015271162705449,31.349335824238256,203.35910511016846,996,0.7271422147750854,0.6046839566423633,-0.12865649325300754,216.658203125,0.08212721347808838,50019.96081476718,13494,0.05562019348144531,1000
CNN_RNN_Medium_Raw,0.7329040417037632,0.4419659376144409,0.6648051877162519,0.48161348700523376,0.004323334979264001,0.06575207205300834,0.04555383947238612,0.02974751591682437,0.3888167440891266,0.1440445184707641,0.21618063133209964,0.857241601777925,0.857157152868127,0.8572421240543973,54.065296008527895,29.98448760762433,0.002901208664805691,0.0538628690732836,0.9258749566727105,0.8991788005914438,-0.0001257647237355258,0.13422823968546185,0.22548844293517756,0.3778338235548468,22.548844293517753,14331.434035402484,119.71396758692147,79.2723987446024,40.21818542480469,358.8945428133011,284.75897216796875,339.5404609441758,-0.3581151553135493,-0.3589185500397072,-0.3580391449932583,332.67114179813547,52.2486951384272,1.3337514912001056,1.1548815918526478,0.3164688626219802,0.3205291718578481,-0.8955973668148558,0.3326866543689135,0.6397520920125952,1.1653819782858963,63.975209201259524,0.40337270287968285,55.11771346659628,75.07161471102299,36.594566345214844,179.9763946533203,160.06924057006836,0.010576450953630146,0.10284187354200694,0.05813304978099079,0.02676123008131985,0.9635668992996216,0.2139455378055571,0.39731677532195986,0.9380978204536817,0.937840525330873,0.938120769771478,17.263740195749673,16.64765796370592,0.003329353289620736,0.05770054843431504,0.9685664594280664,0.8735192394874549,-0.001980167369248487,0.059526704654902875,0.2586752873710833,0.24880148622208487,25.867528737108334,204.64417719841003,992,0.5716543793678284,0.3943628661483939,-0.17897347980790107,409.66748046875,0.08315534591674804,49401.514174600066,40854,0.1600055694580078,1000
CNN_RNN_Large_Raw,0.7470689909925589,0.4193187654018402,0.6475482726421562,0.46743902564048767,0.004095945958100008,0.0639995777962637,0.044114056645855895,0.028689790517091713,0.393811970949173,0.13865727093070748,0.2144214361906052,0.8647500859898476,0.8646700787333171,0.8647508586926972,52.30110432344212,29.21374270413928,0.0027671648521511738,0.052603848263707606,0.9299199002104359,0.9038418033789559,0.00015297302930134587,0.13065064567516096,0.21947848478682272,0.36776339405948544,21.94784847868227,14147.99333599272,118.9453375966991,77.47401280548553,36.73219299316406,359.38697427511215,285.55872493982315,338.4742036819458,-0.3407314382790718,-0.3415245496455812,-0.340688249318865,323.56741018092856,51.23963614561152,1.328063396664771,1.1524163295722476,0.33673800384317154,0.3384010725305287,0.6750919057771685,0.33055062174841726,0.635644529176443,1.157899580395067,63.564452917644296,0.4337157130282171,53.03271732237493,73.13772598374186,34.001258850097656,179.99081420898438,158.18542861938477,0.009783099233613748,0.0989095507704577,0.06198118245020552,0.03649729490280151,0.8688403367996216,0.2138173639774319,0.3402406156063076,0.9427411739596118,0.9425031788391505,0.9428183226572696,21.873879944356318,21.914814187490673,0.0032530494085753546,0.05703551006675889,0.9711150918289497,0.863657866839799,-0.003630624292372991,0.05725060632872692,0.24878442591618313,0.23928816527439936,24.878442591618313,105.19652199745178,496,0.5355411171913147,0.3701829378726932,-0.168475816523863,792.552734375,0.08315083980560303,49404.19134195187,141654,0.5445117950439453,500
CNN_RNN_XL_Raw,0.7404527597341953,0.4313519299030304,0.656773880344697,0.47892048954963684,0.004181640235603409,0.06466560318750153,0.04484111888471217,0.028974574059248012,0.3839675784111023,0.13906280556693676,0.2118474647402765,0.8619204237379381,0.861838742591148,0.8619230784616716,53.689088686729924,29.43502087007094,0.0028183025866308064,0.053087687712225766,0.9284173861121974,0.9020936144501257,0.0002835425732214311,0.13201028976028734,0.22176253491233722,0.3715906030325066,22.17625349123372,14248.081838897862,119.36532930000178,78.26568958838726,38.00651168823242,358.72637939453125,287.13557827472687,337.2680344581604,-0.35021630297107187,-0.3510150251212045,-0.35006242733504234,333.1110074433796,51.553145060341535,1.3445243701285767,1.1595362737441968,0.3289379876228626,0.3318733698310203,1.2742699958614128,0.3317177840892111,0.637888967116575,1.1619880821123216,63.78889671165749,0.4220221909347672,53.8531958335146,73.88899841751613,35.00550842285156,179.99697494506836,158.61563873291016,0.010693002401797031,0.1034069746283926,0.062334754944986644,0.03552063181996341,1.1585733890533447,0.21808011233806596,0.3792410260438917,0.9374156645298807,0.9371555340401516,0.93751256454587,21.751289628803725,21.891705477015147,0.0035233520475427206,0.05935783054949634,0.9683198300536231,0.8672003696470011,-0.004068917964839919,0.05985379520966318,0.2600966703241546,0.25016861407882346,26.009667032415464,64.67829275131226,300,0.5539288520812988,0.3980959559519803,-0.15583289612931855,919.0615234375,0.08361046314239502,49132.60668110116,273238,1.0474720001220703,300
CNN_RNN_XXL_Raw,0.8114716306076524,0.31618958711624146,0.562307377789267,0.3793460428714752,0.0030700568447325784,0.05540809367531587,0.03624875821851506,0.021317124366760254,0.3869405388832092,0.11847340315580362,0.2006250329315666,0.8986253899577885,0.8985654216798736,0.898629793872841,45.59959797648779,25.451417680899514,0.0021054276589795346,0.045884939348107834,0.9479742983427442,0.9250670805530168,0.00036519773620304264,0.11311173391416406,0.19001507296653786,0.31839379711641924,19.001507296653784,11185.703586007368,105.76248666709462,61.010772402935785,20.117454528808594,358.7860717773437,279.1369400024414,343.47755968570715,-0.06001070970809419,-0.060637760374982586,-0.05989280156469401,303.5200658871165,41.38095280431093,1.11592153744681,1.0563718746004223,0.47094555495408463,0.4752318867749738,1.1154456835077946,0.2939153096021563,0.5651953023159172,1.0295682151795935,56.51953023159172,0.5866153669755056,40.78613833701846,62.48868155335917,19.026123046875,179.96856498718262,149.85730171203613,0.008683979683026739,0.09318787304701583,0.05572670705511281,0.0310116708278656,0.9464770555496216,0.19561629593372318,0.34174225211143483,0.949174134889663,0.948962878237615,0.9491741933145754,18.473663637840012,18.223939812645597,0.0028024283430230167,0.052937966933223043,0.9742824946546133,0.8671056924138348,-9.991163016088308e-05,0.053938797546531386,0.23439285001056231,0.22544592502490932,23.439285001056234,71.26972270011902,298,0.36147040128707886,0.2015319386396069,-0.15781960573501227,1170.1884765625,0.08263573646545411,49712.14846880866,1052886,4.021673202514648,300
CNN_LSTM_Small_Raw,0.6885897276574365,0.5047444105148315,0.7104536652835507,0.5324015617370605,0.005071680533157782,0.07121573234305592,0.050663366463356105,0.03471744293347005,0.3859136402606964,0.15385914593935016,0.22775869071483626,0.8325309066541631,0.8324318401016236,0.8325309214462002,59.19279073988195,32.16326932508322,0.003390654105299472,0.05822932341440584,0.9124402154437496,0.8850718734345885,2.1165211115409264e-05,0.1453819186506085,0.2442253771953842,0.4092298783640277,24.422537719538422,15492.371277364584,124.46835452180038,86.394158051375,50.46643829345703,358.2656555175781,283.2908320426941,335.53447597026826,-0.4681311145526459,-0.46899958935769126,-0.4680933945784669,317.917766658076,55.96864726505035,1.41328007534198,1.1888145672652148,0.2606402339421544,0.2637416924401002,0.6309024590197254,0.3458991567595947,0.6651595615763927,1.2116646048113504,66.51595615763927,0.31119970402074537,61.43316670308984,80.66234804406528,45.42512512207031,179.9496612548828,163.46548461914062,0.013320293766951236,0.11541357704772535,0.06491364298085478,0.031777977943420396,1.4998819828033447,0.23101121336221653,0.45555276632308844,0.9220385722974012,0.9217145272433805,0.9221734131403015,21.16730474037773,20.37154050566822,0.004332182134034169,0.06581931429325413,0.9603089008469414,0.8505868646033048,-0.004799850811926075,0.06680343013470691,0.29029654148755424,0.27921573684625817,29.029654148755423,204.3171558380127,981,0.6841797828674316,0.5750584209145608,-0.11504274649876767,314.0146484375,0.08337209224700928,49273.082746071566,32310,0.1274127960205078,1000
CNN_LSTM_Medium_Raw,0.7580677936065022,0.3984936475753784,0.6312635325879188,0.45092862844467163,0.0038590429135504744,0.06212119536479055,0.04251932873196163,0.026853516697883606,0.3968847692012787,0.13530875556170946,0.2088311403989792,0.8725727273849824,0.8724973476217959,0.8725729398052504,51.089638332198994,28.733554079161365,0.0026095074985889224,0.05108333875725942,0.9341178264536689,0.9096360969664331,8.02059498527653e-05,0.12681605979276514,0.21303680901167438,0.3569695681917685,21.303680901167436,13500.757452942888,116.19275989898375,74.21585116814057,33.2083854675293,358.53546142578125,283.7740569114685,341.173449677229,-0.2793962739360405,-0.2801531024090349,-0.2793360492255934,335.571069740525,49.333103658422786,1.3022927244707236,1.1411804083801664,0.36261810655083215,0.3659820231550526,-0.7971937534673831,0.32290117295307513,0.6209347390321809,1.1311040066837532,62.09347390321808,0.45597894849514187,50.9882699660449,71.68562073518264,30.58222198486328,179.99050903320312,157.4533176422119,0.009285813219095765,0.09636292450468574,0.058192581187719666,0.03190276026725769,0.9788306951522827,0.20454789400100673,0.32914685726165765,0.9456517049393823,0.9454258073804507,0.9456708880393603,19.923648323699037,19.643998439206527,0.0030846669157969637,0.0555397777795065,0.9724908163278277,0.8732770510591298,-0.0018104077693158098,0.05577657377400974,0.2423789681154145,0.23312720789435457,24.23789681154145,207.72329378128052,992,0.5040571689605713,0.33409030802382184,-0.16751345552204988,605.0869140625,0.08361480236053467,49130.05692804141,115350,0.4442005157470703,1000
CNN_LSTM_Large_Raw,0.7713033267179017,0.37897977232933044,0.6156133302076315,0.43376412987709045,0.003628390113755159,0.06023611967711034,0.0405865051510404,0.024891406297683688,0.4039969146251678,0.1314806248992682,0.2065530598163605,0.8801889829844551,0.8801181086268358,0.8801894511812319,49.378276103905264,27.61942690309912,0.002461205523370637,0.049610538430565704,0.9381851977535144,0.9155763639919902,-0.00011907561133783675,0.12296781009765004,0.20657217955806123,0.3461372805918843,20.657217955806125,12737.373363413975,112.8599723702517,70.69779232039629,29.9774169921875,359.22637939453125,280.9427514076233,339.3547899723053,-0.20705435066769406,-0.20776838518510488,-0.20696014589711798,323.1978714155528,47.05299762077714,1.2281826726835257,1.1082340333537521,0.3973658634815621,0.40052487589411406,0.9970409018834162,0.3136393135810578,0.6031243044043944,1.0986602526111946,60.31243044043943,0.4879699608865804,48.75131298173056,69.54596179142474,28.19842529296875,179.9939422607422,155.76786041259766,0.009268841715214419,0.09627482389085124,0.05622119543314009,0.027964513748884208,0.9728442430496216,0.19573550224304204,0.38049804389476766,0.9457510362826694,0.9455255515924018,0.9458741259129237,17.851199159653728,17.830142828406533,0.0029240908314415396,0.054074863212416356,0.9726349160555912,0.8786974695048212,-0.004585933398197812,0.055725579572533046,0.2421573711061778,0.23291406938467787,24.21573711061778,108.51232671737671,484,0.47191929817199707,0.30505916429359037,-0.16545609516400045,682.6962890625,0.08211336135864258,50028.39893568217,438102,1.6753864288330078,500
CNN_LSTM_XL_Raw,0.735418697069775,0.42932310700416565,0.6552275230819945,0.4788029193878174,0.004085362279438431,0.06391683877851306,0.04411344815130838,0.028768315911293058,0.4005434513092041,0.13934521190822127,0.21463674171827754,0.8650995636547223,0.8650197631321435,0.8650997492310076,52.236458138931006,29.03490821036015,0.002745629537551182,0.052398755114517574,0.9301120611556687,0.9035720197214281,7.496695113881232e-05,0.130481739778218,0.21919474175485354,0.36728794745441584,21.919474175485355,14162.16007863141,119.00487418014193,78.31809201785751,39.340965270996094,359.2067563533783,285.59295415878296,338.8736955881119,-0.3420739464908462,-0.34286785201977454,-0.3416451700893932,313.994348312598,51.286581357407876,1.339072314843832,1.1571829219461511,0.3319610102558155,0.3341691494290396,2.1271198690989532,0.33071607467890984,0.6359626930012379,1.1584791523764448,63.59626930012379,0.4134633058757071,54.36884568793481,74.43407418554514,35.894020080566406,179.97647094726562,159.59653091430664,0.01235415457311872,0.11114924459085955,0.06220190806773209,0.03364855051040655,1.3509562015533447,0.22063083797693242,0.4176675081253052,0.927693221678896,0.9273926800575124,0.927782974815518,21.190991881533797,21.150606990442427,0.004126085370413054,0.06423461193478991,0.9632262703528056,0.8490149386773622,-0.003915992280705909,0.06433515870044057,0.27957058535962515,0.26889919732327955,27.957058535962513,68.32574915885925,300,0.5664122700691223,0.41621699400289,-0.15019527606623234,940.63720703125,0.08366611003875732,49099.928251678226,964438,3.6842098236083984,300
CNN_LSTM_XXL_Raw,0.8223428132024265,0.29367300868034363,0.5419160531672259,0.35535871982574463,0.0027515739007417266,0.05245544681671987,0.03336035108859892,0.018704131245613098,0.4105324745178222,0.11382699757814402,0.19193232292309412,0.9091418350547458,0.9090880877931385,0.9091447696524111,42.912560792607295,24.18627262722137,0.0018996448320766856,0.043584915189508924,0.9534931945067822,0.9336971727560138,0.00029811435843521644,0.10708411261087439,0.17988934275159485,0.3014268815903025,17.988934275159487,10553.20862325446,102.7288110670734,57.52341011987961,16.351728439331055,359.3945428133011,272.73862314224243,342.45707092285164,-7.246539477279157e-05,-0.0006640595179445707,-5.238479826985554e-05,269.81595690399087,39.11564745717867,1.0314405327211638,1.015598608073664,0.5029935284117225,0.5055274686361152,-0.4603252858591962,0.2854846861239154,0.5489833234572934,1.000036232041006,54.89833234572935,0.6076675042174416,38.50332123910448,60.876733044533644,15.677642822265625,179.9830017089844,148.13587391376495,0.008505439511051876,0.09222493974544996,0.05095687124174462,0.026213090866804144,0.9585577249526978,0.17805373370647404,0.34237616598605974,0.950219100335092,0.9500121870602012,0.9503143891505962,16.591316884318154,16.737328417300972,0.0027741787918885356,0.052670473625063746,0.9748664706523723,0.8933180452300532,-0.004034948294044616,0.05338143463325007,0.2319708108165759,0.22311633661591881,23.19708108165759,83.3309383392334,298,0.33093586564064026,0.17380634929812822,-0.15826263921383238,1896.2822265625,0.08313951492309571,49410.920953771645,3811542,14.545129776000977,300
CNN_GRU_Small_Raw,0.6665215199486269,0.521457850933075,0.7221203853465674,0.5452716946601868,0.00531013742987062,0.07287068978588455,0.052032225688919166,0.03553009778261189,0.41328134201467037,0.1556189209222793,0.2280647285282613,0.8246569563859082,0.8245532319881965,0.8246569599578,60.79185881027672,32.66542565668129,0.003544290305913382,0.0595339424690939,0.9081064189950625,0.8800698736988495,-1.0400584623308743e-05,0.14876039810181355,0.24990084513511035,0.41873982807238647,24.990084513511036,16128.324236968057,126.99733948775486,89.13572068736248,54.244873046875,358.22637939453125,286.7579355239868,336.63309478759766,-0.5283970551675501,-0.5293011803654708,-0.5280976933050479,328.4161773230621,57.40395031949412,1.4527734283342382,1.2053105111689013,0.22400529760657245,0.22887516594978,1.7773573840686554,0.352927238479982,0.6786744709495452,1.2362835658406004,67.86744709495453,0.2868243476049358,63.04777627686547,82.07718470555103,48.53836059570311,179.9919891357422,163.19061517715454,0.019121813868500193,0.13828164689683223,0.07696887047212306,0.04019414260983465,1.4158976078033447,0.25283976793289176,0.6493922686576838,0.8880832558550367,0.8876180762338962,0.8884744587556346,25.700785612317233,24.789332777929392,0.006679355793014134,0.0817273258648179,0.9426602781866749,0.8143983818867851,-0.008175570025365363,0.08003987549545243,0.3478159578119127,0.3345396002642486,34.78159578119128,204.5813708305359,992,0.7181780338287354,0.6144075619695162,-0.1112413678446712,296.89697265625,0.08428671360015869,48738.40519500651,26038,0.10347175598144531,1000
CNN_GRU_Medium_Raw,0.7571251859469648,0.3917039930820465,0.6258625992037282,0.44313937425613403,0.003975758594260304,0.06305361682140291,0.04307308554006016,0.027409031987190233,0.3954199254512787,0.13680540025234222,0.21348565667867678,0.8687187249295976,0.8686410653264172,0.8687196428368436,53.07680566836785,29.265883523657806,0.002694690832339595,0.05191041159863399,0.9320514189575013,0.9053696962645842,0.00016672779601404662,0.12871953274590847,0.21623443086367275,0.36232757978161484,21.623443086367274,12859.441403333753,113.39947708580385,70.9179924085103,29.63082885742186,359.10137939453125,282.3299341201782,340.96694774627684,-0.21862210129090065,-0.21934297872572373,-0.2186185289924647,315.3062666442183,47.332113767181724,1.244917315553763,1.115758627819549,0.3900998122624282,0.39374743750657587,0.19415581105454544,0.3151386041187553,0.6060074205301258,1.1039121800627532,60.60074205301258,0.4874323558552788,48.646541354595314,69.58246204270408,27.684215545654297,179.97369384765625,156.52608489990234,0.014484532968899337,0.12035170530116861,0.07014603682946932,0.037564553320407826,1.3761173486709597,0.24303724169731095,0.47519374966621375,0.915224477056018,0.9148721093567398,0.9154307067488077,22.794864391152505,22.7618650255479,0.0047315029291309235,0.0687859210095418,0.9568118351370251,0.857664058120143,-0.005935982432843912,0.06966170655428887,0.3027172773322094,0.29116236526031664,30.271727733220942,207.9930124282837,997,0.4842213988304138,0.3143131941499791,-0.16441581425752716,570.61376953125,0.08358607292175294,49146.94346085148,90518,0.3494586944580078,1000
CNN_GRU_Large_Raw,0.7938327006315905,0.34251880645751953,0.5852510627564204,0.40297120809555054,0.0032984834873303575,0.057432425400033016,0.038495287110857764,0.023747758939862255,0.4034765660762787,0.12343735992908474,0.201708488445729,0.8910826430355834,0.8910182128362516,0.8910836969491231,47.58576399205437,26.73430960449946,0.002256302245131067,0.04750054994556449,0.9439725207762271,0.9188832807777505,0.00017865332445120708,0.11724426503393102,0.19695726344568742,0.3300262973831278,19.69572634456874,11778.464854447999,108.52863610332528,64.82849534950287,23.528461456298825,359.3945428133011,280.70066034793854,341.8692764282227,-0.11618359932705657,-0.11684387913736205,-0.11616777924056709,311.1260827810504,43.914515796984944,1.1709698719692012,1.082113613244562,0.44327732862720054,0.4473633627362362,-0.408583621483718,0.301602474433243,0.5799776199044069,1.056495905967958,57.99776199044069,0.5467543918593814,44.00321099414436,65.43212121365877,22.311355590820312,179.9276733398437,152.8894119262695,0.00962592861872562,0.09811181691685064,0.06034556440845814,0.03491293266415594,0.9562426805496216,0.19840553700923916,0.3749832677841176,0.9436610669998069,0.9434268953956496,0.9437321045502024,21.870284654714105,21.862063337162294,0.0032472451980922997,0.0569846049217883,0.9715903422883913,0.8487787749549646,-0.0034838624365678274,0.056788863792721016,0.24677790827195567,0.23735823769187592,24.67779082719557,108.03506731987,500,0.4073254466056824,0.24173763965659917,-0.1655878069490832,665.189453125,0.08329613208770752,49318.0162996577,339286,1.2984180450439453,500
CNN_GRU_XL_Raw,0.7336733693166337,0.4280555546283722,0.6542595468377761,0.4766622483730316,0.0041522910614962705,0.06443827326594243,0.04462326144074638,0.029236521571874605,0.3952978551387787,0.13922738609835508,0.21650900989770894,0.8628895462104672,0.8628084383492931,0.8628895905791859,53.211312862126434,29.201642049489614,0.0027988805694794507,0.052904447539686594,0.9289237104831466,0.9020023463231688,3.665616727528044e-05,0.13154621168265485,0.22098293560170842,0.3702842877972718,22.09829356017084,14201.584517339692,119.17040117973796,78.4377568237554,38.909881591796875,358.6246643066406,283.67200469970703,339.19004516601575,-0.3458099946467519,-0.34660611023966004,-0.3456339256810592,361.81573746511555,51.70174268193525,1.358136876866708,1.1653912977479743,0.33082801724801414,0.33428507975763,1.363069290014643,0.33117607633797563,0.6368472701847586,1.1600905114027749,63.68472701847586,0.41115026777908814,54.43968977709479,74.58069710415606,35.61029815673829,179.97555541992188,159.30041885375977,0.012475963612864809,0.11169585315876686,0.0651650346530839,0.03641993552446364,1.0318790674209597,0.23295477777719475,0.43643499076366354,0.926980293960346,0.9266767890697166,0.9270098437844263,21.864890861596557,21.536600927047765,0.004106693886412178,0.06408349152794483,0.962845016800441,0.8520071477303273,-0.002246955437757984,0.06465154545675893,0.2809454545983226,0.2702215869238688,28.094545459832258,67.03805541992188,296,0.5550909042358398,0.4160946071802755,-0.13638439154504495,921.12158203125,0.08304040431976319,49469.8940070348,734038,2.8052845001220703,300
CNN_GRU_XXL_Raw,0.8199660049234591,0.2967710494995117,0.5447669680693863,0.359220951795578,0.002831382411168012,0.053210735863808645,0.03408223248056685,0.01923012733459475,0.3882833123207092,0.11498184502124792,0.19658616036176682,0.9065065233873427,0.9064512172038082,0.9065065801492476,43.560095881394474,24.67841073938349,0.001957750641581644,0.04424647603574373,0.9521068937013968,0.9313192098065844,4.146074397381925e-05,0.10862598218363408,0.1824795113330008,0.30576702996343036,18.247951133300077,10755.427341319508,103.70837642794099,58.21683542516991,16.67243242263794,359.35137939453125,274.60079193115234,344.55210255384446,-0.019235677185986066,-0.01983860733116538,-0.019226469056273787,290.26268163592135,39.457377127297285,1.0822878265307843,1.0403306332752027,0.49320987437180913,0.49703567738199433,0.3117182582802333,0.2882069108501663,0.5542181260581103,1.0095720267449895,55.42181260581102,0.609007404265171,38.59987035790521,60.772690553440356,15.905288696289062,179.99181365966797,147.78892505168915,0.009502395216943018,0.09748022987736035,0.057808025839839204,0.031670302152633674,0.9718676805496216,0.19871132373809783,0.3692635571956621,0.9443840871178636,0.9441529207318009,0.9443909453525079,20.469619668392973,20.30937195632702,0.0031375320001808473,0.05601367690288549,0.9718333913929651,0.8603650526964234,-0.0010824882214074318,0.056423289986364346,0.24518929506108036,0.23583026286322206,24.518929506108037,80.96931338310242,300,0.3306092917919159,0.1701021849294636,-0.1605071068624523,1848.6259765625,0.08423011302947998,48771.15620825805,2891990,11.037298202514648,300
CNN_BiLSTM_Small_Raw,0.6834503235029965,0.5141374468803406,0.7170337836394743,0.5424854159355164,0.005066684925121677,0.07118064993466748,0.05078930913629123,0.03522853180766105,0.4068379998207092,0.15552996844053274,0.22143693417310734,0.8326958638006253,0.832596894828693,0.8326959667299682,59.096465207301755,32.20234182496647,0.003382358740524879,0.058158049662319994,0.9125298689788366,0.8859178798904869,5.58313604023286e-05,0.14531030037646334,0.2441050664980187,0.40902828288441706,24.41050664980187,16316.913729737827,127.7376754514416,89.82894394327914,53.568878173828125,359.10137939453125,286.99108123779297,337.4385298728944,-0.5462686964583532,-0.5471833936481294,-0.5462410777981017,357.35088826368604,57.96150369902557,1.48046058587579,1.2167417909629759,0.22628096215858956,0.2299278398952583,0.5398558732596338,0.354984641637129,0.6826308303544482,1.2434905292998226,68.26308303544482,0.2866548241174923,63.22158794324119,82.08693909340367,48.32655334472656,179.99874877929688,163.92229652404785,0.01178911845011748,0.10857770696656602,0.06623742125924774,0.03902672231197361,0.9318286180496216,0.21889642477035492,0.4238296532630921,0.9310002825908716,0.9307134866994401,0.9311960377011955,23.389469009349966,23.276220596053548,0.003805442641406284,0.061688269885013663,0.9653005100010836,0.830974679537199,-0.005783271270295345,0.06284670700855491,0.2731024687156982,0.2626779728281919,27.31024687156982,206.81388020515442,1000,0.7170732021331787,0.6344618054525231,-0.08261139668065565,474.5703125,0.08407039642333984,48863.81145765034,61494,0.23990821838378906,1000
CNN_BiLSTM_Medium_Raw,0.7511105093108986,0.41347381472587585,0.6430192957648129,0.463030070066452,0.0039836249387948915,0.0631159642150454,0.04351371632960683,0.028726398944854736,0.4068379998207092,0.13591896276921034,0.21237024068832402,0.8684589748174719,0.8683811615587864,0.8684593463936494,51.47344823073551,28.94480349593149,0.0026840421795708462,0.05180774246742321,0.9319117103086427,0.9064025492075684,0.00010607976318476308,0.12884681057360733,0.21644824339116506,0.36268584916223034,21.644824339116507,13523.645933303802,116.29121176298663,74.82963921564105,34.82005310058594,358.47296142578125,284.49974060058594,339.7123465538025,-0.2815652956810706,-0.282323407241603,-0.28152284823431484,310.08165064224255,49.652451803539506,1.2729246104825898,1.1282396068577765,0.35895034150443356,0.3623045458654058,-0.6692714711708454,0.3231747719483446,0.6214608663273326,1.1320624080328214,62.14608663273326,0.45198129799821973,51.6433729182023,71.94852372513179,32.231849670410156,179.96755981445312,157.67923831939697,0.011466031632756885,0.10707955749234718,0.063894675553984,0.03622196987271304,1.1150437593460083,0.2153364732861515,0.4114618873596187,0.9328912551170043,0.9326123190135787,0.9330977265706865,22.330518868365605,22.119714334672125,0.0037365662089424664,0.061127458714905415,0.9661514911958898,0.8418782684507435,-0.00593946075852243,0.06197955145985425,0.2693342152560789,0.2590535560130292,26.933421525607894,212.60468554496765,989,0.5274662971496582,0.37129943891387,-0.15796409167079284,918.1357421875,0.082759690284729,49637.691802213245,222870,0.8555278778076172,1000
CNN_BiLSTM_Large_Raw,0.7700199905906563,0.3806641101837158,0.6169798296409015,0.43697506189346313,0.0036151416926530023,0.06012604837051078,0.04085069028371762,0.02581450343132019,0.3863301873207092,0.12933606654405588,0.20532625615596775,0.880626451601758,0.8805558360292488,0.8806264621721192,49.22727982134013,27.93440278145784,0.00244857572228763,0.049483085213915576,0.93842081126602,0.9155907047478512,1.7891778994270493e-05,0.12274310725158877,0.2061947038867704,0.3455047733364071,20.61947038867704,13176.614582465529,114.78943584871183,71.75769610355543,30.415443420410156,358.5451248884201,287.0466117858887,341.1170246124268,-0.24867894698922766,-0.2494176045888803,-0.24866679178432904,315.79252042523234,47.95594203969724,1.2917330439746477,1.1365443431624864,0.38005300926117264,0.383799540267896,-0.35814399091613014,0.31900131738324433,0.6134353676970759,1.1174430397068245,61.34353676970759,0.49442349134602026,48.421768621983446,69.10629992337614,28.092378616333008,179.9813690185547,155.75078058242798,0.01110402327763703,0.10537562942937533,0.05925256001446559,0.03013408184051515,0.9845157861709597,0.20895703136920896,0.41856662750244106,0.9350100288241906,0.9347398993596456,0.9351082870759508,19.02404241799191,18.948150538497547,0.0034899781709934316,0.05907603719777954,0.9670378326354718,0.8624983345138977,-0.004097335494895091,0.060993287605799744,0.2650483726691208,0.2549313067785309,26.504837266912077,114.27289390563965,477,0.4765467941761017,0.31433108252349856,-0.16631403857362353,1322.94970703125,0.08339662551879883,49258.58779590544,849750,3.246866226196289,500
CNN_BiLSTM_XL_Raw,0.7703786458863767,0.3787473738193512,0.6154245476249312,0.43579280376434326,0.0035766107371180355,0.05980477185909194,0.04009832645275319,0.024557940661907203,0.5027794614434243,0.12905127555131912,0.20976706147193916,0.8818987604837948,0.881828897547203,0.8818988586143874,48.39851242350717,27.334289839797442,0.002425267413569709,0.049247004107556724,0.939094932128911,0.9171723537316168,-5.4514347858636624e-05,0.12208724380525857,0.20509292658835954,0.3436586089656496,20.509292658835953,13024.387790871215,114.12443993672528,71.30513728195733,30.108444213867188,358.97637939453125,285.5672197341919,339.4782866716385,-0.23425320897876145,-0.23498333301497287,-0.23411557770707714,306.39689310917225,47.11368317032702,1.23800474359677,1.1126566153116468,0.38332664700651475,0.38673765696736406,1.2051333031329647,0.31715328519796754,0.60988162593704,1.1109694905706282,60.988162593704004,0.49655948749771006,48.336015775025054,68.96016276355209,28.09648323059082,179.9883270263672,154.53885650634766,0.011502520887441262,0.1072498060018817,0.05863143663360087,0.0312218181788921,1.2896769046783447,0.19938007891178128,0.42047332167625356,0.9326776896776252,0.9323978658938892,0.9329008897509478,20.06546533838661,19.853676326270392,0.003820998663207027,0.06181422702911545,0.9659987539115309,0.8661226648448251,-0.006175386955183491,0.062078094323728274,0.26976243656916454,0.2594654318447349,26.976243656916452,77.28569293022156,300,0.4725499153137207,0.3208005371020539,-0.15174937821166679,1896.1220703125,0.08307886123657227,49446.99456462472,2426710,9.264684677124023,300
CNN_BiLSTM_XXL_Raw,0.8411195334870291,0.25966939330101013,0.5095776616974199,0.3143579363822937,0.002420256027249352,0.04919609768314304,0.029612524295530178,0.014438495039939908,0.4021993279457092,0.10797616094350806,0.18742543458938615,0.9200820950968135,0.9200348195597771,0.9200840886376407,40.362419134229114,22.533375132663434,0.0016951957972985725,0.041172755522293776,0.9592128791270053,0.9418038344542521,0.0002457090638710909,0.10043038014191662,0.16871181574499564,0.28269755022494725,16.871181574499563,9336.713619986165,96.6266713696905,50.88627139793206,10.7109375,359.22637939453125,259.0792007446289,343.25526647567756,0.11520841272395888,0.11468501314905133,0.11530423220692854,243.60502230137823,35.14781974711419,0.9563431191285748,0.977927972362267,0.5596986139913356,0.5637913801101269,-1.0055494627497255,0.26852676148625737,0.5163734558215949,0.9406336094761025,51.63734558215949,0.6484684010085704,34.17476398829723,57.62439546335931,10.390243530273438,179.98699951171875,144.84227752685547,0.007721373807619145,0.08787134804712594,0.04866500853306043,0.0243360698223114,1.0650821924209597,0.1732160553336143,0.3293249118328084,0.954808104355703,0.9546202651806533,0.9548171260709449,15.890280374727434,15.933214691851589,0.0024545318444933154,0.04954323207556523,0.9771476120470459,0.8979574557557827,-0.0012415424324825723,0.05086149836324118,0.22102034341576243,0.212583855558923,22.102034341576246,107.63709831237793,300,0.2708163261413574,0.12912109451717466,-0.14169523162418277,3829.15771484375,0.08455150127410889,48585.77243569228,9619670,36.70367622375488,300
CNN_BiGRU_Small_Raw,0.6838805669878393,0.5082451701164246,0.7129131574858361,0.5390611886978149,0.005120926929731682,0.07156065210527139,0.051082731023148926,0.03491373360157014,0.4083260893821716,0.15527589991688734,0.22553583495318896,0.8309047692563398,0.83080474076018,0.8309074083688245,59.75318695723001,32.28726523338838,0.003417935996943456,0.058463116551749586,0.9115448336964628,0.8846479794317121,0.00028270765011186255,0.14608604813382214,0.24540823604212653,0.41121190491480214,24.54082360421265,15904.941676584105,126.11479562915727,87.89396950011118,51.895172119140625,358.77455246448517,286.2064949274063,337.440620136261,-0.5072282565713482,-0.5081198593398675,-0.5066630370346503,335.43514860792965,56.82154273184323,1.4732276908707742,1.2137659127157816,0.24188345315894802,0.2470806003038582,2.4422218311758894,0.3504746377553633,0.6739581517830227,1.2276922483144332,67.39581517830226,0.31392074595522834,61.715552073547514,80.50286580626299,46.477280378341675,179.99179363250732,162.2262382507324,0.015921152506903933,0.12617904939768698,0.0742877132713635,0.043218594044447,1.3411905765533447,0.240854850411415,0.554994301199913,0.90681618575195,0.906428869164611,0.907181133632871,26.242427612922466,25.538168403009724,0.005342301353821416,0.07309104838365241,0.9526931803569322,0.8208584941429189,-0.007896459871810537,0.07303467691168179,0.317374632909861,0.30526024020178255,31.7374632909861,207.11053085327148,984,0.6978731155395508,0.6121960267215526,-0.09044493319305547,436.33447265625,0.08294122219085694,49529.05071192509,48950,0.19203758239746094,1000
CNN_BiGRU_Medium_Raw,0.7560871761231741,0.39299729466438293,0.6268949630236177,0.44746994972229004,0.0038999001605018535,0.062449180623142315,0.043217408107361764,0.028109926730394405,0.4006556570529938,0.13463237509131432,0.20697979405522346,0.871223603350292,0.871147425511088,0.8712242709531228,51.885987027114076,29.022522231196398,0.002629515345089286,0.05127880015259021,0.9333939954502098,0.9062386077371966,0.0001421895549598073,0.12748561867504413,0.21416159311204172,0.3588542833096855,21.41615931120417,13179.51500244644,114.80206880734528,72.00835706168336,30.47203826904297,359.35137939453125,288.6792221069336,342.3381958961487,-0.24895380464290828,-0.24969262483495114,-0.24890648478555644,335.125129219359,47.8982888338585,1.2729683327645471,1.1282589830196554,0.3782980482926364,0.3820611934791544,0.7066400369178708,0.31903642453763287,0.6135028782965235,1.1175660180243976,61.35028782965235,0.490102082482081,48.77776194340514,69.40101411266468,28.325439214706407,179.9984588623047,156.085346698761,0.015900708249057108,0.12609801048810051,0.07236771836800694,0.042313624173402745,1.4166300296783447,0.23381713032722443,0.5370030605792966,0.906935842537149,0.9065490233007508,0.9074965344023974,25.374538221733616,25.635377929904067,0.005239262458436042,0.07238274972972526,0.9528377101894073,0.8509587478076263,-0.009787665918549203,0.07298777015016175,0.31717079800775805,0.30506418580825095,31.717079800775807,227.56318831443787,988,0.49324703216552734,0.33292467578401624,-0.1628831217879521,841.189453125,0.08270220756530762,49672.1928100411,173206,0.6660556793212891,1000
CNN_BiGRU_Large_Raw,0.7816572632847035,0.35292455554008484,0.5940745370238358,0.4136298596858978,0.0034799045975247717,0.05899071619776091,0.039764052466615685,0.024924680590629578,0.4021993279457092,0.1274530021473765,0.20499963164329532,0.8850920392032996,0.8850240652547456,0.8850920428792948,48.585453500115825,27.42533068488096,0.002366746561974459,0.048649219541267656,0.9407973522143132,0.9160896007836212,-1.0551059612601742e-05,0.1204254063145958,0.20230122531105046,0.33898076759117235,20.230122531105046,12172.323951707882,110.3282554548375,66.51056768547286,24.271860122680664,359.3945428133011,280.41194915771484,342.1038696289063,-0.1535075689818306,-0.154189927833271,-0.15347932861174396,294.7074223731577,44.76394023285764,1.1864751299332443,1.0892543917438406,0.4272912298107545,0.43068139376380277,-0.5458982708143743,0.3066036397380137,0.5895947954785131,1.0740146968183584,58.959479547851316,0.5339554779155958,44.927059913824664,66.34953770686373,22.85400700569153,179.98553085327148,154.0689620971679,0.012656392747597127,0.11250063443197611,0.06448691741027439,0.03464293479919432,1.3746378421783447,0.22129090428352347,0.4515500748157484,0.9259242727352154,0.9256163785143104,0.9261446571561778,22.00223969755409,21.58897957731749,0.00427442256826079,0.06537906827311621,0.9625291098265838,0.8557195388683163,-0.006136312309068535,0.06511736716451454,0.28296969841991376,0.27216856406422957,28.296969841991377,141.4096441268921,498,0.43011564016342163,0.27324834299913237,-0.15704151181274384,1255.93408203125,0.08394246101379395,48938.284038693455,652118,2.492940902709961,500
CNN_BiGRU_XL_Raw,0.7727339487176793,0.3689294755458832,0.6073956499234112,0.42974117398262024,0.003536764754963797,0.05947070501485414,0.04048065502759567,0.025593683123588562,0.3904150426387787,0.1279759905301035,0.20603142939508015,0.883214492115789,0.8831454075018969,0.8832183789999214,49.2785048183475,27.697341912674588,0.002403841433047945,0.049028985641638,0.9398028781842368,0.9152930357399163,0.0003430910645181874,0.121405269792285,0.2039472864557912,0.34173894698177304,20.39472864557912,12503.21663739289,111.81778318940547,69.06227021385645,28.22504425048828,358.85137939453125,280.76882457733154,342.5154050767422,-0.1848645406638758,-0.18556544877130454,-0.18482592440592538,348.2901993352259,46.34455778341253,1.2407235523682167,1.1138777097905392,0.4065755560072,0.411040644062592,0.6383540530531413,0.3107430564543072,0.5975548397699927,1.0885148325419711,59.755483976999265,0.5086087694492936,47.22468625491705,68.12992303074111,26.347238540649414,179.99493408203125,155.2878646850586,0.012578770165268423,0.11215511653628836,0.06208944571238036,0.03300691395997995,1.3878214359283447,0.2162647783756255,0.4349310761690135,0.9263785845879556,0.9260725787048248,0.9264885165106655,20.50049053868486,20.49145007947589,0.004117512494165071,0.06416784626403688,0.9625665047333973,0.8715584500038083,-0.00433390035213285,0.06491737526412206,0.2821006269232498,0.27133266558238867,28.210062692324975,99.74578714370728,297,0.4512615203857422,0.2926664755195937,-0.1611616347387459,1838.85595703125,0.08442559242248535,48658.23125578569,1834838,7.006845474243164,300
CNN_BiGRU_XXL_Raw,0.8410312380376528,0.25477761030197144,0.5047550002743623,0.30400529503822327,0.002379597504579717,0.04878111832030624,0.028865529092266848,0.013459369540214539,0.4045186638832092,0.10709530347958215,0.1924042448401455,0.9214246571694339,0.9213781758266779,0.9214265902721628,39.75577786906176,22.14418652771558,0.0016705012495637122,0.04087176592176697,0.9599097948772776,0.9432350974614914,0.0002419558222360455,0.09958322890180858,0.16728869632906504,0.28031293732285373,16.728869632906505,9270.59851022008,96.28394731324677,50.02945467007798,9.039260864257812,359.35137939453125,258.000431060791,342.8918173372745,0.1214737963796858,0.12095410310035026,0.12149775550271058,255.74870748730953,34.15177935049674,0.9354655811357679,0.967194696602379,0.5640702764277197,0.5660742819386906,0.5028193537241736,0.26757432692905153,0.514541936605312,0.9372972866813998,51.454193660531196,0.6467398917412227,33.54695455311002,57.76589364072552,8.798005104064941,179.99856567382812,146.90487480163574,0.007700689655367317,0.08775357346209507,0.049696514753855135,0.024749964475631756,0.8776293992996216,0.17811466902494427,0.33139979183673796,0.9549291652023016,0.954741829214145,0.9549323067082746,16.222992769502646,15.85756468611602,0.0024741939758541635,0.0497412703482145,0.977220737083051,0.8952302923504323,0.0007326321190308614,0.05079332833971353,0.22072410829694744,0.2122989279240438,22.072410829694743,116.98819589614868,300,0.2588270306587219,0.11508875749473531,-0.14373827316398663,3690.4462890625,0.08425142765045165,48758.817678954525,7256278,27.688024520874023,300
MLP_Small,0.6172466895818122,0.6212468147277832,0.7881921179051357,0.6340810060501099,0.006008424220830354,0.0775140259619532,0.057596890232878784,0.042382210493087796,0.3841894567012787,0.16242401115596294,0.2319487553089858,0.8015992233499141,0.8014818591212604,0.801618194146603,70.75431673100125,34.538484641944194,0.004001216494182534,0.06325516970321504,0.8966177454966682,0.870090229812432,0.0007579689146530122,0.15823944297022544,0.26582458124980207,0.4454220208410064,26.582458124980203,18575.116250379702,136.29055818500305,103.0980145720334,74.82429504394531,357.97296142578125,285.9201145172119,333.057004749775,-0.7602667555133593,-0.7613080435237889,-0.7600317586812924,381.4426952668736,65.90959143387896,1.6230759233822143,1.2739999699302251,0.13502351608372642,0.13570448034002988,-1.5747351826821898,0.37875321266683953,0.7283374820662583,1.326750449599833,72.83374820662583,0.11840532848264018,74.63255822529094,91.25542156799459,66.22108459472656,179.99356079101562,167.8879432678223,0.011663498160118602,0.10799767664222505,0.06134114334561083,0.025696225464343983,0.9201098680496216,0.23551077246665922,0.3888986814022062,0.9317355169128824,0.9314517770076303,0.9323168381424455,16.605369095461565,15.631224873620763,0.0033711687063147275,0.0580617663037797,0.9682358398075793,0.8960260645685961,-0.00996609680452531,0.06251097514546483,0.2716435346680648,0.26127472722618555,27.16435346680648,298.6480665206909,977,0.9152998328208923,1.1346975156962609,0.2184373130049977,30.271484375,0.08190937042236328,50152.99200588672,12374,0.05372428894042969,1000
MLP_Medium,0.6523426611967379,0.5686426758766174,0.754083997891891,0.5978038311004639,0.005535476916114051,0.074400785722424,0.05464043082727156,0.039253894239663994,0.3904150426387787,0.15671334043145185,0.22288217809982608,0.8172161487069775,0.8171080226901363,0.817249216351742,68.43193845999578,33.33166441414288,0.0036969132836831477,0.06080224735717544,0.9053483047828808,0.8769097347812849,0.0010007146135359456,0.1518839815524764,0.2551481162780421,0.4275322809952748,25.514811627804214,17076.19518553283,130.67591662403913,95.00775842793469,62.22425842285156,359.35137939453125,284.2152910232544,334.81055612564086,-0.6182218345544019,-0.6191790957134047,-0.6180843269756753,391.7326557266767,61.150624467109395,1.548561376308019,1.2444120604960476,0.18884650328371153,0.19266303742853041,1.2045916384076951,0.3631500516151311,0.6983328071153635,1.2720934849901564,69.83328071153635,0.22923506118821235,67.79791962616493,85.32674385499377,55.77555084228514,179.99200439453125,164.12741088867188,0.015278627894228953,0.12360674696079074,0.06906534262462188,0.0257180668413639,0.8693276643753052,0.2642161369323724,0.4927808105945587,0.910576773695024,0.9102050879133162,0.9133428532227931,17.243661193225353,16.74790902438702,0.00425901229841365,0.0652611086207831,0.9611351035673468,0.8880711087100556,-0.021739489464189,0.0715457825326654,0.31090459255419123,0.2990371654242595,31.090459255419123,300.3376889228821,962,0.8122622966766357,0.9715334417764905,0.16602828620997245,46.71630859375,0.08211979866027833,50024.47725175751,48086,0.1937580108642578,1000
MLP_Large,0.6570489816469762,0.5567763447761536,0.7461744734150006,0.5892463326454163,0.005460884317993346,0.07389779643530209,0.053994814020830666,0.038857936859130915,0.4072607457637787,0.15564746782183647,0.22279679370112726,0.8196792286852834,0.8195725597064974,0.8197043891108815,64.94441610525601,32.936470330700836,0.0036308525299742016,0.06025655590866608,0.9061975348910116,0.8789360114665299,-0.000872906247245308,0.15085716422972206,0.25342317792058994,0.4246419330620996,25.342317792058992,16943.22811743411,130.16615580646956,93.95189375213586,59.96924591064453,358.35137939453125,284.85618019104004,332.8265411376953,-0.6056212399526064,-0.6065710472140442,-0.6054684949335984,348.53603603876235,60.68487808039389,1.5073759729494531,1.2277524070224637,0.1991630804605522,0.2016940972179687,-1.2695799500692202,0.36173341975216616,0.6956086425417568,1.2671311060630648,69.56086425417568,0.23450688355494287,66.97308101149741,85.03443732279455,53.99289321899413,179.99641799926758,164.49186372756958,0.014187863603641812,0.11911281880487008,0.06776427081763425,0.028010662645101547,0.8639575242996216,0.2662548452615735,0.43862147808074825,0.9169608327007024,0.9166156821275757,0.9175377303605926,18.01029394190946,17.023326796483335,0.004062986496776566,0.06374156020036352,0.9610226428038013,0.8839684980783153,-0.009928105837015267,0.06894461702619906,0.2996011407876989,0.28816517364056615,29.96011407876989,150.3012866973877,471,0.7922854423522949,0.9400537062367526,0.15256585886250662,77.3193359375,0.08148081302642822,50416.77724383499,185046,0.72198486328125,500
MLP_XL,0.6699914532506549,0.5448097586631775,0.7381122940739963,0.5779294371604919,0.0051993432187311004,0.0721064714067406,0.052121321727453186,0.0364619083702564,0.3852315545082092,0.15387894399464136,0.22196043282747271,0.828315429344959,0.828213869121522,0.8286331054566568,64.49117434952612,32.271638853006046,0.003486747732321302,0.059048689505536885,0.9109213404953055,0.8842819101104055,0.0031017078510227453,0.14720029992445008,0.24728005453498006,0.4143483687128995,24.728005453498007,17246.001355947086,131.32403190561539,94.52614840066444,60.39787292480469,358.85137939453125,289.13919067382807,336.09929134845737,-0.6343134784844979,-0.6352802586756816,-0.6342491531456325,393.9623465903613,60.85192316293412,1.5601642191868141,1.2490653382376817,0.19335607015489695,0.19550177585071352,-0.8238868442078894,0.36495117231156454,0.7017963386949403,1.2784027059125376,70.17963386949404,0.24661280284437626,66.38865268345373,84.35936757557654,53.54438781738281,179.98968505859375,163.84659099578857,0.011097855537835486,0.1053463598698858,0.05843790052250071,0.025090087205171648,0.9240161180496216,0.22390747070312494,0.4144361639022826,0.9350461275626298,0.934776148141741,0.9361414403766108,15.616188396100823,15.488382975622775,0.003182185469017301,0.056410863040883365,0.9691999390156558,0.8975876635592352,-0.01367999988806657,0.060976345864434046,0.26497475176499474,0.25486049603139793,26.497475176499474,90.11554479598999,285,0.774373471736908,0.8892908262888678,0.12109142004230045,109.7158203125,0.08265073299407959,49703.12846825282,441750,1.7030277252197266,300
MLP_XXL,0.6886112364511221,0.5113339424133301,0.7150761794475677,0.5514034628868103,0.004823601556776363,0.06945215300317452,0.04966229092669675,0.034126885235309594,0.3775411248207092,0.1497733294963836,0.2159776352345948,0.8407225821710143,0.840628361414417,0.8407989091614303,60.688949173114516,31.18638586059953,0.003231871232116682,0.05684954909334534,0.9175243717803123,0.8913714992595325,0.0015203643562100204,0.1417816952211919,0.23817740415170716,0.39909575020160976,23.817740415170718,16126.106431155342,126.98860748569275,89.68590181207992,53.86079406738281,359.63697427511215,285.2847213745117,332.99266970157623,-0.528186885293527,-0.5290908861651946,-0.5279931321120575,351.93271521692816,58.09474722571333,1.481736448149561,1.2172659726409676,0.2395980532929973,0.24243218912840014,1.4298844655856784,0.3529029721340364,0.6786278070831704,1.2361985622437548,67.86278070831703,0.2806882749932418,63.76512186893112,82.42951929752942,48.59880828857422,179.9723663330078,163.3001594543457,0.00949577191421349,0.09744625141180902,0.0548102559590714,0.024037331342697144,0.9025317430496216,0.2070005103945731,0.351217496395111,0.9444228521891102,0.9441918469292605,0.944439028142973,15.75436625251225,14.906116223059545,0.0028346718983145273,0.05324163688613008,0.9726101531362572,0.8930569009601034,-0.0016624628889946372,0.05640362264645853,0.24510382997727545,0.2357480600363233,24.510382997727543,90.56229734420776,281,0.7160070538520813,0.7896559081726535,0.06929736173995682,230.6162109375,0.08300426006317138,49491.43570310195,714134,2.7471275329589844,300
CNN1D_Small,0.5476463629014404,0.6868986487388611,0.8287934898024122,0.6724105477333069,0.006962499269897235,0.0834415919664602,0.061072118926947756,0.04394319280982019,0.4329856932163238,0.1763391494750976,0.2538873970508575,0.7700952509670888,0.7699592505239974,0.770137195592488,70.96344532443797,35.762009928520364,0.004591687760906293,0.06776199348385711,0.8776247408516271,0.8510872546854061,-0.0011270593083971777,0.17034015288797408,0.28615242168157173,0.4794838360496746,28.61524216815717,19686.042226676444,140.30695715707202,109.93398389225783,88.22520446777344,358.52736234664917,284.9588346481323,332.492750632763,-0.8655434082972364,-0.8666469728438664,-0.8649692024847222,401.2388989066041,68.95740082667835,1.6794627449742565,1.2959408724838708,0.0772303510523491,0.07688226451180924,2.461559392827425,0.3899148370249846,0.749801139954572,1.365848969797626,74.9801139954572,0.00830028434218022,81.27165909280328,96.78639004980401,76.05336225032806,179.99609375,169.43061447143555,0.023143748319851498,0.15213069486415784,0.0763558855701053,0.031612385064363445,1.4978067874908447,0.2927207410335537,0.7246284210681908,0.8645435533950523,0.8639805314898483,0.8666402181105093,19.967284455292468,19.99522059856453,0.007166005153835816,0.08465226018149673,0.9310428258654517,0.8330643848292107,-0.018926987829849373,0.08805595065734496,0.3826500807171182,0.3680440824207715,38.26500807171182,302.6045935153961,934,1.0267313718795776,1.2838863755952905,0.25770104174859343,127.1796875,0.08321831226348878,49364.134987418445,17686,0.07384490966796875,1000
CNN1D_Medium,0.6181521185604789,0.5998318195343018,0.7744881016092512,0.6097924709320068,0.005943779473798753,0.07709591087599103,0.05587555708744265,0.039708826690912254,0.4036138355731964,0.1664056312292815,0.23817776888608938,0.8037338209658669,0.8036177194611143,0.8037770438003032,64.01582145906106,34.24076921585837,0.003937676760545746,0.06275091043599086,0.8965587185045194,0.8693356291028848,0.001144103282972702,0.15738589037146639,0.26439070826667677,0.4430193890047399,26.439070826667677,18870.085871358995,137.3684311308788,102.57913236409097,73.35852813720702,359.3945428133011,290.1529235839844,336.6052102327347,-0.7882194859672329,-0.7892773094504759,-0.7879556674169537,391.9198373001574,65.53584667891468,1.6623803051636152,1.2893332793206012,0.12493862825048938,0.12531915740380692,-1.6685114507119698,0.38174863543517945,0.7340976409344965,1.3372432411372406,73.40976409344965,0.15013808676503348,72.46168277065048,89.59801346972166,63.5817756652832,179.9954833984375,165.92364883422852,0.016985891579026847,0.13032993354953745,0.0687788173315109,0.027560666203498854,1.3934366703033447,0.2667040199041364,0.5817849385738355,0.9005844479505365,0.9001712292745363,0.9007723905062225,18.331647062457616,18.177310165336195,0.005200638447318334,0.07211545220906775,0.9492461183629193,0.871058846499539,-0.005666691549630135,0.07543728245020297,0.3278152356900643,0.3153023184968095,32.78152356900643,318.48635601997375,883,0.8738174438476562,0.9958250147597114,0.12000809538556323,263.38671875,0.08340964317321778,49250.90006042669,50838,0.20315170288085938,1000
CNN1D_Large,0.5976875324116739,0.6178460121154785,0.7860318136789874,0.6237146854400635,0.006068778879772114,0.07790236761339231,0.05632460943722079,0.038934558629989596,0.3978765308856964,0.1670442931354046,0.24146560952067384,0.7996062863054586,0.7994877431523927,0.799778595496051,62.81767381780819,34.156163711623456,0.004015023554165104,0.06336421351334762,0.894323911877599,0.8678835033737006,-0.0022843509761825884,0.15903221519232658,0.26715634999222715,0.4476535643715366,26.71563499922272,19046.113991693772,138.00765917764772,104.48098296002652,77.20398712158205,358.8945428133011,291.1188259124756,333.4974686145783,-0.8049007515961615,-0.8059684429030423,-0.8043529751410723,388.63255282665546,66.0021555630872,1.6680047652548484,1.291512588113197,0.10647625398858064,0.10824935336942083,2.404242153344388,0.3835250583918734,0.7375136790830661,1.3434659473154358,73.7513679083066,0.11052745609406678,74.91390638827494,91.6622410039336,66.56475067138672,179.9981689453125,167.85681629180905,0.02000248188339165,0.1414301307479833,0.07368278120823038,0.027690708637237493,1.4687540531158447,0.290013089776039,0.6351727712154385,0.8829288548354963,0.8824422510536389,0.8829409734832884,19.36350886245288,18.488623743793074,0.006180593063742614,0.07861674798503569,0.9397302064103605,0.8682330903817734,-0.001438944658560121,0.0818622739199779,0.35573525115935506,0.3421566091200106,35.5735251159355,177.14054799079895,497,0.904474139213562,1.065928761767305,0.16673066025145378,509.13525390625,0.08333830833435059,49293.0572038832,160150,0.6218252182006836,500
CNN1D_XL,0.6261073489618075,0.5827811360359192,0.7634010322470878,0.5981633067131042,0.005698727753581436,0.0754899182247632,0.054038504026141,0.037222407758235945,0.4022710621356964,0.16358034964650875,0.23683631122112297,0.8118255351697345,0.8117142203286839,0.8119392300931045,58.322041934715806,33.37593384318789,0.0037793689897714423,0.061476572690509046,0.9013380353278225,0.8746489162017915,-0.0018555777092872164,0.1541073691052725,0.2588831589076428,0.43379080768299527,25.88831589076428,18271.35819192141,135.17158796108527,100.29790425214526,69.69155883789062,357.35137939453125,289.7854416370392,335.49364712238315,-0.7314811907386312,-0.7325054506120585,-0.731400199958882,385.2499128186054,63.93724734944966,1.6087405525197676,1.268361365116333,0.14803348257791188,0.14725381382367086,0.924473181142544,0.37564358003467946,0.7223576991212862,1.315857587559775,72.23576991212862,0.17538513097646347,71.18113202179447,88.2571254290277,61.567405700683594,179.99506378173828,165.1772804260254,0.018604436054765597,0.13639807936611717,0.07435738479676851,0.028844721615314442,1.3941690921783447,0.29510642588138575,0.5430225396156311,0.8911113807392247,0.8906587874562337,0.8918551901488682,19.919872728563757,18.5886859213609,0.005684975146248544,0.07539877416940241,0.9453603511793434,0.8743273431129983,0.01127321639723041,0.07894963312396702,0.34307827309741223,0.32998275600518184,34.30782730974122,125.48352003097534,286,0.84097820520401,0.9631891822168449,0.11791426670587946,1061.04638671875,0.16834793090820313,24401.844310400305,587670,2.2584476470947266,300
CNN1D_XXL,0.6019148399759466,0.6187829375267029,0.7866275723153257,0.6264010071754456,0.006032729521967886,0.07767064775040752,0.056227382203562236,0.0393269807100296,0.3848594725131988,0.1671507377177477,0.24392912313342116,0.8007966517529082,0.800678812762018,0.8012648173507959,61.887500847491886,33.99249799643607,0.003980503074114214,0.06309122818676312,0.8951340049926748,0.8684230233842076,-0.0037653760751741416,0.15855917535742176,0.2663616959308393,0.4463220230361614,26.636169593083928,19039.975365249258,137.9854172195354,104.58755407124262,77.44505691528322,359.29608076810837,289.160569190979,333.5231159210206,-0.8043190260279798,-0.8053863732143698,-0.8040914912054178,381.74623202501846,66.80093634397875,1.6631541509787235,1.2896333397437907,0.11243460739377868,0.1134277994175746,-1.5495316901001055,0.3834632477044478,0.7373948179382921,1.3432494280765503,73.73948179382921,0.1148777326895658,74.92338269615968,91.43781313121723,67.02952194213867,179.99708366394043,167.20975494384766,0.018782340604150596,0.1370486796877321,0.07312240249258779,0.02914030104875559,1.4202921390533447,0.28732527792453766,0.5947348910570139,0.890070135485366,0.8896132142881169,0.8901499604477259,20.05228753411874,18.708016611041707,0.005816865590198878,0.07626837870440722,0.9436390626086508,0.8691785031890674,0.0036930600616504445,0.07932621215602187,0.3447147098848918,0.33155672895393645,34.47147098848918,128.12647771835327,288,0.906110942363739,1.0671596152953895,0.15878235706253707,998.1171875,0.16840651035308837,24393.356238942244,563094,2.162297248840332,300
SimpleRNN_Small,0.7534296684229004,0.40673863887786865,0.637760643876579,0.4623889923095703,0.004021310063791407,0.06341380026296647,0.04464164853670166,0.030385956168174744,0.3922683596611023,0.13481863774359232,0.207783479895443,0.8672145956270773,0.8671360462543185,0.867276129166499,57.93886396795479,29.27981065245308,0.0027336933216052565,0.05228473315993165,0.9320664972931391,0.9018729876215699,0.001365100288337978,0.12945482195909025,0.21746963457472424,0.3643973166379285,21.746963457472425,12933.874933446312,113.72719522368567,72.1990397657268,31.948726654052734,359.3945428133011,281.8743715286255,340.15874171257025,-0.2256757781985732,-0.22640082824483176,-0.22555838520114402,355.90005248979423,47.95789443357712,1.2590328193029678,1.1220663168026068,0.3801376004028812,0.38625155632047725,1.1130063000183974,0.3160493370354365,0.6077587480362344,1.1071024244389376,60.77587480362344,0.4612702381431224,50.40729452272659,71.33615244717252,29.342437744140625,179.99319458007807,157.9432716369629,0.011651768010019383,0.10794335556216224,0.06262472655965122,0.029144290834665354,1.0286905765533447,0.23330273628234843,0.3956768321990961,0.9318041714985019,0.9315207169546081,0.9326250022840176,18.461998595885227,17.600728354900916,0.003533031210282367,0.05943930694651786,0.967518873994754,0.8611842222880914,-0.011842511845489586,0.06247953313864342,0.27150690237509306,0.2611433102752167,27.150690237509306,386.99781227111816,992,0.5094034075737,0.46474073854249226,-0.046992783781862446,195.19580078125,0.1695812702178955,24224.373332748466,16470,0.06638336181640625,1000
SimpleRNN_Medium,0.7795571413377868,0.34806737303733826,0.5899723493837132,0.4146205484867096,0.0034660999851352475,0.05887359327521336,0.04024268519420927,0.024969577789306585,0.4022558629512787,0.12629283592104912,0.1980713501572609,0.8855478734984115,0.8854801691992074,0.8857101897609544,56.46508168096308,27.433700992853527,0.0023970645013255297,0.048959825380872526,0.9428552909241624,0.9157591593624298,0.002217122182933551,0.12018630808955888,0.20189956701173523,0.3383077393462771,20.18995670117352,11737.438972982149,108.33946175324182,64.44271153888302,21.838523864746094,359.35137939453125,272.7256410121918,343.1271475374699,-0.11229579080480878,-0.11295377077709912,-0.11227169546127658,304.79502560107676,43.16802133226429,1.1397337811986041,1.0675831495478956,0.4433940371860568,0.4467984917145859,0.504246727054447,0.3010767564832804,0.5789666711516379,1.0546543466012022,57.89666711516379,0.5298919027562818,44.17384140549746,66.63817018018538,20.59258270263672,179.99089527130127,155.93144989013672,0.013116447889592217,0.11452706182205243,0.06573756200106345,0.03115721419453625,0.9154093265533447,0.24913620948791476,0.4566195929050446,0.9232316477586666,0.9229125616980058,0.9257890607046557,18.636349425581546,17.912018240255566,0.003737116949415845,0.061131963402264816,0.9684657498321108,0.8660112083953463,-0.02090342445598283,0.06629029936225797,0.28806671454195587,0.2770710238212097,28.806671454195588,385.9914083480835,989,0.40538451075553894,0.4427780699296748,0.03953229866212421,405.6767578125,0.16688027381896972,24616.450500652478,68054,0.2642345428466797,1000
SimpleRNN_Large,0.7882395977282775,0.3364168107509613,0.5800144918456446,0.4019891917705536,0.003387023073194092,0.058198136337808036,0.039448406143117336,0.024104993790388114,0.3911460936069488,0.12408343958668405,0.19931454807519916,0.8881590274661729,0.8880928677983786,0.8882847165201171,54.45839565963514,26.854259291888305,0.002339419177317508,0.048367542601599145,0.9441108067213932,0.9182262957793432,0.001951000311782845,0.11880741016497094,0.19958317258750322,0.3344263334933824,19.95831725875032,11704.011075863958,108.18507787982573,63.32730503735105,19.7490997314453,359.22637939453125,276.2736463546753,342.5968468904495,-0.10912800357749242,-0.10978410964126928,-0.10903326403801494,292.4084492696785,42.45007776763279,1.1578913996235511,1.0760536230242204,0.44973244290013836,0.4525578144208423,0.9998668305729246,0.3006477217150691,0.5781416428948538,1.0531514627903682,57.814164289485376,0.5460456242392537,42.72743402787293,65.48326131502489,18.63275146484372,179.98321533203125,153.6607437133789,0.011872179299665098,0.10895953055912594,0.06190614981491557,0.0268482193350792,0.9108325242996216,0.23408108502626412,0.41345479130744917,0.9305141414794054,0.9302253249525472,0.9320284794757089,17.30264878642522,16.569814713852324,0.0034137122641554538,0.05842698232970323,0.9700885390697236,0.886627571510824,-0.01608527237467806,0.06306771329171354,0.27406285891600074,0.2636017043203526,27.406285891600074,195.2077865600586,495,0.3842976689338684,0.4044554743289643,0.021792588860414186,764.73291015625,0.16737442016601561,24543.77434691245,228310,0.8756065368652344,500
SimpleRNN_XL,0.7581447192161862,0.38261887431144714,0.6185619405616928,0.4474095404148102,0.0037686354691250155,0.061389212970399086,0.042756159156563486,0.02751633524894711,0.3982033729553222,0.13010041229426864,0.20201937360689048,0.8755580204551314,0.8754844066458105,0.8755800176349169,57.31409496356687,28.238209901951546,0.002569160029138756,0.05068688221955219,0.9372775482282676,0.9091396727951564,0.0008161915839936479,0.12532176911549636,0.21052656765784705,0.3527633477912191,21.052656765784707,13083.165603456055,114.38166637820964,71.11993123333042,29.399673461914062,358.97637939453125,282.5361490249634,340.8223852396013,-0.23982327530083736,-0.2405566943167785,-0.23915060414911404,297.4921689002867,46.882414346030465,1.217502495009953,1.1034049551320462,0.3865330374405576,0.3876831791245547,2.6642681201568847,0.317868120784471,0.6112562454353128,1.1134735180060806,61.12562454353128,0.488024423807198,48.21148884653245,69.54226300753226,27.576316833496094,179.9917449951172,156.8553466796875,0.01523165238899558,0.12341658068912613,0.07083778369613174,0.03258693963289257,1.1136515140533447,0.26695110797882077,0.47790198445320087,0.910851713386229,0.9104811703856338,0.9125683221738837,20.2538561302928,19.678542165636337,0.004488388391067632,0.06699543559876024,0.9588915874625901,0.8706606196031225,-0.017125871272788456,0.07143571091398684,0.31042627265124784,0.2985771032979104,31.042627265124782,118.96700668334961,300,0.46917012333869934,0.49755959029253416,0.02838946695383482,869.95458984375,0.16650710105895997,24671.62045266383,359894,1.3785533905029297,300
SimpleRNN_XXL,0.8035447479580374,0.31655755639076233,0.5626344784944861,0.38686704635620117,0.0030884468765116644,0.05557379667173788,0.03731846305314855,0.022637061774730696,0.3747335076332092,0.11844735452905306,0.19396505057811744,0.8980181431234286,0.8979578156278861,0.8981049784936049,52.27750276639267,25.991300068077788,0.002141632195882538,0.04627777215772749,0.9492729404033978,0.9233887843357885,0.001621649304482874,0.11345000494997874,0.19058333050559717,0.3193459830287073,19.058333050559717,10937.282102168183,104.58146156068094,59.30953445597563,16.76221537590027,359.7265930175781,272.0735697746277,343.6114498615265,-0.03646910310584861,-0.03708222770577896,-0.03642613349436963,309.53386429385876,39.99066098861713,1.099068537047934,1.0483646965860374,0.4889022366534116,0.4908829639272729,0.6733753901741413,0.2906332256540725,0.5588838977423535,1.0180712662215001,55.88838977423535,0.5869519827844589,39.76612763335424,62.46323435449435,15.970169067382784,179.954833984375,150.82452774047852,0.012700842138147638,0.11269801301774418,0.06638620041597348,0.0325783863663673,0.9010668992996216,0.24043164849281287,0.4315255677700032,0.9256641179662247,0.9253551424174291,0.9272056704786966,19.980552629342657,19.338373758515843,0.003809666084166372,0.06172249253040882,0.9666312543302472,0.8636281864327613,-0.01622916483560605,0.06523161339881149,0.2834661592547468,0.2726460746714965,28.346615925474676,123.54560422897339,292,0.354608952999115,0.38441024305228466,0.034161196646852465,1042.12548828125,0.16691832542419432,24610.83880131329,1369046,5.228183746337891,300
GRU_Small,0.7587235761403622,0.38493168354034424,0.6204286288851799,0.4447340667247772,0.0038246847659622538,0.06184403581560839,0.04298453105472123,0.02817340195178987,0.3823018670082092,0.1332416124641895,0.20492843184620152,0.8737072483367702,0.8736325397008777,0.873766340637889,55.1870666962313,28.33737912805977,0.0026003748437466523,0.050993870648801044,0.9353837943928858,0.9093442194456894,0.0013377472326509053,0.1262502580280885,0.2120863252742293,0.35537691492727813,21.20863252742293,13483.803865352376,116.11978240313911,73.11929536029274,30.810184478759766,358.97637939453125,284.5879611968994,340.46613111495975,-0.27778967098292817,-0.2785455490679276,-0.2776976335147545,302.17985556787056,48.511271331069004,1.2845005446052107,1.1333580831340158,0.3651220687694819,0.3680278240432621,-0.9855050598221303,0.32269836755428866,0.6205447468986184,1.1303935911809337,62.05447468986184,0.4703171529985175,49.56258850925641,70.73464072842455,28.212448120117188,179.98850631713867,157.16925811767578,0.01159330816556671,0.10767222559957934,0.06204788652978685,0.030332643538713393,0.9884692430496216,0.23036674857139527,0.4154652762413022,0.932146327085799,0.9318642947044931,0.9331376129809617,19.733596188033705,18.833936359997676,0.003566806555774247,0.059722747389702756,0.9678693579722433,0.8667895205068523,-0.013014169924048191,0.06232259829634716,0.27082493676545843,0.2604873757290378,27.082493676545845,327.0540220737457,1000,0.47646138072013855,0.4227289921761996,-0.05373238854393897,279.9345703125,0.08358907699584961,49145.17718868904,29014,0.11415481567382812,1000
GRU_Medium,0.8008587949652939,0.3105241358280182,0.5572469253643471,0.3781583309173584,0.003094345967114422,0.05562684574119246,0.03708282212898682,0.021825209259986905,0.3960302770137787,0.12045538984239104,0.1905384138226511,0.8978233525903203,0.8977629098661932,0.8979546241280497,52.63755190515269,25.772796049142876,0.0021455433134322287,0.04632000986001869,0.9491180485565198,0.9234764180087635,0.0019938564908041118,0.11355830090153597,0.19076525560235807,0.31965082106836473,19.076525560235808,10854.07092491192,104.18287251228928,58.95170621909248,16.53459358215332,359.35137939453125,269.4316864013672,344.35619831085205,-0.028583614421042514,-0.029192074350235853,-0.02850880630217656,295.2043832009187,40.00594332761298,1.084035869075556,1.0411704322902933,0.4893770404196888,0.4925161972917796,-0.8884866235966602,0.28952554156632204,0.556753835706136,1.0141911133613044,55.675383570613604,0.587730612013479,39.619011168350156,62.40433243489338,15.770492553710952,179.98011016845703,151.0490689277649,0.014177340902432325,0.1190686394582231,0.06947410545296452,0.031567987054586404,0.9245043992996216,0.26179939508438105,0.48138707637786854,0.9170224202920823,0.9166775257064992,0.9197842706129689,20.006327928557813,19.722316955873637,0.00406593717271657,0.06376470162022692,0.9650661219931349,0.8837511674700363,-0.021722863772893054,0.06891904523497117,0.29949001771305844,0.288058292204751,29.94900177130584,211.76200079917908,908,0.3443242311477661,0.3748169779975248,0.02945588602257565,647.7255859375,0.0849233627319336,48373.02560624198,175574,0.6742877960205078,1000
GRU_Large,0.8075506486926131,0.2989569902420044,0.5467695952062481,0.3672584593296051,0.00292442039161067,0.054077910385023846,0.03586101290873643,0.021035946905612952,0.3909033238887787,0.11689507309347397,0.18673760294914246,0.903434368875718,0.903377245355323,0.9035467488601354,51.484387443798596,25.254782759370027,0.00203589644944361,0.04512090922669456,0.9521616769239466,0.9278765621831996,0.0018448161585304704,0.1103962580981172,0.18545337704455184,0.3107501104171678,18.545337704455182,10736.376630044813,103.61648821517169,57.70536087973994,14.4256591796875,358.85137939453125,270.506386756897,344.9965347051621,-0.01743034077388983,-0.018032202970046818,-0.01723724161861062,296.1729909257547,38.797171478666506,1.036107637959178,1.0178937262598577,0.49789493655942874,0.5004124810136084,1.4274690925617952,0.2879515523260245,0.5537270749507466,1.0086775207041594,55.37270749507466,0.5918548116365672,38.591379897151285,62.0914122589662,13.726973056793213,179.98841881752014,151.01063537597656,0.012410615474830144,0.11140294194872119,0.06295352554748591,0.0283628702163697,0.9049731492996216,0.2409331500530241,0.4387538802623742,0.9273627655655541,0.9270608504102031,0.9288305909768313,18.369431969387776,17.39131476895737,0.003565595033172194,0.05971260363752525,0.9691015638725159,0.8765245994085512,-0.015836317876595053,0.06448200324121987,0.28020870322630653,0.2695129578228956,28.020870322630653,110.10755228996277,488,0.3211571276187897,0.34692337557212255,0.02854539403510098,794.13671875,0.08386595249176025,48982.929042672076,639958,2.4458160400390625,500
GRU_XL,0.7611808332348508,0.36888018250465393,0.6073550711936585,0.4364244043827057,0.0035966440188600836,0.05997202696974718,0.04150412769354429,0.026799954473972307,0.4059179723262787,0.12735971994698045,0.19768054932355883,0.8812372528221531,0.8811669985698731,0.8812724209181612,56.41085183528267,27.71127385812949,0.0024625310933895556,0.04962389639467618,0.9404814034413558,0.9129272340160388,0.0010320079391896372,0.12242868337333106,0.2056665069075348,0.3446197138555003,20.56665069075348,12936.632535706412,113.73931833674058,69.81530660637254,27.30188751220703,359.63697427511215,284.25506591796875,343.7834975004196,-0.2259371017627414,-0.2266623063952824,-0.22593708292798742,351.56001874052095,46.38959158693633,1.2470943611940515,1.1167337915519757,0.3972431664497097,0.39839772726432754,-0.014097967436791028,0.3160830273224103,0.6078235340181455,1.1072204395524594,60.78235340181454,0.5088773417989199,46.76674254916091,68.1113021099305,25.038619995117188,179.9950408935547,154.4750709533692,0.018208640522371373,0.13493939573887,0.08031051059932735,0.03912193700671195,1.0706827640533447,0.29621582925319656,0.5002209180593482,0.8934279050834791,0.8929849403857821,0.8945742919749962,24.094816362738303,22.400594832871228,0.005543812024450422,0.0744567795734574,0.9510902186515411,0.8539087372463543,-0.013995312985863434,0.07810532110908898,0.3394092869785671,0.3264538174329117,33.940928697856705,69.9226598739624,300,0.44419118762016296,0.4603037345570472,0.016112546936884242,1058.31494140625,0.08487775325775146,48399.019087193345,1034710,3.951608657836914,300
GRU_XXL,0.813946043694702,0.29641175270080566,0.5444370971019569,0.36810293793678284,0.0029000490553358614,0.05385210353677804,0.03577549365037032,0.02120885252952573,0.3860205113887787,0.11563567630946638,0.19058806002140052,0.9042391209816294,0.9041824735133536,0.9042601701911873,50.19405089962835,25.12063494813235,0.0020120312362239693,0.04485567117125737,0.9525840411807727,0.9283784952748306,0.0007984109894856182,0.10993528926774297,0.1846790009218648,0.30945254728046845,18.467900092186476,10586.769542079266,102.89202856431234,57.06677924164934,14.48162841796875,359.1445428133011,271.40394592285156,343.4915375232697,-0.0032528583944979594,-0.0038463338831438154,-0.003161385390954896,289.4562734609706,38.63850375572895,1.0522353830187299,1.0257852519015518,0.49927316468742233,0.5025293169641065,0.982478366972224,0.2859382696462514,0.5498555586476931,1.0016251087080923,54.98555586476931,0.6063303089782828,37.98855214031295,60.980388532692764,13.896870613098145,179.9715118408203,148.82664281129837,0.011743257133544557,0.10836630995629849,0.06224322771633582,0.029592398554086692,0.8971606492996216,0.2280646562576293,0.4479796886444078,0.9312687011241939,0.9309830209088177,0.9321572023493455,19.02987612130378,18.042235662465863,0.0034832120419520892,0.05901874314107417,0.9690685067331473,0.8686914152533591,-0.012321001915360874,0.06272434666094821,0.2725707477299073,0.26216654797247896,27.25707477299073,84.54252004623413,300,0.32248198986053467,0.34758784084185257,0.0251058509813179,2115.5703125,0.08697469234466552,47232.13028130888,4029398,15.376007080078125,300
LSTM_Small,0.7795711361402494,0.3585696518421173,0.5988068568763365,0.41852739453315735,0.003486055497949072,0.05904282765881959,0.04001790133590807,0.02462199330329895,0.3954199254512787,0.1272735381498933,0.2020928516983986,0.8848889338005473,0.8848208397047372,0.8849478193036574,51.91955023849708,27.020618936044045,0.0023741571136571757,0.048725323125220786,0.9412667454069042,0.9158847507091268,0.0013354044069614978,0.12053178820442742,0.2024799349980049,0.3392802178133183,20.24799349980049,12118.904050240757,110.08589396576092,66.81526885204103,25.335884094238285,359.63697427511215,278.05282402038574,341.5688056707383,-0.14844524391382707,-0.1491246081405142,-0.14836021487337114,270.24799697015646,44.49847833367897,1.155520068323503,1.0749511934611278,0.42446018151719356,0.42757905142004576,0.9472402981099645,0.30593011404528103,0.5882996143665226,1.0716553755353568,58.829961436652255,0.5122962376756393,45.9484646872768,67.87381344027779,23.638885498046875,179.9972915649414,155.28133964538574,0.00999033860617766,0.0999516813574322,0.05974730187727768,0.031019628047943115,0.9401293992996216,0.21282526552677156,0.3478382253646845,0.9415282369445619,0.9412852002766053,0.9422608042181617,19.27720120523183,18.71850188516957,0.0031356495326527512,0.05599687073982573,0.9722683911533726,0.8517496539985423,-0.01118769881632013,0.05785381003871508,0.2514056678265001,0.24180935270464238,25.14056678265001,211.84508991241455,998,0.4268631339073181,0.364959887857979,-0.057664125898365504,297.05224609375,0.0884272575378418,46456.26376281105,35286,0.1380939483642578,1000
LSTM_Medium,0.8073748536252457,0.2909761667251587,0.5394220673323985,0.3538133502006531,0.002823739988845366,0.05313887455380821,0.034495674180508695,0.019215285778045682,0.3850662112236023,0.1146008162759245,0.18581415116786978,0.9067588794908022,0.9067037225888377,0.9068948463771135,50.71659941886178,24.810100929883898,0.0019817456776660873,0.04451680219497002,0.9537008293644302,0.9305444834425741,0.0020292015539088463,0.1084792823635117,0.1822330720286057,0.3053540903757435,18.22330720286057,10416.885861154838,102.06314643961765,56.17155086548266,13.273958206176747,359.35137939453125,268.20666217803955,344.6581322908402,0.012846130801835942,0.012262178690472303,0.01311676545265339,261.7354900918039,38.179235304684845,1.0132668188045049,1.0066115530851536,0.5127097241276999,0.5149675711646061,-1.6899280990492698,0.2836347955697561,0.5454260080781637,0.9935561731468251,54.54260080781636,0.5984638706504244,37.77162969465985,61.586640106914665,12.687446594238281,179.9886016845703,151.92102432250977,0.014197947948574274,0.11915514235052667,0.06843073975599526,0.031218014657497406,0.9232218265533447,0.26017597019672356,0.4536587190628048,0.9169018107345104,0.9165564148378078,0.9197670126497228,19.780359003532894,19.3125029270699,0.0041120850477208756,0.06412554130548043,0.9657160676762311,0.8543513604981517,-0.022125578057401746,0.06896911464682262,0.29970759601802693,0.2882675654066715,29.970759601802694,219.11133670806885,983,0.3072303235530853,0.3276000841306992,0.01770322339951025,680.75,0.08885259628295898,46233.876913598666,229334,0.8794441223144531,1000
LSTM_Large,0.8180152685028307,0.2865718901157379,0.5353240982019565,0.35250088572502136,0.0028100286565904222,0.05300970341918942,0.034405934019577776,0.01897186040878296,0.3954199254512787,0.1137309379409999,0.18673127796500957,0.9072116336353677,0.9071567445606862,0.9073118209892376,49.7691568980753,24.72554095918395,0.001963444845089882,0.04431077572205075,0.9539532003096061,0.9311336972698763,0.0017418672880221621,0.10821558855924533,0.1817900959046916,0.30461182899656464,18.17900959046916,10063.338030014947,100.3161902686448,54.58261633523058,12.305865287780762,359.35137939453125,264.52108001708984,343.30793268680577,0.04635001229849578,0.04578587945031831,0.04635850303064071,243.794374896289,37.68287935336888,1.0410936416789183,1.0203399637762496,0.5290616289575845,0.5324701635478415,0.2993292082912097,0.27877998192047915,0.5360902648264607,0.9765500436237274,53.60902648264607,0.6130961572371202,36.78083713015803,60.45409428805322,11.852962493896488,179.98019409179688,149.2930564880371,0.011321356427653289,0.10640186289559637,0.059452669804747116,0.023083601146936354,0.8976489305496216,0.22515436261892308,0.4131650710105898,0.9337380146360044,0.9334625980709217,0.9351070107414988,16.301952357481735,15.336267606338676,0.003222753301695758,0.056769298936095364,0.9723579971113185,0.9000613692265218,-0.015293895412044175,0.061587289779688234,0.26762962899635134,0.2574140349009658,26.762962899635134,115.31487393379211,477,0.305563360452652,0.327568358693716,0.026044929512608117,829.51171875,0.08637011051177979,47562.750303992274,845782,3.230989456176758,500
LSTM_XL,0.7684904148664075,0.35916218161582947,0.5993014113247436,0.42850303649902344,0.0034980539560421384,0.05914434847085678,0.04104033343484611,0.026665896177291842,0.3981054723262787,0.12403197539970282,0.19774903096258653,0.8844927395045429,0.8844244110394993,0.884522298343731,55.3087644987841,27.498125853138788,0.002397300946779784,0.048962240009825776,0.9421599645071796,0.9139996893240872,0.0009461332333171766,0.12073903581603432,0.20282808782599981,0.339863591011831,20.282808782599982,12348.361143505557,111.12318004586423,67.34559156140682,25.45812225341797,359.35137939453125,281.83033657073975,343.2315216064453,-0.17018969426592112,-0.17088192144952874,-0.17018302878069846,318.6443365522338,44.689202007950826,1.2026786215482812,1.096667051364397,0.4186437341709489,0.4211761429869578,0.26521153655123536,0.3088127453920573,0.5938428768039637,1.081753065290744,59.384287680396376,0.5205036640901988,45.626052607318535,67.30027577977503,23.71872568130493,179.9852294921875,155.36388397216797,0.017004618746593963,0.13040175898581263,0.07882301752322228,0.0415192618966103,1.0091593265533447,0.2740795791149138,0.5097792661190026,0.9004748410044809,0.9000611667494873,0.9010382322708276,24.658008632585755,23.062531555746297,0.005133673221269984,0.07164965611410835,0.9540172677436958,0.8619960668362153,-0.009811198551973124,0.07547885628957994,0.3279958962005075,0.31547608308003167,32.79958962005075,73.59653401374817,299,0.43104806542396545,0.4552740828520179,0.022246778690647007,1098.06689453125,0.08984549045562744,45722.940340882706,1372118,5.239288330078125,300
LSTM_XXL,0.8169318438033727,0.29358750581741333,0.5418371580257424,0.36538365483283997,0.0029188372810512076,0.054026264733472065,0.03591715062659201,0.021546598523855237,0.3813818395137787,0.11557874083518987,0.18581959307193757,0.9036187256105971,0.9035617111466602,0.9036199155114495,50.27039910649599,25.16718373978738,0.0020214366568658076,0.04496038986558955,0.9522538633476817,0.9283491752401587,0.00018982962855603632,0.11029082712569681,0.18527626479258513,0.3104533368952618,18.527626479258515,10362.288133450242,101.79532471312345,55.75392067736013,13.979194641113281,359.2951248884201,270.96080255508423,345.69540100097663,0.018020072310977797,0.01743918085121332,0.01805110125675069,259.5896555353437,38.0666077195775,1.0502938894516254,1.0248384699315427,0.5130979127827494,0.5166426019503473,-0.5722160524397033,0.28289051555005024,0.5439947673193384,0.9909490035763809,54.39947673193384,0.619554516794204,36.95226416247097,59.94740851855187,13.343969345092773,179.9144287109375,148.17216873168942,0.012366273951606183,0.1112037497191807,0.06535139629035143,0.03171023726463325,0.8561450242996216,0.23608027249574645,0.4344645977020253,0.9276222890053167,0.9273214525537496,0.92794622951136,19.517404860321303,18.17161005950268,0.003661838978089319,0.06051313062542145,0.9670436763023356,0.8888232919608217,-0.007439600890493238,0.06436670723766579,0.27970768058403206,0.26903105953529466,27.97076805840321,91.89194416999817,299,0.31862872838974,0.3436488680306382,0.026309367685919627,2200.58251953125,0.086906099319458,47269.409537061474,5359574,20.450735092163086,300
BiGRU_Small,0.7646416942415306,0.3810156583786011,0.6172646582938319,0.4406491219997406,0.0036624581425712577,0.06051824636067421,0.041670142153532166,0.026905419770628197,0.3858419060707092,0.13026317581534388,0.20396500541828586,0.8790640418804934,0.8789925020625509,0.8791550514305586,54.743237166833225,27.908553670612058,0.0024982857614434173,0.049982854674812414,0.9382415217769068,0.910207502026899,0.0016601682112832752,0.12354375191850317,0.2075396974567519,0.3477584767040289,20.75396974567519,12841.573153441455,113.32066516501504,71.00976572319293,29.561026573181152,359.10137939453125,278.7727737426758,340.4833473205567,-0.21692882056841944,-0.2176486963409041,-0.21691849303884725,285.9460903495532,47.32520428302983,1.2133191790795481,1.1015076845304113,0.39407450077033856,0.39670971777254893,-0.33012221495796057,0.3149195847780708,0.6055862491980207,1.1031449680655843,60.55862491980208,0.47204768190841384,49.191625868694075,70.61899748525086,27.47826385498044,179.9890594482422,158.0429811477661,0.009770765889866919,0.09884718453181618,0.058108176694169074,0.0308838561177254,0.9083911180496216,0.20287550389766693,0.37441694021224964,0.9428133589356845,0.9425756638505761,0.9435864219488319,18.46015141854655,17.83561505990727,0.002951364412988984,0.054326461443655466,0.9733408960223202,0.8613261701875129,-0.011492763165322838,0.057214507641099116,0.24862755786091323,0.2391372849731206,24.862755786091324,213.68111538887024,990,0.4634200632572174,0.4203525795344946,-0.03914606676406718,419.3720703125,0.08880343437194824,46259.47215953238,51926,0.20268630981445312,1000
BiGRU_Medium,0.8194630641521821,0.2792903780937195,0.5284793071575457,0.34324681758880615,0.002729663511930604,0.05224618179284113,0.03378079909504046,0.018521323800086947,0.40846836566925043,0.11454897606745368,0.1816389720886946,0.9098653256068545,0.9098120063269922,0.9100601395227801,50.28402006752562,24.615777575110076,0.0019218140394737587,0.04383849951211559,0.9555637426550021,0.9341339400462437,0.002428950130095378,0.10665691275380625,0.17917169473044706,0.3002243734161927,17.9171694730447,9868.822234473468,99.3419459970131,53.42913384192466,11.184974670410156,358.60137939453125,260.9845881462097,342.24743673801424,0.06478325835190335,0.06423002971358405,0.06512642571255522,223.0102004348579,36.821245625534985,0.9797711886221123,0.9898339197168949,0.5376052018612768,0.5402707602277488,-1.9029593621579468,0.2760725445695961,0.5308838981553776,0.9670660482346055,53.08838981553776,0.6146306110126756,36.12741388695667,60.33409525869259,10.900756835937472,179.99705338478088,150.01796102523804,0.011294832305877384,0.10627714855921466,0.05926961492304531,0.025176558643579552,0.9059497117996216,0.23108057975769022,0.4096180093288421,0.9338932558370159,0.933618484528759,0.9359997975379776,16.365371054608097,15.80132913346799,0.0031822517010169867,0.05641145008787655,0.9730505800700943,0.887886735585626,-0.018971516155867202,0.06151510290470881,0.26731593851511315,0.2571123181860102,26.731593851511313,230.08521366119385,994,0.29220202565193176,0.3243711658091731,0.03443745118477004,1099.22509765625,0.08851611614227295,46409.62774956332,443350,1.698080062866211,1000
BiGRU_Large,0.8129111067067215,0.2897404730319977,0.5382754620377913,0.35728904604911804,0.002846389690270114,0.05335156689611013,0.03498727817647755,0.02028771862387655,0.3842873573303222,0.11547883134335285,0.18990498855710033,0.9060109765151796,0.9059553771902703,0.906178373525415,51.30382695691779,24.90671789213419,0.001990077838854705,0.044610288486566695,0.9536898637722926,0.9310407431221559,0.0022515544737407743,0.10891347885056306,0.18296247360626594,0.30657629309002427,18.296247360626595,10378.555329297891,101.87519486753334,55.32376672849805,12.713756561279297,359.35137939453125,268.6047320365905,347.4106957435608,0.016478515118545145,0.01589671174868701,0.016479134007593377,283.54938050973027,37.52235579103251,1.056230090460242,1.0277305534332635,0.5129898618892795,0.5160450290395729,-0.08081331563314555,0.2831124757355671,0.5444215938576535,0.9917265171817554,54.44215938576535,0.614441738520904,36.61107731963115,60.34887854886624,12.152023315429659,179.9716033935547,149.68738937377935,0.01396237060832139,0.11816247546628916,0.06923026266075243,0.03228532895445825,0.8956958055496216,0.2570246279239656,0.4732238662242887,0.9182806050840812,0.917940940117438,0.9207514103929576,20.428670098814184,19.5154151455347,0.004068323647941708,0.06378341201238538,0.9666033593990591,0.8693228042308676,-0.020546425250925624,0.06839454140730873,0.2972107687753862,0.28586604365667284,29.72107687753862,127.03948545455933,500,0.30903497338294983,0.3349295361427524,0.025894562759802564,1690.91015625,0.087445068359375,46978.063795630624,1667030,6.366024017333984,500
BiGRU_XL,0.805282460348984,0.3094933331012726,0.5563212499098633,0.37793585658073425,0.0030594503759605214,0.05531229859588663,0.036845437822404084,0.02179479226469995,0.3948095738887787,0.11915611615404484,0.18991539999842647,0.8989756201620067,0.8989158590632091,0.8990682253732494,52.77634405921589,25.74063991737553,0.0021292525366564037,0.04614382446933071,0.9501127709373058,0.9266230610589525,0.0016746587521078331,0.11291617498376334,0.18968655581678268,0.3178433259296054,18.96865558167827,11062.758151843698,105.17964704182886,59.37816408840922,16.135040283203125,358.97637939453125,276.6789083480835,345.4414426088333,-0.048359813014726694,-0.04897997157904044,-0.04826517432730637,268.37509844228975,39.91175267276279,1.113995142420361,1.0554596829914258,0.48038643396650293,0.4832909439347442,0.9993345001555702,0.2922955907934675,0.562080604197664,1.023894434507155,56.208060419766404,0.5882072965037598,39.45327461174952,62.36824464618358,15.365432739257812,179.99948120117188,150.34943389892578,0.012188210483910228,0.11040022864066101,0.06781078502082401,0.03739101439714436,0.8900187015533447,0.22736349999904581,0.4100898492336264,0.9286644643811853,0.928367959709909,0.929152627683013,22.54787273187872,21.368620695979914,0.003758289419264069,0.06130488903231184,0.9674931223104647,0.8497110559742416,-0.009132708027458268,0.06390161495299934,0.2776866064948878,0.2670871311366661,27.768660649488776,84.6288001537323,300,0.3409283459186554,0.3656546263411206,0.02472628042246522,2263.431640625,0.08803758621215821,46661.88814059824,2849750,10.879850387573242,300
BiGRU_XXL,0.8312577662214623,0.26501911878585815,0.5148000765208356,0.33005478978157043,0.0026304190688237815,0.05128761126065223,0.03288825211794144,0.01795390993356704,0.3912695348262787,0.1119550131261349,0.183722322434187,0.9131424202105172,0.9130910395000842,0.9131698409657374,48.984666832295176,24.11672729015519,0.001847825633561739,0.0429863424073477,0.9573771091898512,0.9366222950861135,0.0009112726082272457,0.10470005829838555,0.1758843979198984,0.2947161003228071,17.58843979198984,9014.212421397793,94.94320629406715,48.93501515517322,8.145206451416016,359.35137939453125,253.7456817626953,342.73880286216746,0.1457701669997481,0.1452648462689734,0.14618886832664302,216.58571173391303,34.06559028445035,0.9129450328358418,0.9554815711649502,0.5780315549973133,0.5807562107547845,-2.10198056082491,0.26384839040688113,0.5073770093277621,0.9242455480013153,50.73770093277621,0.6482666641104836,33.12463776586664,57.64092783125046,7.931320190429702,179.95697784423828,145.83433151245117,0.011556080495875856,0.10749921160583391,0.061545707302634124,0.027164079248905203,0.8795825242996216,0.23210159838199573,0.41380850315093914,0.9323642143433865,0.9320830876059384,0.933298487324569,17.77501911830753,16.778817653578162,0.0033560397276768375,0.05793133631875617,0.970682161973753,0.8993545167952701,-0.012634379110011555,0.06222245472104908,0.27038975950730554,0.26006880946513655,27.038975950730553,120.9202835559845,300,0.2681277394294739,0.30204097613211134,0.03391323670263746,4535.65625,0.08755135536193848,46921.032610146045,11198422,42.7275390625,300
BiLSTM_Small,0.786569671236066,0.3400874435901642,0.5831701669239985,0.40219369530677795,0.003335107609642905,0.05775039055835818,0.03856307824682105,0.023773975670337642,0.3937109410762787,0.12421107292175287,0.20181484669446972,0.8898732986145044,0.8898081530259612,0.8899502400873178,51.76486105176542,26.48482660303823,0.002290601417729162,0.04786022793227339,0.9439450923176529,0.9194601807625937,0.00152647205386073,0.1178933685853581,0.19804768487606572,0.3318534335900349,19.804768487606573,12042.281673360581,109.73733035462719,65.4743878878311,22.564659118652344,358.97637939453125,279.3600311279297,342.7052825927735,-0.141184141429592,-0.14185921034198334,-0.1409706485886144,303.15051370130845,43.48091790995884,1.1477653097089116,1.0713380930914906,0.4282765830390169,0.4324378333183501,1.500956773262025,0.30496145129054747,0.5864368885383074,1.0682622063096643,58.643688853830746,0.5260681020211466,44.45906486303948,66.90863460298377,21.177310943603516,179.98141479492188,155.7992343902588,0.009607724424286942,0.09801900032282997,0.05637609542682114,0.027507644146680853,0.9162036180496216,0.20185534656047802,0.35022564888000474,0.9437676130725472,0.943533884324927,0.9445801891191079,17.368746750333248,16.81479193182908,0.0029260590131832574,0.05409305882627879,0.9739499824310001,0.8775043529142497,-0.01178281387620709,0.056735139898075264,0.24654444928969302,0.23713368998826972,24.6544449289693,212.68943214416504,995,0.4014773368835449,0.3477773303818204,-0.05488028403483469,457.60791015625,0.08624300956726075,47632.84607775867,64470,0.25055503845214844,1000
BiLSTM_Medium,0.8303996553760126,0.2629697322845459,0.5128057451750574,0.3214019238948822,0.0025740609719250383,0.05073520446322295,0.03158735958433111,0.015884965658187866,0.3835225701332092,0.11196531029418118,0.18457604385912427,0.9150033890409913,0.9149531091890077,0.9151987367078895,48.24472335004686,23.48124685171948,0.001821242082286091,0.04267601296145284,0.9580989463924153,0.9389114684416128,0.0024322752716710036,0.10357235859715883,0.1739899884400159,0.29154178252697965,17.39899884400159,8806.163451474898,93.84116075302404,48.31992229201352,7.827056884765625,359.35137939453125,247.3437614440918,339.61695246696473,0.16548588131010056,0.1649922234348925,0.16549236671191003,219.3627007188339,33.140640299903936,0.8811897815447016,0.9387170934550524,0.5841822185943668,0.5874047147072087,0.2616043558453341,0.26078579168592897,0.5014876719798576,0.913517443013487,50.14876719798576,0.643873951155701,33.2027187355825,57.9997428542552,7.661544799804702,179.9875030517578,146.3604850769043,0.01156335704501273,0.10753305094254849,0.05934979589864568,0.022855855524539906,0.9249926805496216,0.23510000705718956,0.42020473361015254,0.9323216259313452,0.9320403221760476,0.9351306260146264,15.920593567002012,15.419167566379441,0.0032246904451849,0.05678635791442255,0.9733596663288185,0.8957192169802536,-0.021907503292247436,0.06224204153071085,0.27047487464423964,0.26015067570286043,27.047487464423963,231.32613110542297,986,0.26560837030410767,0.2847393307243175,0.019112807528064713,1138.51171875,0.08633503913879395,47582.071439104766,583638,2.2332611083984375,1000
BiLSTM_Large,0.8213849348544517,0.26900747418403625,0.5186593045381874,0.328372597694397,0.002594282922493754,0.05093410372720574,0.03201256190643123,0.016295634210109683,0.3888039588928222,0.11181387398391968,0.18434963673353205,0.9143356514527725,0.9142849765997798,0.9144466433700023,48.16897545512297,23.608408558584166,0.0018297456038218632,0.04277552575739851,0.9578426004194963,0.9374886256704086,0.001833387587653754,0.10397839748301507,0.1746720883942238,0.29268472551062097,17.46720883942238,9273.47334479149,96.29887509618942,50.24787220856055,8.20419692993164,359.22637939453125,254.44042015075684,342.1585258722306,0.12120136332163978,0.1206815088841866,0.12167023695907042,217.0968129179279,34.67547108467273,0.9400798136459286,0.9695771313546585,0.5667938464466904,0.5690611635618439,-2.224356709740197,0.26761581142968616,0.5146217107583133,0.9374426044715273,51.46217107583133,0.6279652610061284,34.25001240435727,59.28105781173535,8.018617153167725,179.99700927734375,149.76870727539062,0.013351847760964437,0.1155501958499614,0.0663625603440166,0.02926014363765715,0.8878833055496216,0.25543153882026653,0.4514118516445155,0.9218538921044543,0.9215290794310499,0.923022337222476,19.09060642754118,17.787347096323725,0.003854739854045316,0.06208655131383379,0.9672903709151559,0.8864316432792617,-0.014129316995596846,0.06688250752615185,0.29064017493871136,0.27954625358882146,29.064017493871134,130.79151272773743,498,0.27355653047561646,0.28752559023107477,0.009833133444877074,1756.51220703125,0.08740770816802979,46998.14336857926,2209750,8.436361312866211,500
BiLSTM_XL,0.8029292377123701,0.305884450674057,0.5530682152086278,0.3741286098957062,0.003019077722795472,0.05494613473935607,0.03643905809391401,0.021039150655269657,0.3824804723262787,0.1182839421089739,0.19019345869310203,0.9003087426994602,0.9002497702109742,0.9003580881606486,52.045317084561894,25.418573070436562,0.0020988174456053952,0.0458128524063433,0.9506575227307619,0.925998585423466,0.0012224531283744676,0.11216867717321659,0.18843084302644428,0.31573922356992623,18.843084302644428,11086.411841179352,105.29203123303944,59.02361014708959,15.154457092285156,359.35137939453125,273.64217376708984,345.8381103992463,-0.05060134961786589,-0.051222834165973063,-0.050270962519224804,307.3113619603952,40.172676794202026,1.110065774261794,1.0535965899061148,0.48718373625934,0.48846075193254157,-1.8671880825635796,0.29260790790509156,0.5626811859249709,1.024988463163301,56.26811859249709,0.5892831979352346,39.00478549022733,62.286715796459646,14.366569519042969,179.9762725830078,150.37995147705078,0.013806007401317787,0.11749896766064707,0.07105387457734393,0.03751295432448383,0.8746997117996216,0.25422047972679135,0.4426498472690576,0.9191957725024157,0.9188599114101275,0.9214842623430559,22.730257308416203,22.681834584116334,0.004199205595809736,0.06480127773284826,0.9662544327578837,0.8569999936202606,-0.019773862230343883,0.068010491294039,0.29554186615443856,0.28426084411607644,29.554186615443854,87.67878413200378,300,0.3364340662956238,0.35210343932614974,0.015669373030525957,2339.36328125,0.08812868595123291,46613.653155718355,3786710,14.4541015625,300
BiLSTM_XXL,0.8253459453838731,0.27012690901756287,0.5197373461832071,0.3366324007511139,0.0026536024005828795,0.0515131284293905,0.03307131019838456,0.01796808093786241,0.3871191442012787,0.112598842009902,0.18251323364675054,0.91237689652955,0.912325062972622,0.9124794312814376,49.544078596472026,24.068413818021842,0.0018681141111854458,0.04322168565876909,0.9571843857510983,0.9364377173315344,0.001762155186859613,0.10516043576837894,0.17665778062322898,0.2960119988622927,17.665778062322897,9311.664367389598,96.49696558643488,50.48158475383287,9.302050590515137,359.38697427511215,256.59439754486084,341.74009552001957,0.11758219956878113,0.11706020421046359,0.11760194904031351,246.84358718222916,34.847446538882,0.9503235042519562,0.9748453745348317,0.5632403588079918,0.5665346706917941,-0.45651417405878514,0.2681663074477403,0.5156803074124616,0.939370959968009,51.56803074124616,0.6445675325356712,33.942013162753966,57.94323596936224,9.046611785888672,179.95431518554688,145.14113807678223,0.013823497299246947,0.11757336985579238,0.06859231986442786,0.031200390309095348,0.8444262742996216,0.2629690289497374,0.453779206275939,0.9190934070863981,0.9187571205143855,0.9210604203130303,19.931528591956305,18.835356562537044,0.004030089895943778,0.06348298902811507,0.9663607988947203,0.8764366140215477,-0.018332455932056575,0.06805355660725776,0.2957290079143792,0.28444084255535784,29.572900791437924,133.84411692619324,299,0.2806724011898041,0.30397690137100397,0.026415421030983488,4726.96533203125,0.08706867694854736,47181.14646932782,14907350,56.87600898742676,300
CNN_RNN_Small,0.6486140075518235,0.5337128639221191,0.730556543959548,0.5608754754066467,0.005323844136695002,0.07296467732194122,0.052970502112114674,0.037082344293594346,0.3817632496356964,0.15593670913949612,0.22059805989265455,0.8242043549750683,0.8241003628404234,0.8242917114695156,64.73686858525626,32.75134038553927,0.003560688430759427,0.059671504344698964,0.908400339981565,0.8811733953825225,0.0016265080199252188,0.1489522670592981,0.25022316354271346,0.41927991249871693,25.022316354271343,16557.47119671464,128.67583765693792,91.312659344293,56.12710189819336,358.6445428133011,287.6902542114258,334.6216791868211,-0.5690650712536458,-0.5699932536675687,-0.5690560699065501,361.5703043612165,58.956340847419,1.49006542762082,1.2206823614768996,0.21212664428081485,0.21574225901731273,-0.30819832994945173,0.35759180646253097,0.6876443742684248,1.2526232758709404,68.76443742684249,0.2636317586290642,64.64118844644324,83.40108916248477,50.262367248535156,179.9800415039063,164.73484706878662,0.024260753815624606,0.15575863961791847,0.084284085193658,0.03657823801040655,1.4555704593658447,0.29967093467712386,0.7117403447628,0.8580059090513381,0.8574157135632874,0.8600283114594437,24.138448400255,23.006772252470615,0.007757853467711181,0.0880786777132308,0.9289623842701763,0.8315298604170556,-0.018588776101685574,0.09015586957581159,0.3917753486592869,0.3768210330497249,39.17753486592869,212.15317606925964,987,0.7349992990493774,0.669140216392465,-0.06419742529497963,233.923828125,0.08570747375488282,47930.475838648366,13590,0.0589447021484375,1000
CNN_RNN_Medium,0.7221086968688013,0.4353494346141815,0.6598101504328208,0.48890745639801025,0.0043931772048152636,0.06628104710107757,0.04730724402948062,0.03206230700016025,0.41442418098449707,0.14005145616829393,0.21101433867588662,0.85493538116449,0.8548495680069911,0.8550670631053541,62.09814989399265,30.420918444018447,0.002985230317196739,0.05463726125270866,0.9262022344286045,0.8971678962709367,0.001996970823129764,0.13530810511514177,0.22730249618424522,0.38087349453002123,22.730249618424523,13903.15707510312,117.91164944611333,77.26767992150178,37.2036714553833,359.35137939453125,280.81370544433594,339.11209497451785,-0.3175295845313544,-0.3183089708121336,-0.31729031101924754,308.3052522017618,51.11261646885376,1.3423858570842049,1.1586137652747808,0.3448253455929793,0.34783799708443636,1.588999786635864,0.32767798909400725,0.6301204940938556,1.147836915476826,63.01204940938556,0.41206605591282885,54.07454870397862,74.52268001618556,34.26887512207031,179.99899291992188,159.16985607147217,0.017201136890384033,0.1311531047683738,0.07445338833895752,0.03315977379679685,0.9574015140533447,0.27497223615646316,0.5262062323093398,0.8993246535290853,0.8989061985437539,0.9019522152058865,21.218410863720557,20.296761806043833,0.00506041909529796,0.0711366227431269,0.955085775878275,0.8581759227301593,-0.021188170991895988,0.07591374858541075,0.3298857352274062,0.317293785742669,32.988573522740616,214.02064657211304,960,0.5601608157157898,0.5402594262192647,-0.020263277650652167,441.20263671875,0.08616461753845214,47676.18214247569,41046,0.16407203674316406,1000
CNN_RNN_Large,0.7410618116572728,0.4230133891105652,0.6503947948058665,0.48059946298599243,0.004167628036442249,0.06455716874555643,0.045893620036033034,0.03113403916358945,0.3722921013832092,0.13746739644557246,0.205584577145055,0.8623831126383843,0.8623017051957944,0.8624850691794573,59.864614997338926,29.518008653796034,0.0028218144176016756,0.05312075317238711,0.9301958604247478,0.9033994146311249,0.0017571796167972279,0.1317889284585198,0.22139067266204898,0.3709675017594072,22.1390672662049,14077.439984199622,118.64838803877456,76.68966016591804,35.57711410522461,359.22637939453125,288.4390239715576,340.2136308670044,-0.33404546560587844,-0.3348346218768541,-0.3338611726827603,335.43199489044446,50.46284360090804,1.3396611090350738,1.157437302420772,0.33374212831052996,0.33747727255395804,1.3945396154458773,0.32972539511084453,0.634057629128489,1.1550088595356653,63.4057629128489,0.44608877804512703,52.119690398258776,72.33429938723597,32.74300765991211,179.99652099609375,156.66163635253906,0.014571829658578127,0.12071383374981563,0.06956576478432686,0.03259473294019695,0.9513126611709597,0.2631276845932007,0.47360643386840734,0.9147135442883072,0.9143590529075984,0.9163387335499072,20.46313381585681,19.555921131076285,0.004225467412040403,0.06500359537779739,0.9619434519082112,0.8567397528651856,-0.016663605738122863,0.06987131293802462,0.30362812888802776,0.2920384490297345,30.362812888802775,111.05223870277405,488,0.543122410774231,0.5102762928994807,-0.032248945634042014,849.068359375,0.0860088586807251,47762.52194264517,142038,0.5500335693359375,500
CNN_RNN_XL,0.7360352877453061,0.4321170747280121,0.6573561247360612,0.4898968040943146,0.004278703187738455,0.0654117970074088,0.04685527802219451,0.03231386467814444,0.3924159109592438,0.1377091109752655,0.2071483287960291,0.8587153629133744,0.8586317858088273,0.8587631186276102,60.37401242765827,29.9209924499795,0.0028887997613511606,0.053747555863975435,0.9284013392036562,0.8993736811345872,0.0012026002298559468,0.13353359206518772,0.22432151255859445,0.37587848712931904,22.432151255859445,14186.049831822405,119.10520488972094,77.57068520487712,37.33543014526367,359.8184868246317,287.1400852203369,340.9226346015931,-0.34433785363267466,-0.34513309837871664,-0.3442590065482014,377.1997164954835,50.99216814878657,1.3601036501705972,1.1662348177663866,0.3250093053055778,0.3295205022655323,0.9121564769481851,0.3309948950101804,0.6364988608573376,1.1594558437614924,63.64988608573376,0.42835394990985054,53.16436408701411,73.48315609302392,33.86158752441405,179.96823120117188,158.48031091690063,0.013491496709977529,0.11615290228822321,0.06593067745543008,0.0281970165669918,0.9666788578033447,0.24681965112686138,0.4770805144309988,0.9210365504126937,0.9207083404755337,0.9224563856045608,18.68543705423639,17.898721368679997,0.0039661840246820795,0.06297764702402019,0.9636976127412026,0.8792331332661877,-0.015575284122905604,0.06723136472709894,0.292156145581293,0.28100435866247037,29.215614558129296,74.4486014842987,292,0.5601418018341064,0.5649356669098844,0.006029882823279209,977.5771484375,0.08798339366912841,46690.62909131015,273622,1.0530109405517578,300
CNN_RNN_XXL,0.7773152093020838,0.3543446362018585,0.5952685412499626,0.4225143492221832,0.0034515757022278385,0.05875011235927841,0.040544887112785484,0.025724887847900398,0.3885274529457092,0.12535622157156465,0.19803076321259155,0.8860274716265072,0.8859600510341783,0.8860734978195937,54.619378073758405,27.22548193404427,0.002368225221379653,0.048664414322784705,0.9429516294183007,0.9165364522220648,0.0011806227229867535,0.11993423046731551,0.20147610477553476,0.3375981759036811,20.147610477553478,12039.38973507055,109.72415292482576,65.98226352457135,23.9109344482422,359.35137939453125,276.86694622039795,342.96504516601567,-0.14091008754145884,-0.14158499433692828,-0.1409098667626163,311.034373816605,44.237574724766894,1.1841353646795858,1.0881798402284366,0.4317120944186187,0.4352698693535618,0.04826754975962041,0.3049248310437861,0.5863664682819852,1.0681339277176147,58.63664682819853,0.5268665612708991,44.954022956276226,66.85224850731876,22.35851287841797,179.99273681640625,153.40792274475098,0.013830641205822655,0.11760374656371562,0.06815211270947623,0.03319113701581955,0.8953897953033447,0.24631065726280207,0.4777920246124263,0.9190515950088449,0.918715134645801,0.9207039755372637,20.580736348971314,19.611157047650288,0.004046546022686519,0.0636124675098091,0.9646844889222546,0.853609463865882,-0.016802428031799075,0.06807113918581897,0.29580541359798657,0.2845143317851583,29.580541359798655,92.74375128746033,298,0.42243245244026184,0.4244780052703718,0.004278107755186111,1281.203125,0.08651876449584961,47481.029392150704,1053654,4.03009033203125,300
CNN_LSTM_Small,0.6893603940771843,0.49330487847328186,0.702356660446302,0.5332344770431519,0.00496085526333151,0.0704333391465399,0.05060742338731966,0.03512059152126315,0.3906591832637787,0.15148727176710963,0.2181377843022349,0.8361904051845364,0.8360935034129495,0.8362685243683954,62.707029089578946,31.82475739374022,0.003329764211220428,0.057704109136355514,0.9151056394261715,0.8875828581323673,0.0015381102234883048,0.14378471785934582,0.24154225835004584,0.4047339803073911,24.154225835004585,15516.27532435651,124.5643421062244,86.33543429865351,49.78792190551758,357.85137939453125,281.98935317993164,333.92581939697266,-0.47039637624333697,-0.47126619106678125,-0.47039448783251325,327.64160997801713,56.16571053560877,1.4163564615345827,1.1901077520689387,0.26666649137812404,0.26946569935862413,0.14116426369353952,0.34616590749024606,0.6656725197481107,1.212599017088228,66.56725197481107,0.3158559728164072,61.18586737265281,80.38924823007275,45.31289672851565,179.99604034423828,162.48033905029297,0.014346082502675502,0.11977513307308617,0.06703617734908912,0.03131376951932906,1.6035807132720947,0.2515835940837859,0.45184208989143304,0.9160348042306093,0.9156858046393919,0.9172191315049942,20.062371493464298,19.525667029181218,0.004501634791584108,0.06709422323556707,0.9598486967723414,0.8489652388984686,-0.01422501965258141,0.06932797629878877,0.3012670413373499,0.2897674857008472,30.126704133734982,281.4394016265869,984,0.6749581694602966,0.6214295991089112,-0.05456004825641558,331.2802734375,0.08577194213867187,47894.45006804658,32406,0.13074684143066406,1000
CNN_LSTM_Medium,0.755268740834628,0.3985929787158966,0.6313422041301346,0.46106094121932983,0.003922842359804701,0.06263259822013374,0.04411613816780938,0.02941359579563141,0.3906026482582092,0.1327223852276802,0.2024369513615967,0.8704660419677308,0.8703894159921393,0.8706780764038211,58.38147566182334,28.894441803712567,0.0026764005109221173,0.05173393964238677,0.9345263625673532,0.9080246268739176,0.0025340303371737547,0.12786005282445995,0.21479060064079558,0.3599082633564686,21.479060064079558,13357.893641644408,115.57635416314363,73.55029559195702,32.541664123535156,358.8945428133011,285.978479385376,340.7564218521118,-0.26585781666853836,-0.2666066364501294,-0.2658115825653804,311.8146198028936,49.12177071058015,1.272199120717629,1.1279180469864063,0.3743361878705416,0.3762064350882018,0.6984860639392696,0.3211881734917419,0.6176406634369839,1.1251034693167283,61.764066343698396,0.46811565089564733,50.40110439173504,70.88148425057487,30.259719848632812,179.9926300048828,156.5550718307495,0.012434234117857237,0.11150889703452921,0.0641924865741533,0.02842790260910992,0.9269458055496216,0.25780079960823066,0.4293256103992464,0.9272245296405057,0.9269220399104051,0.9294711966215983,18.162651163179248,17.19252279349512,0.0035611237404094467,0.05967515178371519,0.9701129199623073,0.8652266621044622,-0.01959234234961264,0.06454333192847879,0.2804752090893937,0.2697692909867508,28.047520908939372,316.62159037590027,1000,0.4991667866706848,0.4756576718940568,-0.023509114776628037,636.1025390625,0.08734328746795654,47032.80720349682,115542,0.4482765197753906,1000
CNN_LSTM_Large,0.7601146499576505,0.3873547613620758,0.6223783104849299,0.4527854919433594,0.0037142146976683263,0.060944357389903836,0.042762730947967335,0.02798895537853241,0.3819398581981659,0.12964623793959615,0.19772514700889587,0.8773550179583156,0.8772824671651251,0.8774457040937387,56.0506819275739,28.355838614607876,0.0025348076543209104,0.05034687333212372,0.9381551356182241,0.9116926866062853,0.0016572157707776098,0.1244136276741743,0.20900099151940948,0.35020705595645035,20.900099151940946,13194.954448020802,114.8692928855262,72.31497175751042,30.937927246093736,359.27455246448517,284.88308811187744,341.3509191036225,-0.2504169202650004,-0.2511566059649275,-0.25034892202382353,299.191964425035,48.124423493174234,1.2668186882225239,1.1255304030644946,0.3808435956462091,0.3834933156686694,0.8470818306294684,0.31922324111479466,0.6138621241348894,1.1182204256160768,61.38621241348894,0.4789409096118806,49.334346371124155,70.15646305880699,28.547321319580078,179.98566436767578,156.09930801391602,0.012976964185001723,0.11391647898790465,0.06499618442117906,0.030415922403335613,1.1842081546783447,0.2441553890705107,0.44977945804595953,0.9240480223027554,0.9237323294859209,0.9260909165621106,18.43073871502458,17.72999698316075,0.0037342043185777996,0.06110813627151297,0.9675765409719086,0.8633580408193288,-0.01868271348615262,0.06593688316335118,0.28653093262115575,0.2755938636785018,28.653093262115576,164.55912280082703,500,0.48219698667526245,0.4616333119653517,-0.020563674709910773,739.2119140625,0.086212420463562,47649.746729199665,438486,1.680917739868164,500
CNN_LSTM_XL,0.7415651491380367,0.41497117280960083,0.6441825617087138,0.4767456352710724,0.004080464995445092,0.06387851748001899,0.04538882365143233,0.031066302210092545,0.3950537145137787,0.1352711804211139,0.2058893300592901,0.8652612740985998,0.8651815692360372,0.8652660578684422,57.964426075048756,29.3341560996123,0.0027535230685360604,0.05247402279734288,0.9318120598048864,0.9050811158148849,0.00038062187861553253,0.1304035095372733,0.21906332369213888,0.3670677402079898,21.906332369213885,13986.381661966208,118.26403367874025,76.48164470742888,35.44011306762695,358.88697427511215,287.2160700559616,340.67780160903936,-0.32541634397456565,-0.32620039567780057,-0.32540603535563317,308.93335054439734,50.85148688148696,1.3352850715526317,1.1555453567699676,0.3465866175373288,0.34988224327203377,0.3298198346699975,0.3286572694049692,0.6320036373440502,1.1512672773837382,63.20036373440502,0.436680543263783,52.411476608674874,72.94601528812088,32.56658554077148,179.9867401123047,159.32924461364746,0.013198120794641149,0.11488307444807154,0.06584166260862391,0.03271260112524031,1.2576944828033447,0.23553520739078512,0.44462265014648406,0.9227536300517275,0.9224325571204022,0.9232669147850582,20.621390178404887,19.149378234195474,0.003982196280037048,0.06310464547113032,0.9644718419679639,0.8593535159637907,-0.009364749896208552,0.066496365799134,0.2889621831402172,0.2779323118103983,28.896218314021716,102.96250939369202,300,0.5406627655029297,0.5380477606134634,-0.0026150048894663103,1031.51220703125,0.08628849983215332,47607.734611110405,964822,3.68975830078125,300
CNN_LSTM_XXL,0.7952481305766259,0.32633861899375916,0.5712605526322986,0.39857017993927,0.0031294985693560884,0.055941921394926084,0.03807497025663203,0.02343225479125971,0.3769873082637787,0.1188228456303478,0.18983025923371322,0.8966625984009208,0.8966014690311949,0.8967849522619364,52.6237042364204,26.130908324350393,0.002163178518690017,0.04650998300031959,0.9486995340264555,0.92411259258498,0.0019249411179733773,0.11420150573216571,0.19184576784096707,0.32146135319673996,19.18457678409671,11656.568079747367,107.96558747928604,63.12676304006851,21.04142761230466,358.72637939453125,279.78523993492126,342.89151153564455,-0.10463207861420831,-0.10528552510792544,-0.10459800929346419,305.81669933390674,42.808508234275045,1.155668227958309,1.0750201058390996,0.4572674041001881,0.4592945123280991,0.5995953611362131,0.300037755071297,0.576968685004038,1.0510147851549037,57.696868500403795,0.5690007967870454,42.05635927986581,63.80613392201719,19.94673180580139,179.99604034423828,151.0845375061035,0.013654760244831211,0.11685358464690422,0.06869434780498355,0.0331078097224236,1.0653116703033447,0.24927095472812633,0.44596434712409966,0.9200809965419116,0.9197488148649464,0.9217121941888711,20.68483257683181,19.679007624299803,0.003996928935107712,0.06322126964169347,0.966430189807753,0.876224392426103,-0.01669438030686818,0.06763693213253004,0.2939185523154879,0.28269949320451293,29.391855231548792,119.14917016029358,300,0.3835059702396393,0.3775339105771816,-0.005972059662457674,2070.8046875,0.08762109279632568,46883.6882638408,3812310,14.553556442260742,300
CNN_GRU_Small,0.6831333095617235,0.5062604546546936,0.7115198202823964,0.5413467288017273,0.005007542661809897,0.07076399269268162,0.05086114637383724,0.03516177833080289,0.4165651798248291,0.15041516721248632,0.22027790695428853,0.8346487670149525,0.8345509532853699,0.8346818303144052,62.60042050325143,31.87627121081244,0.0033521706256939552,0.05789793282746764,0.9141234876793294,0.8868212385577764,0.0010006488610480627,0.14445972386384978,0.24267619300704618,0.4066340283166763,24.26761930070462,15949.485585352324,126.29127279963697,88.44144450214668,52.924064636230455,358.09796142578125,287.2509765625,335.39125823974615,-0.5114494501675773,-0.512343549988471,-0.5113624216761001,361.758192074439,57.32220805254292,1.4715673827876516,1.213081770857864,0.24347456481165922,0.24654454279542615,0.9583127240955193,0.35096507008003547,0.6749012467391302,1.2294102041904391,67.49012467391302,0.30370693764477774,62.4072932569956,81.09988370582248,47.22319030761719,179.9369201660156,162.45556950569153,0.01519876050459683,0.12328325313925176,0.06721981814604511,0.03069294989109035,1.4802286624908447,0.24283131361007687,0.49065213084220743,0.91104422402544,0.910674481191316,0.9127101226650159,19.355535750564073,18.748757114210434,0.0046428170410726,0.06813822011964063,0.9568035447009495,0.8490065773262235,-0.016871018294415462,0.07135853855791836,0.3100909175950785,0.29825454895870396,31.00909175950785,314.1305613517761,975,0.689132034778595,0.6457059658786508,-0.04464561322169347,314.16259765625,0.08639304637908936,47550.123212165185,26134,0.1067962646484375,1000
CNN_GRU_Medium,0.7336590421880863,0.42453110218048096,0.6515605130611285,0.4826035797595978,0.004194320269375512,0.06476357208628561,0.04629034259438044,0.03166029229760175,0.4206319451332092,0.13698862539604312,0.20687917503528352,0.8615017235170694,0.8614197946876376,0.8616710169832746,60.650114803835585,29.899557485263134,0.002850361177281728,0.05338877388816612,0.9298704652277597,0.9001050830846022,0.002264272586837295,0.13221028639031154,0.22209850690155583,0.3721535657264762,22.209850690155584,14177.136488528417,119.06778106829914,77.56631621965222,36.63919115066528,359.2951248884201,287.6679048538208,341.71526086330414,-0.3434931826400738,-0.3442879277199291,-0.3434311243354602,303.175932713089,51.51828764509171,1.351607417389125,1.1625865203885366,0.33529276593816726,0.3382961441640275,-0.8092383951666918,0.3308908937295155,0.6362988677527042,1.1590915333312004,63.629886775270414,0.42709805202689666,53.217707788144466,73.56383250745998,33.781877517700195,179.99270629882812,158.0600643157959,0.014970985773894937,0.12235597972267206,0.06783535231282062,0.028792183846235248,1.1566202640533447,0.2606201380491252,0.4954764401912686,0.912377351020293,0.9120131493008174,0.9149377204742223,18.592477513082333,17.730465766506896,0.0042945320608284085,0.06553267933503412,0.9625283422398889,0.8599571804619142,-0.02091550371158927,0.0708218162200028,0.3077585727121613,0.29601123117156714,30.77585727121613,317.6957657337189,978,0.5432180166244507,0.5321226636136984,-0.010704822960974969,601.58056640625,0.08689749240875244,47274.09141654629,90710,0.35352516174316406,1000
CNN_GRU_Large,0.7465761348184586,0.40123605728149414,0.6334319673662627,0.4642716944217682,0.0038599015241962023,0.06212810575090957,0.04385135315230645,0.029329471290111486,0.4034200310707092,0.1307774968445301,0.20118688307702556,0.8725443756886487,0.8724689791539806,0.872697205325394,58.16733657950446,28.7178662848524,0.002634885358081133,0.051331134393086744,0.9358373738603918,0.9078601551987228,0.0021513565868374837,0.12683016686095844,0.21306050730980255,0.35700927762643825,21.306050730980253,13140.544378520184,114.63221352883396,72.68545064293362,31.893165588378892,358.22296142578125,282.68140506744385,339.9322586059571,-0.24526076214377457,-0.2459973977118881,-0.24523812217480723,298.8097413707184,48.60779532642424,1.2727371042517728,1.128156506984635,0.3806340826248528,0.38409601543034155,0.4887811404355334,0.3185643945358388,0.6125951707670065,1.1159125244138872,61.25951707670066,0.47254820011107257,50.02370210799173,70.58551484505236,29.837478637695284,179.92676162719727,156.61346817016602,0.018002257734067675,0.13417249246424423,0.07716986701208028,0.037081893533468205,1.2679483890533447,0.28716863393783565,0.5454142236709594,0.8946358286556544,0.8941978846671815,0.8976959087403077,22.307267380757686,21.49852344314043,0.0052728566867530765,0.07261443855565555,0.9542626347328476,0.866328571150781,-0.022865642327361848,0.07766142386028128,0.33748031662712147,0.324598477113411,33.748031662712144,163.4811179637909,497,0.5015020370483398,0.49390233428999425,-0.009284533595874833,721.705078125,0.0864490032196045,47519.34489706652,339670,1.3039398193359375,500
CNN_GRU_XL,0.732328720743662,0.42663857340812683,0.6531757599667388,0.4878745377063751,0.004137308137117277,0.06432191024151317,0.04605592845750348,0.031967241317033795,0.3797383904457092,0.1357116643339396,0.20374838598072548,0.8633842888790983,0.8633034736835713,0.8634085743076843,59.432963272448326,29.69846539698302,0.002800602325451626,0.05292071735579201,0.9309137818246687,0.9026798025499067,0.0008575935307323068,0.131308664736286,0.22058388327720332,0.36961562618604427,22.058388327720333,13638.304100906738,116.78314990145941,76.02683530848576,36.748535156250014,359.22637939453125,282.43610858917236,339.98482079505925,-0.292430851404061,-0.29319539049773025,-0.2923185297083368,291.813226424556,50.418572994556044,1.2935005222254363,1.1373216441382958,0.35581253507576577,0.3590333978946101,1.0887003246757516,0.32454187435706017,0.6240897864071906,1.1368512881657218,62.40897864071906,0.42653402767652815,53.18978289697883,73.60003554866157,33.90235900878906,179.9746704101563,159.57402032613757,0.015878154524337856,0.12600854940970416,0.07435009903941002,0.03729406744241716,1.0780069828033447,0.26536299586296064,0.49124137759208636,0.9070678456753595,0.906681575107262,0.9089846772190122,22.757863950721486,21.232486642048862,0.004887398933430533,0.06990993444018191,0.9582534399975164,0.8492881900855427,-0.018097099882551416,0.07293598848761129,0.3169457790600699,0.3048477559777019,31.694577906006987,104.35276627540588,298,0.5520907044410706,0.5562094465107167,0.003726020762371718,996.25048828125,0.08668878078460693,47387.90836390959,734422,2.810823440551758,300
CNN_GRU_XXL,0.7955295961794681,0.3371199369430542,0.5806203035918174,0.41019341349601746,0.003266487298085707,0.057153191495188674,0.03934669723048431,0.02516549825668335,0.4084249138832092,0.12196313217282292,0.19360739737749103,0.8921391710972961,0.8920753658884665,0.8922490707708246,53.652549664267944,26.725838311383914,0.002251688012482353,0.047451954780412926,0.946401932675492,0.9205484383552986,0.0018243443301562694,0.11667422861777768,0.1959996659669753,0.3284217241637708,19.59996659669753,11439.238504413534,106.95437580769443,62.91778627410842,21.297473907470703,359.35137939453125,275.85265254974365,341.95693693161013,-0.08403688979851709,-0.084678153182419,-0.08403440634045589,273.48369205824747,43.1237947316024,1.1408822647353154,1.0681209036131234,0.46513349317565866,0.468168829616881,-0.1618843783672,0.2972275848408571,0.571564764347089,1.0411709224707137,57.1564764347089,0.5596676320070644,42.69596790816334,64.4932856402378,20.199844360351562,179.9825439453125,152.52005195617676,0.011142986198633784,0.1055603438732263,0.05876375601591566,0.025171201676130253,0.9137622117996216,0.2298966526985163,0.4311108314990992,0.9347819854340436,0.9345109081118868,0.9359817439276988,16.81349604908376,15.805310600756018,0.0031844129886671206,0.056430603298805164,0.972203836524457,0.8935642131411059,-0.014317392342576063,0.06110020360962109,0.26551297974208726,0.25537817950239305,26.551297974208726,124.8121030330658,293,0.3975215256214142,0.40978364818714863,0.010819011169144688,1990.91015625,0.0866286039352417,47420.82653289544,2892758,11.04571533203125,300
CNN_BiLSTM_Small,0.7072971421875217,0.4768506586551666,0.6905437413047537,0.5198333263397217,0.004621211803360416,0.06797949546267916,0.04868738453639372,0.0337448380887509,0.3761983513832092,0.14555947552435103,0.21536148563027388,0.8474055797071294,0.8473153122861197,0.8474324183034825,59.47867330240874,30.698629028470037,0.0030962568897658833,0.05564401935307948,0.9211571636955058,0.8921583896124814,0.0009015472842250391,0.1387753682242137,0.23312711074779224,0.390633357885461,23.312711074779227,14752.187473965907,121.45858336884186,82.90465136371436,46.26807403564453,358.53546142578125,282.7336395382881,335.7852716684342,-0.39798776123363266,-0.3988147426499098,-0.39793368291304265,312.6269687531738,54.03302692427728,1.3703630750382947,1.1706250787670212,0.2938631650596334,0.29731387373876794,0.7554193843088226,0.3375349640469373,0.6490753282125096,1.182365324776413,64.90753282125097,0.3522173068757404,58.9234686879943,78.22379248481045,42.364044189453125,179.9688110351563,160.93918704986572,0.013281002066230382,0.11524323002341778,0.06442564090998605,0.031184367835521698,1.4106485843658447,0.2348578810691832,0.45523100733757005,0.9222685399796952,0.9219454507815668,0.9231698493082661,19.51736753728204,18.65494078006466,0.004019703398192604,0.06340113089048652,0.9632508028555504,0.8530563314790175,-0.012409490262935348,0.06670483024873093,0.2898680723830161,0.27880362268145814,28.98680723830161,379.2769730091095,980,0.643332839012146,0.5967247258372843,-0.04480543091139044,491.8359375,0.17045555114746094,24100.12447436325,61590,0.24324607849121094,1000
CNN_BiLSTM_Medium,0.756532886109711,0.3953506052494049,0.6287691191919375,0.45793575048446655,0.0038217093904169656,0.06181997565849542,0.04347268294759114,0.02861580997705459,0.4021993279457092,0.13145247194916015,0.20008642785251163,0.8738054965291937,0.873730846012143,0.8739585753978143,56.9866530946031,28.589510882649204,0.002603244513492069,0.051022000289013256,0.9362637392333978,0.9092880970992291,0.0021531100694252635,0.12620114090622464,0.21200381399823778,0.3552386570614272,21.200381399823776,13378.33179482272,115.66473877039068,73.02473786778957,31.80626392364502,358.97637939453125,287.5891070961952,342.07321629524233,-0.2677946337037014,-0.2685445992118425,-0.2677784433183983,305.8101339772158,48.773441913675356,1.2970078467511807,1.1388625232007508,0.3690894565513389,0.3729577666945758,-0.4133377955361849,0.32143379545111256,0.618112991257436,1.1259638687381142,61.81129912574361,0.4784648858480999,49.547221310201984,70.18850215021824,29.252731323242188,179.99593353271484,155.78084564208984,0.01412508317244573,0.11884899314864106,0.0685593055056983,0.03243706002831455,1.2330362796783447,0.2585894107818597,0.48734013676643384,0.9173282759518395,0.9169846526489499,0.9199949650527011,20.06418760563943,19.486459780980358,0.004127318632295601,0.06424421088546112,0.9650457048326715,0.8565325689965113,-0.02134534617670117,0.06879191004627112,0.2989375474954877,0.287526910128705,29.89375474954877,405.60192584991455,984,0.49597132205963135,0.4797045226954598,-0.017644327145571292,949.1513671875,0.1693732976913452,24254.11830550852,223062,0.8596076965332031,1000
CNN_BiLSTM_Large,0.7664925241962616,0.3777028024196625,0.6145753024810405,0.4439598619937897,0.0037094542184179344,0.06090528891991183,0.042461601088940475,0.027382969856262207,0.3881612420082092,0.13046851009130472,0.1987381294369698,0.8775122110501798,0.8774397532447603,0.8776641071612522,56.78582160233123,28.131398405533464,0.002536649770375684,0.05036516425442971,0.9383859514398604,0.9134168752166387,0.0021447759820051497,0.12433387213506363,0.20886701112622497,0.3499825552078562,20.8867011126225,13052.162898436358,114.24606294501513,70.92734106498517,29.26213836669922,359.35137939453125,286.70956230163574,343.6054016947746,-0.23688531086273912,-0.23761699192212626,-0.23688016741795348,313.2718612308168,47.481189298002974,1.2663306895927524,1.125313596111214,0.3869659323474611,0.39011274378974975,-0.23297191405608333,0.317491277100983,0.6105315799529221,1.1121534565260043,61.05315799529221,0.4995441995328007,47.80275087222578,68.75543926878059,27.319503784179673,179.9978790283203,155.45158195495605,0.013254925450101197,0.11513003713237131,0.06649918914722694,0.032572563737630844,1.3731729984283447,0.24981363713741264,0.4485988533496855,0.9224211620058045,0.9220987071779557,0.9242057912169206,19.844019415039384,19.00710816874059,0.0038865223442543563,0.062341978988915296,0.966643940226335,0.8670566367422375,-0.017461880356864114,0.0666393121911315,0.2895833614709006,0.2785297793669387,28.95833614709006,210.5549988746643,492,0.4684309661388397,0.44479730387439853,-0.021335697644067175,1379.69970703125,0.169469952583313,24240.285297657527,850134,3.252401351928711,500
CNN_BiLSTM_XL,0.7867189329678014,0.3505518436431885,0.5920741876177246,0.42178216576576233,0.0033668120054974374,0.05802423636289785,0.04027953443317851,0.026121810078620952,0.3903585076332092,0.12283670273609465,0.19293962568044665,0.8888264056972309,0.8887606408178674,0.8888797918897329,54.19898072869266,27.262284367320767,0.0023125454080499433,0.04808893228228241,0.9444247827351053,0.9176569911948533,0.0012715196736117868,0.11845240557295257,0.19898680454396306,0.33342704494802017,19.898680454396306,12184.08262287223,110.38153207340542,66.20466798500142,24.299537658691406,358.95031476020813,282.4035464525223,343.4143600463867,-0.15462187683652284,-0.15530489485817456,-0.1544946025070617,324.96742970142185,44.08625704982392,1.1721037936214045,1.0826374248202417,0.4255984084597708,0.42825122305191093,1.158902595631416,0.30675169614567205,0.5898795060170677,1.0745333297932282,58.987950601706785,0.5441603739864673,44.32073182408075,65.61909481957814,22.67709732055664,179.99179077148438,152.33963775634766,0.012443547631472965,0.11155065052016938,0.06464903857450145,0.030952423810958862,0.9201098680496216,0.2359401524066924,0.43723477244376974,0.9271700192197062,0.9268673029181744,0.9281367070480675,19.50856211823447,18.395218632680923,0.0037250001854020275,0.06103277959754109,0.9676763565159348,0.8855186720765803,-0.012851686849863674,0.06456749958823073,0.2805802304637107,0.26987030362804604,28.058023046371073,136.3676872253418,300,0.41632166504859924,0.4248143606387407,0.00849269559014143,1961.4814453125,0.16897687911987305,24311.018296685215,2427094,9.270282745361328,300
CNN_BiLSTM_XXL,0.8136691206471126,0.2929379642009735,0.5412374379151663,0.36336636543273926,0.002808719960036345,0.0529973580477022,0.0350768993135025,0.020634382963180594,0.3790059685707092,0.1144664066378028,0.1874094139784578,0.9072548473638238,0.9071999838522775,0.9073141128579769,50.28886814113036,24.97285281419657,0.001961185517871902,0.04428527427793467,0.9541472101660617,0.9319202894923974,0.0013397061933178988,0.10819038634992702,0.18174775900933315,0.30454088828296305,18.174775900933316,10045.30544864242,100.22627124981963,55.17524619100312,14.358063220977783,358.85137939453125,266.14615631103516,341.0907623291016,0.04805886585711061,0.047495743883402275,0.0480844075884741,243.90106244204412,37.760842110032655,1.0040330597216112,1.0020145007541614,0.5286028680538125,0.5311409085880247,0.519160561145933,0.2785300958116142,0.5356097371022137,0.9756747071349596,53.56097371022137,0.6152483397469789,37.36708655301261,60.28571952764468,13.831680297851562,179.97195434570312,149.2422752380371,0.013924172042852248,0.11800072899288482,0.06836201168665665,0.03299342840909958,1.1297647953033447,0.25111033916473374,0.4633655214309687,0.9185041748305348,0.9181654391268964,0.9199362655327084,20.40159488546767,19.584956162875127,0.004124976155832089,0.06422597726646197,0.9650589558466468,0.8730844364833014,-0.015642359835560882,0.06830091967308993,0.2968039323959222,0.2854747364819961,29.680393239592217,168.38540768623352,298,0.31960198283195496,0.3317539953515049,0.008437716070982204,3951.68017578125,0.16841285228729247,24392.437656671453,9620438,36.7122745513916,300
CNN_BiGRU_Small,0.6948502142052785,0.48738983273506165,0.6981331053137801,0.5283651947975159,0.004786058778186517,0.06918134703940447,0.049942442817925176,0.03495517000555991,0.3802832067012787,0.14707530289888376,0.21567643135786074,0.8419622610212534,0.8418687735982372,0.8419988589686642,61.325505707660135,31.507905264790658,0.0032130667300202067,0.05668391950121486,0.9182382353866109,0.8901916340622767,0.001052778420910542,0.14122886385514957,0.2372487092345517,0.3975396068050913,23.724870923455168,15398.398868581495,124.09028514989195,85.77153435923778,49.36213684082031,358.47296142578125,282.6084442138672,338.1672876358033,-0.4592258401583065,-0.4600890470370973,-0.4592258401065725,343.15405954691005,55.65675162288741,1.4198673160141295,1.1915818545169818,0.2660748382716285,0.2696950420745123,0.0007388606042586892,0.3448484971164896,0.6631391568025831,1.2079842052602785,66.3139156802583,0.31678745845229905,60.92496085898076,80.33450322550681,44.57134246826172,179.9809112548828,163.2817850112915,0.012677467949300265,0.11259426250613423,0.06145952408634554,0.02673638612031938,1.4548380374908447,0.2291573747992515,0.44874213814735403,0.9258009231422827,0.9254925162213582,0.9268359113909329,17.591735611949264,16.850432847785687,0.003811514331922901,0.06173746295340375,0.9646201489384314,0.8662671234720287,-0.013297950713818155,0.06517156075828975,0.28320519849546383,0.272395074951287,28.320519849546383,258.9740295410156,960,0.6655248403549194,0.6226627496986781,-0.04256899963463823,453.60009765625,0.0865586280822754,47459.162546976586,49046,0.19536590576171875,1000
CNN_BiGRU_Medium,0.738855402686358,0.41970697045326233,0.6478479531906096,0.4787057042121887,0.00414312107923559,0.06436708071083844,0.04602111942786555,0.031529128551483196,0.4000585973262787,0.13572895154356962,0.20509931743144996,0.8631923430063524,0.8631114142650033,0.8633236911865154,60.047013281422345,29.748785208538482,0.002814983312203658,0.053056416315123076,0.9307836469236543,0.901851018115939,0.001994438458981337,0.1314008770787109,0.2207387897079329,0.3698751911032255,22.07387897079329,14108.845519963972,118.78066138881351,76.66670093929199,34.79144287109375,358.8945428133011,287.5370693206787,340.9932800292969,-0.3370216042097993,-0.3378125210193048,-0.33695066506108584,296.3705109439206,50.804861041408,1.3429226695844314,1.1588454036602256,0.33676875787339833,0.340216029475217,0.8652059810700151,0.3300929844504484,0.6347644986284368,1.156296503587985,63.47644986284368,0.43570419943658756,52.28197366116903,73.00920284347522,31.983108520507812,179.99493408203125,158.91130828857422,0.014066754191674021,0.11860334814698116,0.06575531589852132,0.029682207852602047,1.5036661624908447,0.25651042759418485,0.44733763813972455,0.9176696656161338,0.9173274612922889,0.9197453487918582,18.58728785736559,17.728607499047364,0.004076435728719431,0.06384697117890112,0.9636985393548478,0.853147366406428,-0.0188320475551567,0.06864972635241037,0.2983196834950843,0.28693263039233824,29.831968349508433,223.50759315490723,928,0.5375348329544067,0.5281983899846712,-0.0049160292267295125,872.205078125,0.08729016780853271,47061.428602253625,173398,0.6701259613037109,1000
CNN_BiGRU_Large,0.7552231413141978,0.39535221457481384,0.6287703989333577,0.45959484577178955,0.0038862448138793733,0.062339753078428,0.043978546116405746,0.029605612158775347,0.3733251988887787,0.13151824800297618,0.20103357136249542,0.8716745088249643,0.8715985977194602,0.8718135998791572,58.27158720101131,28.886921495293162,0.002653374437242093,0.0515109157096056,0.9352390047439944,0.9090218952009917,0.0020523820585294436,0.12726223002368325,0.2137863251409889,0.35822547532948534,21.37863251409889,13378.743987812384,115.66652060044161,73.04570528661884,31.171463012695312,358.97637939453125,286.5227789878845,342.2581130981445,-0.26783369508058774,-0.26858368369553554,-0.26778307697927706,327.9357810752618,48.3779120493162,1.2990317668099864,1.1397507476680973,0.37037832828622086,0.37370041199891285,0.7308520207518152,0.3214387471797224,0.6181225133668914,1.125981214355101,61.81225133668914,0.469632116999098,49.79880603099788,70.78036631572935,28.823562622070312,179.9890289306641,157.62786102294922,0.012923182379557344,0.11368017584239279,0.0636994040035212,0.028172448277473477,1.0711710453033447,0.24760738909244537,0.44648926258087124,0.9243627981185313,0.9240484136608332,0.9266149647092563,18.278073933425674,17.34724279101824,0.0037251483935104076,0.06103399375356661,0.9683379283275635,0.8733372682603122,-0.019616307711596878,0.06580010670190171,0.2859365659301697,0.27502218434422465,28.593656593016966,119.02700304985046,499,0.49758467078208923,0.48570090117996245,-0.010342976069718124,1312.32470703125,0.08681418895721435,47319.45375916135,652502,2.4984664916992188,500
CNN_BiGRU_XL,0.7660078926378077,0.3707627058029175,0.6089028705819324,0.44013214111328125,0.003532567798559366,0.05943540862616632,0.041624115316018756,0.0278766602277756,0.3835791051387787,0.12485694373026499,0.1994396314024925,0.883353077438596,0.8832840748050257,0.8834279323417334,55.824005873582195,27.917983797137207,0.0024160701290897057,0.049153536282649145,0.9415306850638261,0.9137294014677412,0.0015056316533793032,0.12133321469237879,0.20382624193996157,0.3415361218984077,20.382624193996158,12559.799332133409,112.07051053748889,68.90018697559682,26.816360473632812,359.35137939453125,282.88785004615784,340.2143874883652,-0.19022658713220197,-0.19093066716495466,-0.19016500472808318,319.2690388334069,46.33202509172571,1.2454656341329646,1.1160043163594684,0.4126491452059815,0.41572888703664723,0.8061295596377215,0.31144538900243157,0.5989054160887315,1.0909750625620191,59.89054160887314,0.5122408123840112,46.81012799405183,67.8776701042192,25.236892700195312,179.9652709960937,155.08946228027344,0.016670601396524938,0.12911468311747096,0.07316123774073865,0.03505836799740795,1.3175089359283447,0.262800133228302,0.5448018825054167,0.9024297880908154,0.9020242395327577,0.9045584081788902,22.038883704765823,20.900082373503125,0.005077757873382231,0.07125838809138353,0.9564595459015873,0.8569619935566704,-0.019070675998323995,0.07473387389627559,0.3247585502766638,0.3123623087204739,32.47585502766638,79.67151117324829,295,0.4472961127758026,0.4592856661017209,0.014934419958004985,1903.85986328125,0.08667147159576416,47397.37221908169,1835222,7.012434005737305,300
CNN_BiGRU_XXL,0.8107347298419839,0.29093435406684875,0.5393833090362073,0.36222410202026367,0.0028650039027070407,0.053525731220666575,0.03554323593741144,0.020848713815212243,0.3992696404457092,0.11624158034101134,0.1831973511725665,0.9053963271381578,0.9053403642166374,0.9055739233697677,51.30667300301223,25.246128602785,0.0020057013745066743,0.044785057491385165,0.9534641541009763,0.9297361940518875,0.0023191320792277184,0.10926902309382847,0.18355974820359622,0.30757710067858146,18.35597482035962,10082.609216616063,100.41219655308842,54.84084754181687,13.445350646972642,359.27455246448517,265.7413558959961,344.31019792556765,0.044523782591182615,0.043958569434527583,0.04452987453714374,247.40130226816476,37.55557506111028,1.0061664842864384,1.003078503551162,0.5257316537639115,0.5285769119076273,0.25354470654965716,0.2790467846187253,0.5366033229311848,0.9774846379400636,53.660332293118486,0.6164057673269506,36.8986966807319,60.194974097722444,12.947174072265625,179.97134399414062,148.9138298034668,0.015308473047026443,0.12372741429055423,0.07032756425690599,0.03220234811306,1.1781046390533447,0.2646622300148008,0.49452901721000664,0.9104020950608435,0.9100296832310231,0.9136889427674425,20.524245655600605,20.119554825926297,0.004444008226733642,0.06666339495355485,0.9624731544260605,0.874620486078496,-0.023697732918747938,0.07161562692826942,0.31120810371290347,0.2993290913679399,31.120810371290347,107.02739024162292,300,0.31026479601860046,0.338507769207332,0.028242973188731535,3814.46875,0.08666601181030273,47400.35815876377,7257046,27.696613311767578,300
ResNet_Small,0.7503992003748551,0.411051869392395,0.6411332696034382,0.4683464467525482,0.0039421638161867435,0.06278665316917875,0.043604334096048206,0.028507471084594758,0.3978047966957092,0.13839334249496466,0.20494360774755482,0.8698280390885536,0.8697510357015574,0.8698280400269549,51.96156637781766,28.83312814306119,0.002659936178199382,0.05157456910338061,0.9326721418867245,0.9075660237013865,5.3309292168396944e-06,0.12817454518917926,0.21531891266963343,0.3607935156172383,21.531891266963342,14263.346583685836,119.42925346700379,77.73636214082264,37.115203857421875,358.28546142578125,289.94079971313477,339.7686172962189,-0.35166286311204087,-0.3524624409766419,-0.3511013220418555,352.0118483790088,51.65542729351601,1.3869249320385348,1.1776777708857948,0.3295009121492715,0.3341133522264732,-2.4342618308275292,0.33189543017079953,0.6382305782117047,1.162610365991995,63.82305782117047,0.434263977239043,52.9602551109395,73.10231222695973,33.88386535644531,179.99899291992188,158.99744415283203,0.009037406957491891,0.09506527734926086,0.0559401834136947,0.0261188298463821,0.9303637742996216,0.20446085631847374,0.34299124121665875,0.9471055847969687,0.94688573025945,0.9471387601881079,17.26455873723752,16.680210173024385,0.002883825893079889,0.05370126528378907,0.973220864017532,0.8912185423910224,0.002380811631091932,0.055025472531812905,0.23911503252891733,0.2299878588165716,23.911503252891734,207.91519618034363,979,0.5307285189628601,0.47322635695040305,-0.05473622207266621,48.84423828125,0.08552234172821045,48034.231956079995,58198,0.2350902557373047,1000
ResNet_Medium,0.8059696845394781,0.31776174902915955,0.5637036003336856,0.38566020131111145,0.0030402908744402764,0.05513883272649391,0.03657704780101341,0.02213331684470176,0.3970723748207092,0.11946364119648942,0.19826009646058093,0.899608275221326,0.8995488883704235,0.8996099675212239,45.80535689438274,25.750150443459034,0.002085399922089538,0.04566617919302575,0.9484885308291428,0.9243465898280635,-0.0002263848053695059,0.11256205658768724,0.18909167648339487,0.3168465319025506,18.909167648339487,11554.586725834863,107.49226356270884,62.78975611271114,20.68783473968506,359.22637939453125,278.61302185058594,342.83740758895874,-0.09496783831795952,-0.09561556791818937,-0.0944328166610926,281.98547950951354,43.006329505888715,1.144616985610124,1.0698677421112033,0.4596990813087296,0.46269281830849635,-2.376086286051615,0.29872238182444066,0.5744392394269378,1.0464071092638656,57.44392394269378,0.5658713003126926,42.08474848719436,64.03736394206763,19.777313232421875,179.9842529296875,152.86262893676758,0.008127779919320935,0.09015420078577002,0.054194914482664516,0.0298854932188988,0.8986254930496216,0.19085648059844976,0.32257806301116915,0.9524294780844157,0.952231752198703,0.9524296872410445,18.365154288167517,18.09673021208154,0.0026935604539664267,0.051899522675708944,0.9759263963738766,0.8612421194378568,0.00018903961588342076,0.052182854111280874,0.2267623390431896,0.21810667554108532,22.67623390431896,210.11016535758972,946,0.36309725046157837,0.298144313852765,-0.0670679748183482,83.623046875,0.08512647151947021,48257.60925683868,242390,0.9464759826660156,1000
ResNet_Large,0.8172091123323231,0.3002108931541443,0.547915041912653,0.3651222586631775,0.002839679679846077,0.05328864494285886,0.03438242688863933,0.019580051302909796,0.3948751091957092,0.11552959680557257,0.19349727034568814,0.9062325439728907,0.9061770757164893,0.9062336994895717,44.34618084548849,24.836872948452562,0.0019610864010289625,0.04428415519154636,0.9519682218745233,0.930975885563689,0.00018706680112919863,0.10878502809975357,0.1827466906990196,0.3062147220940061,18.27466906990196,11113.78355154561,105.42193107482717,59.758504743056264,17.51447296142581,359.3945428133011,275.5973815917969,345.8748214244843,-0.053195223656111956,-0.05381824261366486,-0.05315367370237012,277.58731505764683,40.65674090541689,1.1262853050079251,1.0612658974111648,0.47707665848349784,0.48120307175119403,-0.6621582570752239,0.29296890123476327,0.5633753713839522,1.026253001776907,56.33753713839523,0.5906704873551178,39.627246586431795,62.18143304203273,16.607345581054688,179.9971160888672,151.19951248168948,0.007735691440807562,0.08795277960819409,0.051737195482076725,0.02722880989313127,0.9245043992996216,0.18921163082122786,0.32147186934947924,0.9547243056689607,0.9545361181864112,0.9547435678182778,16.742308879982144,16.32380256512459,0.002479559382015973,0.049795174284422115,0.9771115555019899,0.8866364773732515,0.001814134080713858,0.05090863239841909,0.22122516594315225,0.21278085987945267,22.122516594315222,105.14546847343445,497,0.33227428793907166,0.242133306228562,-0.08839962652800615,155.7578125,0.08532960414886474,48142.72890371371,951702,3.6590709686279297,500
ResNet_XL,0.7905071246686649,0.3500875234603882,0.5916819445110593,0.4152083992958069,0.0032946077029620212,0.05739867335541843,0.03804636508405689,0.02289207838475705,0.3836488425731659,0.12477762624621394,0.19887762218713773,0.8912106231183046,0.8911462686257515,0.8912108444251959,46.48784101694311,26.603219855302246,0.00224736269716874,0.04740635713877138,0.9440524365906338,0.9229924256596047,8.186647274139042e-05,0.1171753626040464,0.19684151506318953,0.3298323466273365,19.68415150631895,12736.417503105706,112.85573757282216,68.67846030243273,26.556589126586914,359.3945428133011,286.9873642921448,344.05603332519536,-0.20696376877841383,-0.20767774971199415,-0.2065503519828331,321.1848964660885,46.09997074260098,1.2496083531771425,1.1178588252445576,0.40355151110590504,0.4063859741863248,-2.088673635986127,0.31362754502457973,0.6031016736239649,1.0986190280431218,60.31016736239649,0.525683326289256,45.74507829323768,66.93578997662975,24.662548065185547,179.9861831665039,153.95849800109863,0.007752244297237954,0.08804683013736471,0.04942725866419982,0.02212826162576685,0.9371997117996216,0.19024974852800358,0.3257614707946775,0.9546274245984343,0.9544388344317285,0.9546458840310847,14.450242249872208,14.426602647229172,0.0024196188987170757,0.04918962185987076,0.9771482583849687,0.913489368701406,0.0017759313919339624,0.05096307051666564,0.22146172860797647,0.21300839279607214,22.146172860797645,63.11399221420288,295,0.420416921377182,0.32771652553556696,-0.0879138833821489,212.73779296875,0.08585331439971924,47849.05543510891,1399062,5.370771408081055,300
ResNet_XXL,0.8353046403582178,0.26733264327049255,0.5170422064691552,0.32731837034225464,0.002482513309216791,0.04982482623368386,0.030575030080410306,0.01567061245441434,0.4011572301387787,0.11026176065206533,0.18750536926090722,0.9180263326139246,0.917977840988009,0.9180329566646852,40.648852379421676,23.37798928825622,0.001738082140297203,0.0416903123075038,0.9581619546387895,0.9414096297431361,0.00044788904082603725,0.10171388534478001,0.17086796105667565,0.2863104388353232,17.086796105667567,9764.414857124404,98.81505379811522,53.037555543178044,12.16265869140625,359.35137939453125,261.90735054016113,346.15829620361336,0.07467740021893687,0.07413002447266781,0.07471723386044926,305.760103974916,36.62413151806946,0.9842227671555054,0.9920800205404328,0.5423576694256839,0.5458958520658609,-0.6483380822036003,0.27460830437776435,0.5280681833870462,0.9619369001036726,52.80681833870463,0.6294424944743491,35.63720831050505,59.16324748830247,11.745758056640625,179.99993896484375,147.78120040893555,0.007099966892230412,0.08426130127306611,0.04659994721626672,0.021321263164281894,0.9093676805496216,0.17729635536670635,0.3120784962177277,0.95844509398638,0.958272371883145,0.9584516638409902,13.6051395231059,13.548559266815854,0.002191173800889483,0.04680997544209442,0.9790092433368786,0.9303861312876468,0.001059485186787373,0.048771939113602766,0.21194009376121342,0.20385020484076047,21.19400937612134,65.44242405891418,299,0.2783602476119995,0.18250953409610038,-0.09547600154643218,394.36962890625,0.08574004173278808,47912.26965812228,2195222,8.408540725708008,300
TabNet_Small,0.7129733911684548,0.465371698141098,0.6821815727070748,0.5115770101547241,0.004914979919648434,0.07010691777313016,0.05031801780069392,0.03413706645369535,0.3710713982582092,0.15052071865648026,0.21309802643954798,0.837705228952182,0.8376092232764978,0.8378618086487327,64.57901196066733,31.53496425317114,0.003311067045636795,0.05754187210750789,0.9164909866457367,0.8898319365424067,0.00217759110403246,0.1431183515384004,0.24042283739595657,0.4028582518055426,24.042283739595657,14926.875233741906,122.17559180843736,81.66933407989615,41.86170959472658,358.6746826171875,284.12120246887207,338.74562119841585,-0.41454200789265494,-0.4153787819943382,-0.4145308500861915,340.45684095487053,53.38980704954357,1.394878468132749,1.1810497314392603,0.2937994532945395,0.296919122302313,-0.3431357270157704,0.3395275397148526,0.6529070252021599,1.189345201315688,65.290702520216,0.3709177941073277,56.712227107851035,77.08642373210517,37.71872568130493,179.98944091796875,161.5317268371582,0.011909253842767559,0.10912952782252638,0.06377230503822168,0.028469033539295197,0.8185464143753052,0.23572652339935293,0.4067786109447478,0.9302971504458547,0.9300074320002751,0.9307167837391016,17.729402475727902,17.19539027579085,0.0036168435842698155,0.06014019940330939,0.9662338938070851,0.8917901186591056,-0.008467437081880469,0.06316611072985868,0.27449044827671426,0.2640129723217124,27.44904482767143,209.7493541240692,962,0.6115589737892151,0.5941111023538013,-0.02039453066825836,53.3369140625,0.08592290878295898,47810.2994671281,19503,0.09125328063964844,1000
TabNet_Medium,0.7477738994037018,0.4118788242340088,0.641777862062886,0.4685884416103363,0.004190168167738553,0.0647315083073039,0.04529949088809818,0.02972343564033511,0.4022710621356964,0.14095596969127655,0.20370723605155946,0.8616388277159784,0.8615569799907078,0.861789579863701,58.39710205656695,29.490524240060118,0.002851032776965875,0.05339506322653692,0.9290126951898139,0.9043197150469137,0.0021366843260516148,0.13214483043621006,0.22198854821323685,0.37196931632060937,22.198854821323685,13668.908295635816,116.91410648692406,75.29738547376297,34.47414398193363,359.35137939453125,283.55966544151306,338.23336892128,-0.2953310511032017,-0.29609730581364624,-0.29532882662699134,336.68541206342996,49.780648596619564,1.2906514637315387,1.136068423877514,0.35419218456283175,0.35798993641393545,0.15321116308977292,0.3249058043909902,0.6247896191101123,1.1381261138833436,62.478961911011226,0.438027615386527,52.07374212436408,72.8587447726916,31.59917449951172,179.9877319335937,158.10423851013184,0.009626921623862967,0.09811687736502302,0.055471683177687116,0.0243337415158748,0.9005786180496216,0.20489418953657143,0.3617395937442779,0.9436552551085996,0.9434210593474373,0.9439256365593197,15.357479517464833,14.949102518760322,0.002855719320444349,0.05343893075693365,0.9725657422416608,0.8954457608585005,-0.006796815115214817,0.05679179287008419,0.24679063667567036,0.23737048024428062,24.679063667567036,211.43863201141357,931,0.5227111577987671,0.4832251365336648,-0.03831168967759879,82.21826171875,0.0853691577911377,48120.42318667993,36322,0.1625690460205078,1000
TabNet_Large,0.725312389577395,0.4443429410457611,0.6665905347706049,0.49391743540763855,0.00444303648444018,0.0666561061301977,0.046792542046610416,0.031040318310260745,0.3629492223262787,0.14568173885345462,0.21031788960099246,0.8532890061022061,0.853202219029471,0.8532897648683232,57.555212360098,30.04359483369447,0.0029850387256899224,0.05463550792012391,0.9242503026223232,0.9011959220914025,-0.00015158721522148642,0.13607376179614106,0.22858871384772658,0.3830287115841238,22.85887138477266,14414.736126976748,120.06138482866483,79.88858442839626,40.587623596191406,358.35137939453125,282.9967441558838,337.1084518432617,-0.36600925947345786,-0.3668173239668482,-0.36584167026392933,335.99660678946555,52.47277204161518,1.3301876301513094,1.1533376045856258,0.31448524605103045,0.3177966594125964,-1.3298404933930073,0.3336521313483792,0.6416086916365713,1.1687639879263296,64.16086916365713,0.37967465468404016,56.12431555456371,76.54801978103046,37.38886260986327,179.99273681640625,161.65814208984375,0.009743403232127905,0.09870867860592555,0.05553443158660247,0.0212167240679264,0.8317309617996216,0.2192694544792174,0.35724295616149876,0.9429735079459386,0.942736478516863,0.9429976371316673,14.843557800395965,14.101554369229577,0.002950871197148942,0.054321921883793305,0.9713239562060727,0.9197914234739695,0.002030431501523863,0.057134337948934986,0.24827917778042277,0.2388022027831012,24.827917778042277,106.71400380134583,489,0.5786755681037903,0.5298653244790834,-0.04788789230464108,111.6279296875,0.08581318855285644,47871.429430333854,57877,0.2528667449951172,500
TabNet_XL,0.7247950116289056,0.46094486117362976,0.6789292018860507,0.5067963600158691,0.0044804972758563655,0.06693651675921272,0.04716236846760384,0.03178274631500246,0.3922612965106964,0.14513722062110906,0.2135173410177231,0.8520520345040404,0.8519645156992025,0.8520601411484636,56.19576030780611,30.105053935996057,0.0030019292640239732,0.05478986461038185,0.9233465986484095,0.899209695699928,-0.0004954834721022473,0.1366462004120897,0.2295503467536538,0.38464004666175833,22.95503467536538,14837.448704026412,121.80906659204976,81.77155673649955,43.257413864135756,358.52736234664917,286.5076615214348,337.2846054077148,-0.40606752271596624,-0.4068992837252978,-0.4060670333210046,349.24564157241673,53.739069224330734,1.389417869164145,1.1787357079363232,0.3013480851861386,0.30407131880761434,-0.07186315394134717,0.3385089614282939,0.6509483124580595,1.185777180888537,65.09483124580595,0.3712852824328745,57.05321429602803,77.06390481578693,39.30123329162598,179.99172973632812,161.43685150146487,0.008363863986158895,0.09145416330686588,0.051318608319609924,0.02125725895166393,0.8615161180496216,0.1958455681800841,0.3348023837804786,0.9510477179498016,0.9508442488068056,0.9510668519000198,14.271251228932282,13.47304440458839,0.0025143170230868305,0.05014296583855836,0.9755147768515284,0.9195332502261004,0.0018080870240941523,0.05293529552828898,0.23003209840418332,0.2212516260961678,23.003209840418332,63.7220778465271,299,0.616127610206604,0.5756426223944086,-0.04450621559280399,302.5322265625,0.08676908016204835,47344.053807277596,100936,0.42889976501464844,300
TabNet_XXL,0.6851015954917797,0.5266069769859314,0.7256769095030732,0.5589021444320679,0.004896865433008537,0.06997760665390419,0.05016924235060353,0.034954026341438266,0.3809590935707092,0.15158587321639067,0.2190910652279854,0.8383033771664032,0.8382077253260465,0.8383090172770051,58.60397270135975,31.500640508076405,0.003270747272607343,0.05719044738946656,0.9157549948034873,0.8892384850237667,-0.0004132876430073899,0.14285437196538459,0.2399793812124775,0.40211518602708446,23.99793812124775,16242.293563211484,127.4452571232507,90.61173471585144,56.380920410156236,358.09796142578125,285.72635984420776,331.9378433227539,-0.5391973329924848,-0.54010784710832,-0.5388048720037903,360.53067332273315,58.032447627165865,1.4760481827060592,1.2149272335025088,0.21705476149500955,0.22185563950807766,2.0350485449639493,0.3541720073452169,0.6810681452227644,1.2406439186940323,68.10681452227644,0.26590270369106406,64.75617010700405,83.27238620350943,50.895511627197266,179.9935760498047,164.52263259887695,0.008355152361228435,0.0914065225310997,0.05221558809951457,0.023383840918540955,0.8571215867996216,0.2026557713747024,0.3336492329835891,0.9510987056178718,0.9508954484040586,0.9515691875983485,15.457297002283498,14.411098610915465,0.0025894155622601858,0.050886300339680675,0.9755018171034736,0.9118429923019175,0.00896578885255767,0.0529077202003521,0.22991226889371774,0.22113637055475102,22.991226889371774,69.20552802085876,299,0.7540908424508375,0.7921356603985285,0.036131637013356976,47.8017578125,0.07797935009002685,52680.61346058066,77487,0.3211383819580078,300
FiLM_Small,0.7964760867929913,0.33867955207824707,0.581961813247439,0.39707449078559875,0.0032323529149487842,0.05685378540562435,0.03727794005378142,0.021685287356376655,0.4109228551387787,0.1240140944719314,0.20266321180388353,0.8932663032497428,0.8932031647973537,0.8932663068608694,46.690768184644554,26.386050758812125,0.002214331766319692,0.04705668673333995,0.9451329427457646,0.9245234627276404,1.0457550499260478e-05,0.11606301210248783,0.19497289052350725,0.3267012346934999,19.497289052350727,11657.738756752693,107.97100887160725,64.1424425478736,22.974250793457045,359.35137939453125,278.39811143279076,341.28654174804694,-0.10474301755995397,-0.10539652967974367,-0.10468722382565132,300.0351811159844,43.49379316774954,1.1497819707056647,1.0722788679749613,0.44944989318524076,0.45333989080112647,-0.767307143993151,0.30005282119022797,0.5769976569540036,1.0510675608922357,57.69976569540036,0.5494044357319685,43.582974184536624,65.24055599051391,21.613197326660156,179.97254943847656,153.22566652297974,0.009096876195937525,0.09537754555416869,0.05392217577980086,0.026585120707750307,0.9494067430496216,0.20456556677818288,0.3633873879909507,0.9467575213972627,0.9465362201414567,0.9467898409956735,16.746803246262207,16.61005434627764,0.0028344455798150533,0.05323951145357227,0.9730914260980159,0.8981012572286698,-0.0023499032801711527,0.05520621892009289,0.23990047200857045,0.23074331756897595,23.990047200857045,226.11359405517578,984,0.4012529253959656,0.17570390846800096,-0.22375849268104042,255.720703125,0.08968143463134766,45806.5821191053,561686,2.153596878051758,1000
FiLM_Medium,0.8334938715357106,0.2814387381076813,0.5305080000411693,0.3336181640625,0.0026315683061352963,0.05129881388624201,0.031160818688060515,0.015324488282203633,0.4012551307678222,0.1132026165723801,0.1961888387799265,0.9131044718954882,0.9130530687366818,0.9131044834923746,40.75305165060984,23.363364128086047,0.0018311231830831082,0.04279162515122682,0.9555742590819998,0.9405270527374637,1.8740419711959886e-05,0.1047229276721683,0.17592281591224682,0.29478047442887373,17.59228159122468,9756.331774487853,98.77414527338544,53.5050928897395,12.882984161376953,359.3945428133011,261.45481061935425,342.16602690219884,0.07544339174520243,0.07489646912218295,0.0754573067016443,251.59957671517486,36.59184514283664,0.9671563313211086,0.9834410665215829,0.5390484105897452,0.5425128651545534,-0.383192898847844,0.27449461906182465,0.5278495680090368,0.9615386670617034,52.78495680090368,0.6289272297105681,36.14071865339754,59.204366810267885,12.411455154418945,179.99057006835935,146.9516716003418,0.007099143527480567,0.08425641534910304,0.04641530156487412,0.02126564458012581,0.9000903367996216,0.18243277519941312,0.3150928145647048,0.958449913001076,0.9582772109279754,0.9584595018666816,13.805542939306717,13.506810256451015,0.002228127377206306,0.0472030441519009,0.9790101985508854,0.9218774393457109,0.0012799724600955527,0.048769111053954504,0.21192780433335986,0.2038383845082275,21.192780433335983,324.73193287849426,976,0.3128521740436554,0.09871446687582257,-0.2169643239272033,717.76953125,0.08967013359069824,45812.355078571396,3251222,12.418237686157227,1000
FiLM_Large,0.8074084282350862,0.3279094099998474,0.5726337485687055,0.384592205286026,0.003084978023423278,0.05554257847294522,0.035680230156932946,0.019855659455060994,0.4261574745178222,0.12211127579212186,0.20107178539037712,0.898132686158595,0.8980724264211288,0.8981332707448729,44.314712254134335,25.486006678065472,0.0021165919156054033,0.046006433415397494,0.9477085737933202,0.9299849839893682,-0.0001330555267403689,0.11338627518847842,0.19047627162794958,0.31916659261489927,19.04762716279496,11447.400060720243,106.99252338701169,62.47821635177152,21.4488983154297,358.8945428133011,277.38585329055786,342.22755889892585,-0.0848103178646622,-0.08545203877090835,-0.08471200321671679,287.6941832888702,42.33672669075354,1.1348477418698288,1.0652923269552959,0.460504210858594,0.4643920108480327,-1.0185577109604251,0.2973335974540145,0.5717686252178409,1.0415422784816093,57.17686252178408,0.5688600463455464,41.99252800569731,63.81655158447163,20.18122863769534,179.972412109375,151.45107650756836,0.007648853714590128,0.08745772529965622,0.04812132677892196,0.022441506385803223,0.9010668992996216,0.18647003769874562,0.32732535421848263,0.9552325522011172,0.955046477234716,0.9552329211526203,14.577877958655627,14.277576536368928,0.002386259055582701,0.04884935061577279,0.9773712723388788,0.9145201653487917,0.00025107394795080454,0.05062208616391827,0.21997996969074227,0.21158319356433483,21.99799696907423,176.76504468917847,500,0.38982149958610535,0.16848792659221998,-0.22133357299388537,928.2421875,0.09072909355163575,45277.64842775658,4330518,16.540193557739258,500
FiLM_XL,0.7864319113448995,0.36084285378456116,0.6007019675217996,0.41604670882225037,0.003380711269741161,0.05814388419895218,0.03827341457677049,0.022455736994743375,0.3888281285762787,0.12665630131959915,0.20570391193032303,0.8883674459567953,0.8883014095792209,0.8883674642473907,47.1911989836497,26.798563856835628,0.002305066711863382,0.048011110296090655,0.942536106533908,0.9236574704429424,2.353545129333386e-05,0.11869665823167944,0.19939712171587975,0.3341145822067703,19.939712171587978,12380.840929324711,111.26922723432887,68.03267153734977,27.351158142089844,358.60137939453125,282.73265743255615,340.2233617305756,-0.17326763393709177,-0.17396168187977867,-0.17312909850115155,313.2334616092146,45.728761507032715,1.2005068481179237,1.0956764340433374,0.41463687057753007,0.41867962853468443,-1.209085365447206,0.30921861240565374,0.5946233537711562,1.0831747938061944,59.462335377115615,0.5160856065090056,46.33883599905119,67.60961570322094,25.543800354003892,179.9608154296875,154.95701599121094,0.007715466031800096,0.08783772556140156,0.04834108666662841,0.022191211581230164,0.9249926805496216,0.1880190104246135,0.31945024728775023,0.954842681568898,0.9546549861133163,0.9548464809599858,14.323011676391442,14.259134070493984,0.0023941484974518714,0.04893003676119477,0.9771625102837885,0.9185329298803694,-0.0008057011980581265,0.050842037070787556,0.2209357737180572,0.21250251394066388,22.09357737180572,129.84124970436096,300,0.4487011730670929,0.24565905479314015,-0.20304211827395274,1444.666015625,0.0900883436203003,45599.68398702263,9641494,36.799264907836914,300
FiLM_XXL,0.7888834379423368,0.35961300134658813,0.5996774144042679,0.41148996353149414,0.0034094343170442353,0.0583903615080797,0.0380623218933003,0.02169933915138242,0.4035986363887787,0.12776044011116022,0.20675086081028002,0.8874189984632028,0.8873524010303221,0.8874191389761807,46.59479522823721,26.405902196263646,0.0023248595926447526,0.04821679782653295,0.9420296017212418,0.9239070301023432,6.52329214922863e-05,0.11919982435699826,0.20024238457861068,0.33553092485909136,20.02423845786107,12104.262845358051,110.01937486351234,66.65784795885696,25.565948486328153,359.3945428133011,279.3210916519165,341.00511884689337,-0.14705777339314263,-0.1477363168599004,-0.1470571323323211,330.53074977001125,44.8374253027283,1.2091238235977957,1.099601665876237,0.4289780282125531,0.43287871879755374,-0.08224815120957975,0.3057452566052949,0.5879441359233624,1.0710078306871256,58.79441359233624,0.5249066410203008,45.500830489832744,66.99057065370717,23.95102977752687,179.989013671875,154.8252592086792,0.007803971445553364,0.08834008968499729,0.04879451827386425,0.021921258419752135,0.9210864305496216,0.19188237339258182,0.3235608577728267,0.9543246743435068,0.9541348258016582,0.954329007532192,14.081974407462441,14.142139205875685,0.0024224935258411037,0.049218833040220525,0.9769618741343009,0.9293682516357982,-0.0008604404323361363,0.0511328143561925,0.22219935614377964,0.21371786461710038,22.219935614377963,122.02980065345764,205,0.44049426913261414,0.29935735492303023,-0.19720821950613332,3161.3935546875,0.08396687507629394,48924.05482837596,21305366,81.29875373840332,300
XGBoost,0.8767428735272835,0.21712054312229156,0.46596195458673617,0.25904637575149536,0.0019956456356155093,0.04467264974920907,0.022641306207578458,0.007304806262254757,0.441358596086502,0.10104425251483923,0.19211123101413252,0.9341029145958417,0.9340639330921925,0.934109446118481,32.786222471387184,18.267457856804857,0.0014203612238315164,0.037687680000651626,0.966501946224277,0.9588629181102369,0.00044474986854909845,0.0911960787043695,0.15319922124456956,0.2567042761703793,15.319922124456953,7139.147164276171,84.49347409283259,39.65827657436023,6.299980163574219,359.575382232666,230.41240692138672,340.1466175556183,0.32346030858698216,0.32306010068267355,0.3235385273826009,297.2585941041155,27.76750546269577,0.7558881469885893,0.8694182807996329,0.6614526915012076,0.6650798519345466,0.9085149726484419,0.23480845033008402,0.45153358377378733,0.8225203288752307,45.15335837737873,0.7281560603312124,26.960202607772246,50.673864430340195,6.183555603027344,179.99547576904297,136.31538200378418,0.00547262591143427,0.07397719859141917,0.031957454561367414,0.005970478057861384,0.8978714942932129,0.15043266117572784,0.3272595697641372,0.9679696456547966,0.9678365121526282,0.9679731907862968,6.114195188018439,5.987633508990813,0.0015668379721313914,0.039583304209368265,0.9838633289246432,0.9896452378377897,-0.000778275186480689,0.04281931765809184,0.18607277799861072,0.17897026106368455,18.607277799861073,25.848674535751343,0,0.0,0.0,0.0,0.0,0.04748549461364746,86510.62884410494,0,189.99074172973633,0
ExtraTrees,0.8882964132741256,0.19605457774961252,0.442780507418306,0.2325144723437188,0.0018623926094944352,0.043155447043153605,0.020916832803303042,0.003308587374810684,0.4323663832922907,0.09892127543553159,0.17954977127945626,0.9385029873772774,0.9384666087422093,0.9385033092642323,32.255467695321336,17.408026211765076,0.001306131444005408,0.036140440561861005,0.9689013055331172,0.9625795464468364,9.873253737783664e-05,0.08809881587871035,0.14799616581036695,0.24798591214567522,14.799616581036696,6387.0163431025585,79.91881094650094,34.959847316872604,2.012271006891993,359.38050493328035,219.52156721952545,326.09263632247524,0.39473581838530225,0.39437777359834936,0.39477320183051334,217.37019584041465,23.935563780268108,0.6267678402173715,0.7916867058485771,0.6984283631786677,0.7008653114273248,0.6280817699411088,0.22209540265740702,0.4270865591106575,0.777987263144261,42.708655911065755,0.7560710588971107,23.61856632054072,48.00161647718832,2.0058088950230086,179.99615092544173,131.10299310409619,0.005071871488350134,0.07121707301167421,0.029884884398513865,0.001344104665064419,0.954138300804391,0.14597736607657283,0.29193226957824314,0.9703151935479886,0.9701918092668922,0.9703152188319163,4.556815749351532,4.434467582061615,0.001412174775176679,0.0375789139701599,0.9850913130240009,0.9939819586282127,6.572631437879906e-05,0.04122170790500999,0.17913031134635574,0.17229279280344675,17.913031134635574,0.49376678466796875,0,0.0,0.0,0.0,0.0,0.04062671661376953,101115.72734400308,0,308.92766666412354,0
DecisionTree,0.8704058044149471,0.246041338421428,0.49602554210587585,0.2095153967606842,0.0024670523670118627,0.04966943091089189,0.019784878063310068,5.637582400908059e-09,0.41991105640233706,0.11529916668310135,0.22419764553317492,0.9185368596387252,0.9184886700157124,0.9185369682820189,28.138104114523905,15.221707275574618,0.0017251094069799502,0.04153443639896839,0.9586370821394604,0.955007161506269,-5.736012274023129e-05,0.10139665670114269,0.1703350523850292,0.2854174843300158,17.03350523850292,5849.372325166311,76.48118935507156,32.297685882520284,1.6899921888580138e-06,359.6148563881553,207.4449936690448,309.26110482108277,0.4456855340326785,0.44535762861401873,0.4457890677706612,159.501146656883,21.045075445673696,0.5195285055258514,0.7207832583556942,0.7225936134564267,0.7236834168778142,1.0452434958282641,0.21254220807793073,0.4087158906832845,0.744522978804094,40.871589068328454,0.7328203959825796,23.05993268961454,50.237248886859284,1.6899921888580138e-06,179.9992458344047,139.3864471555167,0.0068581926725771285,0.08281420574138913,0.03094259132943515,1.3052831510096397e-08,0.8209584030266728,0.18180369069627267,0.3766417542860696,0.9598601576235363,0.9596933172029006,0.9598606837330659,4.27674187991482,4.137925363366743,0.0018822156079082416,0.04338450884714775,0.9797349654721765,0.9919493596949098,-0.0002998161988760069,0.04793433449444557,0.2083002548549623,0.20034930091333925,20.830025485496233,0.14217519760131836,0,0.0,0.0,0.0,0.0,0.00034854412078857424,11786169.253710924,0,1.3917474746704102,0
RandomForest,0.8903924979136798,0.19279341968069713,0.43908247480478785,0.22345579968297377,0.0018433495216735425,0.042934246490110226,0.020317143249191812,0.002700218318469866,0.4054283612666394,0.0987612587474575,0.17751330095895082,0.9391317984056969,0.9390957917445826,0.9391319200033161,30.197290557726163,16.57965066197894,0.0012908065144300795,0.035927795847088634,0.9691606869174372,0.9629883872739691,6.0683573308546295e-05,0.08764725047665692,0.1472375863964446,0.2467148183516812,14.72375863964446,6101.535960028681,78.11232911665533,33.52948700081028,1.7511225292379144,359.4198791049973,213.57410135382696,326.3270388558788,0.42178930332195197,0.42144726205799743,0.4218462832628156,224.15524333517908,22.924925941472686,0.6098879841070454,0.7809532534710675,0.7119832120838657,0.7145721045895969,0.7754209382346107,0.2170751664371581,0.41743271041512126,0.7604016679874183,41.74327104151212,0.7615313097911048,22.837936002408217,47.461327421427455,1.7444568638011226,179.98826814926338,130.5921496790246,0.005037838044065576,0.07097772921181388,0.028667833807452327,0.001325731746475843,0.8906755030624555,0.1469482137472694,0.29288821199336207,0.9705143855442375,0.9703918292005339,0.9705145155646916,4.441727310083802,4.335594102647631,0.0013993921466037486,0.037408450203179344,0.9851643421028589,0.9934702935111178,0.0001490468660964959,0.04108317145876906,0.17852829658255362,0.17171375732818414,17.852829658255363,1.1833207607269287,0,0.0,0.0,0.0,0.0,0.07247750759124756,56679.653267989655,0,201.49694156646729,0
BaggingRegressor,0.9073225351612534,0.16600590405894303,0.40743822115621775,0.18292306440135458,0.0015710027934657022,0.03963587760433345,0.01667842485844379,0.0003334066792557988,0.3868106168922336,0.09155059024947931,0.17532390601910314,0.9481248056249971,0.9480941187886002,0.9481248591713785,25.626614484958075,14.177303667299256,0.0011089320987875452,0.0333006321079277,0.9737298570538084,0.9692253361351207,4.0269262274134e-05,0.08091386192254126,0.1359262460681878,0.22776126618677478,13.592624606818779,5055.600995363808,71.10274956261402,27.654533864611633,0.30327736295502206,358.75966549775893,190.1884307904503,320.22142178783776,0.5209070973594985,0.5206236893511162,0.5209133344905432,170.29322645657217,18.92726537864541,0.4956581089780032,0.7040299063093863,0.7613724987800502,0.7637918128350936,0.25654819366476134,0.19759545477633175,0.379973479264248,0.6921653723211684,37.9973479264248,0.8011686619479099,18.82831660260739,43.337775451011325,0.30327736295502206,179.94831897252135,121.8383841083444,0.00466882817809788,0.06832882391859149,0.02590877333086331,0.00019010913908340532,0.8920852862749825,0.1414259806663557,0.2831463671442888,0.972674137910853,0.9725605585329764,0.9726754552577802,3.523962549967975,3.4451182114627574,0.0012854312160067184,0.035852910844263654,0.9862669880128611,0.9963659808402887,-0.00047442448080019077,0.03954993798472066,0.17186557920544163,0.16530536013434968,17.186557920544164,4.001577615737915,0,0.0,0.0,0.0,0.0,0.24273233413696288,16923.99166598893,100,208.88961791992188,0
AdaBoost,0.7792191094670202,0.39182033153251516,0.6259555347886263,0.44246802813585334,0.003147342885218508,0.05610118434773465,0.03661596068237782,0.022032837199135145,0.4443798748707074,0.11797009883424821,0.1994138338179201,0.896073371343081,0.8960118934153487,0.8960880423348699,45.70985246797429,24.854282129680907,0.0021259688805726827,0.046108230074170954,0.9469000012968469,0.9216173318928607,0.0006665586169504805,0.11452662987099693,0.19239194006223354,0.3223765324227541,19.239194006223354,13188.725534539322,114.84217663619634,74.41949110230402,37.42570446129595,358.7202052487674,288.1931223856318,335.8085921008646,-0.24982663866586408,-0.2505659751839697,-0.249803300282867,312.42053522220846,49.67926264472931,1.266259021442846,1.125281752026063,0.3688544162009854,0.37538348309223785,-0.4962630130660083,0.31914788470943595,0.6137172147514148,1.1179564565160236,61.371721475141484,0.48079515741914813,51.40751480035883,70.03152194432917,34.77082425344793,179.98062864482057,154.39208858369082,0.006699527229773107,0.08185063976398173,0.03938016449309058,0.011662877828634788,0.9457286535605756,0.17108766319246374,0.32423130158064223,0.9607887996388315,0.960625819099433,0.9607888000692436,8.923753099133883,8.666868097923981,0.001873734464533601,0.0432866545777518,0.9802151587848029,0.9611271494260258,8.575495988501713e-06,0.04737660537713992,0.2058766243091317,0.19801818189542214,20.58766243091317,106.11131262779236,0,0.0,0.0,0.0,0.0,0.250213098526001,16418.005389006907,0,73.23139476776123,0
Baseline_Mean,0.013892767069076458,1.000344157218933,1.0001720638064897,0.8919325470924377,0.026692414214911482,0.16337813260932896,0.14381056954972274,0.1313098669052124,0.35804176237434154,0.29157318919897085,0.34296595398336654,0.1186048926864286,0.1180835023035095,0.11862509709030544,189.02067910317973,60.80402468658832,0.01711651917894185,0.1308301157185984,0.344581633728119,0.33506053489834725,-0.0007822248898290824,0.33352498953293175,0.5602847116671058,0.9388264521803651,56.02847116671058,26279.65389713342,162.11000554294426,131.15807479657445,114.01095581054688,349.8200988769531,311.26192569732666,332.10028076171875,-1.4903855501079546,-1.4918587408084845,-1.4893232394708584,413.1762780200431,86.69217040305769,2.543055790678788,1.5946961436834253,0.033916487959901244,0.01701441709098617,-3.3481298422894037,0.4505057886804188,0.8663167487701089,1.5780955453038812,86.6316748770109,-0.07683896826919212,86.41412374642695,100.85549820946959,83.44124603271484,179.96786499023438,171.85972595214844,0.1708724599640093,0.4133672216855242,0.3489278260547715,0.2881746664643288,1.3769930005073547,0.9209602415561673,1.153185784816742,-8.762321000710394e-05,-0.004244466631662336,0.0,168.90563499218857,91.55970744487152,0.06972531088769843,0.26405550720956084,,,0.003869248199536908,0.23926429645645458,1.0397310081638425,1.0000438106453173,103.97310081638426,0.0013642311096191406,0,0.0,0.0,0.0,0.0,6.694793701171875e-05,61361114.074074075,0,0.00047206878662109375,0
Baseline_Linear,0.4671377838097471,0.7668991684913635,0.875727793604476,0.7363375425338745,0.012309255807119446,0.11094708561796225,0.08667483929341958,0.06999576091766355,0.5307188779115677,0.20986304059624672,0.26368619692511863,0.5935430285281063,0.5933025883960503,0.5935553313198185,105.73445400729314,47.04288664278861,0.007986035426599702,0.089364620665002,0.7704254935416192,0.7931454959898508,-0.0006103942668477784,0.22649068745279083,0.38047904504091634,0.6375397803054282,38.04790450409163,20352.171116428173,142.66103573305563,115.00714616811361,96.79742431640622,357.00328254699707,284.3895435333252,332.40785179138186,-0.9286689642136376,-0.9298098707621669,-0.9150428249917868,362.0521581298999,69.05610370786735,1.5583431721061325,1.24833616149903,0.0530871428358048,0.057202184451859706,11.99120803780689,0.3964568516399198,0.7623813486311748,1.3887652660596166,76.23813486311748,-0.09516038314707065,87.20915913577987,101.70986080409328,84.79937744140625,179.99871826171875,169.3657455444336,0.016567930063300894,0.12871647160834115,0.07464409794793542,0.032237533479928915,1.016715869307518,0.3048196673393249,0.45698459267616215,0.9030307060482057,0.9026276551931494,0.9030704301019087,20.548223780378304,20.12469186536799,0.005146955028599383,0.07174228201416082,0.9503175526741336,0.8644970935476134,0.0026052163180667804,0.07450338199567373,0.32375694000828853,0.3113989305566001,32.37569400082885,0.01869511604309082,0,0.0,0.0,0.0,0.0,0.02027130126953125,202651.02596913814,0,0.0021047592163085938,0
Baseline_kNN5,0.8745254034374326,0.22232115268707275,0.47150944071892426,0.21954908967018127,0.0020795483656866577,0.045602065366457445,0.01991705400463118,8.326672684688674e-17,0.4504528492689132,0.10544192045927044,0.19554181946441535,0.9313324100180411,0.9312917896189287,0.9313326153784027,29.753741562760343,16.21567010306295,0.0014682494874232145,0.03831774376738816,0.9650746189974451,0.9597800928638944,7.886184264293143e-05,0.09309341544744357,0.15638653494936075,0.262045015182428,15.638653494936078,6506.501237494817,80.66288636972283,35.79423160662742,1.52587890625e-05,358.46687507629395,218.72904014587402,320.2905312538147,0.3834128589728454,0.38304811607502853,0.3835778822854561,167.3350161483131,23.7511868601211,0.5970810130406214,0.7727101740242724,0.6914080594432059,0.6936650703318057,1.3196208752880385,0.22416319782065802,0.4310629022075959,0.7852306291957507,43.10629022075959,0.7241381932560937,24.958931914527973,51.04697198011863,1.52587890625e-05,179.9990692138672,137.74114418029785,0.005449395890887346,0.07382002364458674,0.029649093954804882,1.4901161193847656e-08,0.989062637090683,0.1644039422273635,0.3189746105670927,0.9681056070381628,0.9679730386566588,0.9681057523087152,4.2752303378531575,4.157986680981949,0.0015513173259151668,0.03938676587275435,0.9839246448148928,0.9934262341277739,0.00015754542769658397,0.04272834200472218,0.185677440252038,0.178590013611728,18.5677440252038,0.0006821155548095703,0,0.0,0.0,0.0,0.0,0.04446644783020019,92384.26275215035,0,4.8891754150390625,0
